imagen,split,fuente,brillo,contraste,nitidez,ruido,calidad
0001001.jpg,val,Handrise-Read-write+BowTurnHead,99.28,85.13,455.04,0.58,apta
0001002.jpg,val,Handrise-Read-write+BowTurnHead,91.37,86.04,425.57,0.55,apta
0001003.jpg,val,Handrise-Read-write+BowTurnHead,87.43,83.16,343.29,0.4,apta
0001004.jpg,val,Handrise-Read-write+BowTurnHead,124.82,68.73,805.17,1.47,apta
0001005.jpg,val,Handrise-Read-write+BowTurnHead,126.96,69.66,1259.72,1.44,apta
0001006.jpg,val,Handrise-Read-write+BowTurnHead,126.08,69.08,1475.42,1.53,apta
0001007.jpg,val,Handrise-Read-write+BowTurnHead,124.67,67.79,1493.55,1.41,apta
0001008.jpg,val,Handrise-Read-write+BowTurnHead,91.74,81.64,1510.94,1.41,apta
0001009.jpg,val,Handrise-Read-write+BowTurnHead,118.76,77.41,1321.93,1.1,apta
0001010.jpg,val,Handrise-Read-write+BowTurnHead,89.83,69.53,1382.82,1.63,apta
0001011.jpg,val,Handrise-Read-write,75.16,83.6,93.39,0.33,no apta
0001014.jpg,val,Handrise-Read-write,99.27,76.75,758.05,0.38,apta
0001020.jpg,val,Handrise-Read-write+BowTurnHead,114.74,63.35,1204.55,1.09,apta
0001021.jpg,val,Handrise-Read-write,133.63,52.6,156.39,0.18,apta
0001022.jpg,val,Handrise-Read-write+BowTurnHead,121.96,66.4,350.68,0.49,apta
0001023.jpg,val,Handrise-Read-write,124.17,73.0,564.39,0.59,apta
0001024.jpg,val,Handrise-Read-write+BowTurnHead,114.4,63.49,936.46,1.02,apta
0001025.jpg,val,Handrise-Read-write+BowTurnHead,115.12,63.25,1076.58,1.04,apta
0001026.jpg,val,Handrise-Read-write+BowTurnHead,114.93,63.85,975.51,0.99,apta
0001027.jpg,val,Handrise-Read-write+BowTurnHead,113.49,63.14,1056.66,1.02,apta
0001028.jpg,val,Handrise-Read-write+BowTurnHead,120.59,62.72,334.86,0.39,apta
0001029.jpg,val,Handrise-Read-write+BowTurnHead,124.45,69.32,371.79,0.42,apta
0001030.jpg,val,Handrise-Read-write,114.69,61.28,1020.91,0.98,apta
0001031.jpg,val,Handrise-Read-write+BowTurnHead,113.52,61.91,1040.85,0.98,apta
0001032.jpg,val,Handrise-Read-write+BowTurnHead,114.08,61.67,1098.41,0.98,apta
0001033.jpg,val,Handrise-Read-write+BowTurnHead,113.59,61.67,924.9,1.01,apta
0001034.jpg,val,Handrise-Read-write+BowTurnHead,113.17,66.24,402.15,0.75,apta
0001035.jpg,val,Handrise-Read-write+BowTurnHead,127.41,68.96,441.41,0.78,apta
0001036.jpg,val,Handrise-Read-write+BowTurnHead,100.71,73.44,622.13,0.58,apta
0001037.jpg,val,Handrise-Read-write,100.31,59.42,386.72,0.51,apta
0001038.jpg,val,Handrise-Read-write+BowTurnHead,103.37,73.85,588.12,0.64,apta
0001039.jpg,val,Handrise-Read-write+BowTurnHead,119.82,56.7,413.03,0.75,apta
0001040.jpg,val,Handrise-Read-write,127.43,77.97,787.99,0.68,apta
0001041.jpg,val,Handrise-Read-write+BowTurnHead,145.0,71.44,764.72,1.19,apta
0001042.jpg,val,Handrise-Read-write,147.36,67.45,1299.86,1.21,apta
0001043.jpg,val,Handrise-Read-write+BowTurnHead,135.64,73.96,508.17,0.59,apta
0001044.jpg,val,Handrise-Read-write,147.28,68.38,409.45,0.53,apta
0001045.jpg,val,Handrise-Read-write+BowTurnHead,150.45,69.06,391.52,0.77,apta
0001046.jpg,val,Handrise-Read-write+BowTurnHead,149.58,69.12,456.49,0.76,apta
0001047.jpg,val,Handrise-Read-write+BowTurnHead,137.38,68.46,389.65,0.72,apta
0001048.jpg,val,Handrise-Read-write+BowTurnHead,124.77,70.91,464.86,0.45,apta
0001049.jpg,val,Handrise-Read-write+BowTurnHead,126.95,69.01,510.73,0.72,apta
0001052.jpg,val,Handrise-Read-write+BowTurnHead,122.09,54.55,379.64,0.6,apta
0001053.jpg,val,Handrise-Read-write+BowTurnHead,118.24,54.82,353.82,0.57,apta
0001054.jpg,val,Handrise-Read-write+BowTurnHead,116.69,55.63,354.82,0.55,apta
0001055.jpg,val,Handrise-Read-write,115.88,56.67,319.1,0.45,apta
0001056.jpg,val,Handrise-Read-write+BowTurnHead,117.35,53.28,426.12,0.51,apta
0001057.jpg,val,Handrise-Read-write,113.14,56.14,441.8,0.45,apta
0001058.jpg,val,Handrise-Read-write+BowTurnHead,121.59,55.07,428.74,0.54,apta
0001059.jpg,val,Handrise-Read-write,121.68,55.95,424.2,0.61,apta
0001060.jpg,val,Handrise-Read-write,115.63,54.18,481.55,0.57,apta
0001061.jpg,val,Handrise-Read-write+BowTurnHead,121.65,55.76,428.32,0.64,apta
0001062.jpg,val,Handrise-Read-write,113.36,54.78,355.96,0.47,apta
0001063.jpg,val,Handrise-Read-write,148.53,62.09,489.19,0.47,apta
0001064.jpg,val,Handrise-Read-write+BowTurnHead,128.39,53.38,616.42,0.74,apta
0001065.jpg,val,Handrise-Read-write+BowTurnHead,147.71,67.0,843.15,0.56,apta
0001066.jpg,val,Handrise-Read-write+BowTurnHead,135.64,62.31,605.38,0.74,apta
0001067.jpg,val,Handrise-Read-write,107.8,74.55,237.83,0.5,apta
0001068.jpg,val,Handrise-Read-write,112.99,43.0,593.72,0.9,apta
0001069.jpg,val,Handrise-Read-write+BowTurnHead,106.93,54.78,1085.32,0.96,apta
0001070.jpg,val,Handrise-Read-write,121.14,48.42,244.68,0.56,apta
0001071.jpg,val,Handrise-Read-write+BowTurnHead,115.16,45.55,538.33,0.83,apta
0001072.jpg,val,Handrise-Read-write+BowTurnHead,104.42,51.88,553.94,0.92,apta
0001073.jpg,val,Handrise-Read-write,111.85,51.21,555.42,0.89,apta
0001074.jpg,val,Handrise-Read-write,140.28,83.81,734.59,0.36,apta
0001075.jpg,val,Handrise-Read-write+BowTurnHead,155.37,64.09,539.62,0.83,apta
0001076.jpg,val,Handrise-Read-write+BowTurnHead,156.31,64.37,712.64,0.84,apta
0001077.jpg,val,Handrise-Read-write+BowTurnHead,159.57,60.29,337.06,0.77,apta
0001078.jpg,val,Handrise-Read-write,132.51,81.47,477.53,0.47,apta
0001079.jpg,val,Handrise-Read-write,153.7,67.85,443.18,0.78,apta
0001080.jpg,val,Handrise-Read-write,133.46,82.22,750.74,0.42,apta
0001081.jpg,val,Handrise-Read-write+BowTurnHead,156.07,68.86,639.15,0.76,apta
0001082.jpg,val,Handrise-Read-write+BowTurnHead,157.39,62.96,815.73,0.9,apta
0001083.jpg,val,Handrise-Read-write+BowTurnHead,141.49,68.36,1040.94,0.89,apta
0001084.jpg,val,Handrise-Read-write+BowTurnHead,127.25,63.83,1031.82,0.95,apta
0001085.jpg,val,Handrise-Read-write+BowTurnHead,108.6,65.24,1100.86,1.13,apta
0001086.jpg,val,Handrise-Read-write+BowTurnHead,125.79,68.79,899.69,0.75,apta
0001087.jpg,val,Handrise-Read-write,133.06,72.9,676.22,0.47,apta
0001088.jpg,val,Handrise-Read-write+BowTurnHead,116.77,77.82,1058.02,0.71,apta
0001089.jpg,val,Handrise-Read-write,121.03,74.28,1451.13,1.03,apta
0002001.jpg,val,Handrise-Read-write+BowTurnHead,113.21,71.41,399.25,0.54,apta
0002002.jpg,val,Handrise-Read-write+BowTurnHead,108.03,58.87,823.49,1.06,apta
0002003.jpg,val,Handrise-Read-write,135.14,76.06,444.91,0.63,apta
0002004.jpg,val,Handrise-Read-write+BowTurnHead,146.08,72.49,865.9,0.86,apta
0002005.jpg,val,Handrise-Read-write,122.65,78.46,549.27,0.69,apta
0002006.jpg,val,Handrise-Read-write+BowTurnHead,142.24,74.13,586.17,0.68,apta
0002007.jpg,val,Handrise-Read-write,134.11,73.78,458.36,0.62,apta
0002008.jpg,val,Handrise-Read-write+BowTurnHead,136.59,79.42,527.21,0.69,apta
0002009.jpg,val,Handrise-Read-write,113.95,77.69,466.06,0.61,apta
0002011.jpg,val,Handrise-Read-write+BowTurnHead,159.61,67.43,1953.0,1.41,apta
0002012.jpg,val,Handrise-Read-write,145.23,61.09,911.33,0.92,apta
0002013.jpg,val,Handrise-Read-write,145.26,58.29,1219.51,1.06,apta
0002014.jpg,val,Handrise-Read-write,154.9,65.52,1970.23,1.48,apta
0002015.jpg,val,Handrise-Read-write+BowTurnHead,157.47,60.28,1085.72,1.07,apta
0002016.jpg,val,Handrise-Read-write+BowTurnHead,145.97,57.4,1386.65,1.07,apta
0002017.jpg,val,Handrise-Read-write+BowTurnHead,154.3,61.04,1467.37,1.04,apta
0002018.jpg,val,Handrise-Read-write+BowTurnHead,137.43,59.51,1251.49,1.16,apta
0002019.jpg,val,Handrise-Read-write+BowTurnHead,108.48,79.94,965.12,1.0,apta
0002020.jpg,val,Handrise-Read-write,122.59,83.86,799.09,0.78,apta
0002021.jpg,val,Handrise-Read-write,106.97,66.92,630.87,0.64,apta
0002022.jpg,val,Handrise-Read-write,107.55,82.9,1109.13,0.73,apta
0002023.jpg,val,Handrise-Read-write,137.24,91.41,671.23,0.71,apta
0002024.jpg,val,Handrise-Read-write,77.22,85.96,586.26,0.7,apta
0002025.jpg,val,Handrise-Read-write+BowTurnHead,105.31,96.06,2750.58,1.61,apta
0002026.jpg,val,Handrise-Read-write,98.7,68.72,1251.87,1.15,apta
0002027.jpg,val,Handrise-Read-write+BowTurnHead,96.17,69.6,898.53,0.8,apta
0002028.jpg,val,Handrise-Read-write,88.81,65.75,1058.7,0.97,apta
0002029.jpg,val,Handrise-Read-write,162.38,77.36,1519.89,1.15,apta
0002030.jpg,val,Handrise-Read-write+BowTurnHead,133.86,69.49,933.36,0.99,apta
0002031.jpg,val,Handrise-Read-write+BowTurnHead,144.87,71.26,856.2,1.01,apta
0002032.jpg,val,Handrise-Read-write+BowTurnHead,120.03,71.22,2012.03,1.83,apta
0002033.jpg,val,Handrise-Read-write+BowTurnHead,142.88,75.28,2919.56,1.92,apta
0002034.jpg,val,Handrise-Read-write+BowTurnHead,124.25,74.05,2092.34,1.52,apta
0002035.jpg,val,Handrise-Read-write+BowTurnHead,114.26,80.27,3222.52,2.78,apta
0002036.jpg,val,Handrise-Read-write+BowTurnHead,124.61,73.05,623.58,0.8,apta
0002037.jpg,val,Handrise-Read-write+BowTurnHead,108.21,73.48,567.49,0.77,apta
0002038.jpg,val,Handrise-Read-write,106.46,73.54,532.04,0.69,apta
0002039.jpg,val,Handrise-Read-write,107.62,72.38,613.74,0.75,apta
0002040.jpg,val,Handrise-Read-write,104.12,60.91,643.17,0.87,apta
0002042.jpg,val,Handrise-Read-write,102.8,58.29,762.37,0.68,apta
0002043.jpg,val,Handrise-Read-write+BowTurnHead,127.35,54.65,496.94,0.86,apta
0002044.jpg,val,Handrise-Read-write,105.69,55.74,497.93,0.66,apta
0002046.jpg,val,Handrise-Read-write,101.01,57.87,683.06,0.59,apta
0002047.jpg,val,Handrise-Read-write+BowTurnHead,106.97,61.65,619.32,0.85,apta
0002049.jpg,val,Handrise-Read-write+BowTurnHead,119.13,55.54,331.68,0.69,apta
0002050.jpg,val,Handrise-Read-write+BowTurnHead,109.55,61.13,1003.08,0.63,apta
0002051.jpg,val,Handrise-Read-write+BowTurnHead,109.29,63.97,910.44,1.39,apta
0002052.jpg,val,Handrise-Read-write,112.54,62.98,1382.36,1.34,apta
0002053.jpg,val,Handrise-Read-write+BowTurnHead,92.39,69.18,638.17,0.65,apta
0002054.jpg,val,Handrise-Read-write+BowTurnHead,102.28,75.77,1219.69,1.29,apta
0002055.jpg,val,Handrise-Read-write+BowTurnHead,80.79,75.15,876.01,0.95,apta
0002056.jpg,val,Handrise-Read-write+BowTurnHead,92.78,87.99,1421.58,1.34,apta
0002057.jpg,val,Handrise-Read-write+BowTurnHead,136.54,52.04,799.43,0.91,apta
0002058.jpg,val,Handrise-Read-write+BowTurnHead,138.73,55.92,427.02,0.79,apta
0002059.jpg,val,Handrise-Read-write+BowTurnHead,86.31,50.61,457.65,0.69,apta
0002060.jpg,val,Handrise-Read-write+BowTurnHead,83.56,55.0,265.04,0.67,apta
0002061.jpg,val,Handrise-Read-write+BowTurnHead,110.73,69.68,1318.52,2.19,apta
0002062.jpg,val,Handrise-Read-write+BowTurnHead,109.94,70.55,1685.12,2.44,apta
0002063.jpg,val,Handrise-Read-write+BowTurnHead,104.41,70.79,1843.88,2.31,apta
0002064.jpg,val,Handrise-Read-write+BowTurnHead,97.35,74.97,993.12,1.26,apta
0002065.jpg,val,Handrise-Read-write+BowTurnHead,85.85,67.77,686.35,0.81,apta
0002066.jpg,val,Handrise-Read-write+BowTurnHead,85.03,58.85,789.37,1.63,apta
0002067.jpg,val,Handrise-Read-write+BowTurnHead,83.55,59.07,958.59,1.65,apta
0002068.jpg,val,Handrise-Read-write+BowTurnHead,97.74,71.83,436.41,0.89,apta
0002069.jpg,val,Handrise-Read-write+BowTurnHead,90.51,54.55,988.24,1.13,apta
0002070.jpg,val,Handrise-Read-write+BowTurnHead,97.18,46.83,499.77,0.73,apta
0002071.jpg,val,Handrise-Read-write+BowTurnHead,81.54,59.69,713.75,0.95,apta
0002072.jpg,val,Handrise-Read-write+BowTurnHead,79.36,52.6,891.75,1.1,apta
0002073.jpg,val,Handrise-Read-write+BowTurnHead,86.44,58.07,1054.15,1.09,apta
0002074.jpg,val,Handrise-Read-write,117.23,54.88,674.85,0.81,apta
0002075.jpg,val,Handrise-Read-write,125.27,58.09,482.25,0.67,apta
00030001.jpg,val,Handrise-Read-write+BowTurnHead,117.31,59.24,359.87,1.14,apta
00030002.jpg,val,Handrise-Read-write,91.11,54.75,866.65,1.28,apta
00030003.jpg,val,Handrise-Read-write,133.14,69.24,2595.75,2.49,apta
00030004.jpg,val,Handrise-Read-write,132.19,75.79,1845.85,1.78,apta
00030005.jpg,val,Handrise-Read-write+BowTurnHead,112.94,60.69,919.61,1.47,apta
00030006.jpg,val,Handrise-Read-write,111.63,60.88,975.09,1.48,apta
00030007.jpg,val,Handrise-Read-write,111.95,60.88,857.32,1.34,apta
00030008.jpg,val,Handrise-Read-write,116.59,63.19,958.54,1.5,apta
00030009.jpg,val,Handrise-Read-write,125.75,78.04,1324.51,1.26,apta
00030010.jpg,val,Handrise-Read-write+BowTurnHead,102.63,53.77,336.33,0.96,apta
00030011.jpg,val,Handrise-Read-write,87.66,72.11,575.5,1.1,apta
00030012.jpg,val,Handrise-Read-write+BowTurnHead,101.81,55.16,1365.0,2.32,apta
00030013.jpg,val,Handrise-Read-write+BowTurnHead,96.28,53.5,1674.23,2.98,apta
00030014.jpg,val,Handrise-Read-write+BowTurnHead,96.23,53.34,1679.53,3.03,apta
00030015.jpg,val,Handrise-Read-write,106.96,66.3,199.94,0.52,apta
00030016.jpg,val,Handrise-Read-write+BowTurnHead,167.9,74.68,290.99,0.7,apta
00030017.jpg,val,Handrise-Read-write,168.53,73.26,288.02,0.73,apta
00030018.jpg,val,Handrise-Read-write+BowTurnHead,72.93,45.83,232.95,0.78,apta
00030019.jpg,val,Handrise-Read-write+BowTurnHead,74.06,45.61,259.63,0.79,apta
0006001.jpg,train,Handrise-Read-write,126.81,66.0,1241.1,1.41,apta
0006002.jpg,train,Handrise-Read-write+BowTurnHead,131.58,66.21,966.16,1.16,apta
0006003.jpg,train,Handrise-Read-write,126.86,65.22,865.49,1.11,apta
0006004.jpg,train,Handrise-Read-write+BowTurnHead,116.02,67.67,1039.61,1.22,apta
0006005.jpg,train,Handrise-Read-write+BowTurnHead,119.35,61.49,1005.03,1.28,apta
0006006.jpg,train,Handrise-Read-write+BowTurnHead,128.44,64.64,1037.7,1.3,apta
0006007.jpg,train,Handrise-Read-write+BowTurnHead,119.32,66.75,790.36,0.99,apta
0006008.jpg,train,Handrise-Read-write+BowTurnHead,117.25,67.61,812.19,1.1,apta
0006009.jpg,train,Handrise-Read-write+BowTurnHead,62.77,62.92,1510.35,1.74,apta
0006010.jpg,train,Handrise-Read-write+BowTurnHead,64.71,65.2,1004.68,1.26,apta
0006011.jpg,train,Handrise-Read-write+BowTurnHead,65.36,62.66,1464.61,1.67,apta
0006012.jpg,train,Handrise-Read-write+BowTurnHead,70.18,65.04,1424.16,1.67,apta
0006013.jpg,train,Handrise-Read-write+BowTurnHead,126.04,62.64,634.25,1.1,apta
0006014.jpg,train,Handrise-Read-write+BowTurnHead,109.2,85.02,427.48,0.84,apta
0006015.jpg,train,Handrise-Read-write,105.89,85.62,312.84,0.74,apta
0006016.jpg,train,Handrise-Read-write,112.37,80.69,485.36,0.91,apta
0006017.jpg,train,Handrise-Read-write+BowTurnHead,119.82,77.9,417.87,0.79,apta
0006018.jpg,train,Handrise-Read-write+BowTurnHead,62.62,61.91,1725.8,1.78,apta
0006019.jpg,train,Handrise-Read-write+BowTurnHead,70.52,68.78,1752.53,1.84,apta
0006020.jpg,train,Handrise-Read-write+BowTurnHead,55.72,62.63,1799.53,1.77,no apta
0006021.jpg,train,Handrise-Read-write,63.93,66.16,1710.73,1.81,apta
0006022.jpg,train,Handrise-Read-write+BowTurnHead,74.02,67.9,1753.01,1.81,apta
0008001.jpg,val,Handrise-Read-write+BowTurnHead,108.84,66.37,466.32,0.91,apta
0008005.jpg,val,Handrise-Read-write+BowTurnHead,67.92,70.52,1465.76,1.32,apta
0008006.jpg,val,Handrise-Read-write+BowTurnHead,133.53,66.36,637.47,1.13,apta
0008007.jpg,val,Handrise-Read-write,123.45,64.74,620.69,1.14,apta
0008008.jpg,val,Handrise-Read-write+BowTurnHead,92.25,67.64,2116.23,2.11,apta
0008009.jpg,val,Handrise-Read-write+BowTurnHead,114.45,71.45,1027.04,1.08,apta
0008010.jpg,val,Handrise-Read-write+BowTurnHead,86.3,73.61,693.42,0.86,apta
0008011.jpg,val,Handrise-Read-write+BowTurnHead,87.38,73.29,660.03,0.78,apta
0008012.jpg,val,Handrise-Read-write+BowTurnHead,114.01,70.64,1013.79,1.04,apta
0008013.jpg,val,Handrise-Read-write,109.83,75.05,593.85,0.68,apta
0008014.jpg,val,Handrise-Read-write,119.5,71.69,1238.74,1.21,apta
0008016.jpg,val,Handrise-Read-write,116.74,71.97,1233.21,1.25,apta
0008019.jpg,val,Handrise-Read-write,96.76,60.9,940.25,1.29,apta
0008020.jpg,val,Handrise-Read-write,96.49,60.9,937.79,1.25,apta
0008021.jpg,val,Handrise-Read-write+BowTurnHead,100.38,64.88,619.64,1.3,apta
0008022.jpg,val,Handrise-Read-write,116.43,62.31,678.04,1.16,apta
0008026.jpg,val,Handrise-Read-write,86.67,80.73,480.41,0.69,apta
0008027.jpg,val,Handrise-Read-write,81.67,73.29,532.62,0.82,apta
0008028.jpg,val,Handrise-Read-write+BowTurnHead,93.58,66.42,971.35,1.29,apta
0008029.jpg,val,Handrise-Read-write+BowTurnHead,107.57,62.84,1096.82,1.62,apta
0008030.jpg,val,Handrise-Read-write,93.28,92.06,1354.48,1.49,apta
0008031.jpg,val,Handrise-Read-write,91.87,96.31,1392.14,1.44,apta
0008032.jpg,val,Handrise-Read-write,93.47,95.88,1132.96,1.26,apta
0008033.jpg,val,Handrise-Read-write+BowTurnHead,91.47,91.01,1333.04,1.48,apta
0008034.jpg,val,Handrise-Read-write+BowTurnHead,86.15,91.88,1224.08,1.29,apta
0008035.jpg,val,Handrise-Read-write,108.63,91.34,842.08,0.91,apta
0009001.jpg,val,Handrise-Read-write+BowTurnHead,123.84,65.79,964.21,1.68,apta
0009002.jpg,val,Handrise-Read-write+BowTurnHead,115.59,66.84,2363.06,3.56,apta
0009003.jpg,train,Handrise-Read-write,61.85,67.69,663.36,0.84,apta
0009008.jpg,train,Handrise-Read-write,69.42,68.38,1000.37,1.16,apta
0009013.jpg,val,Handrise-Read-write+BowTurnHead,150.95,61.29,1607.75,2.57,apta
0009014.jpg,val,Handrise-Read-write+BowTurnHead,153.23,62.95,1378.61,2.32,apta
0009015.jpg,val,Handrise-Read-write+BowTurnHead,152.57,61.52,1552.54,2.52,apta
0009016.jpg,val,Handrise-Read-write+BowTurnHead,153.63,61.24,1502.82,2.47,apta
0009017.jpg,val,Handrise-Read-write+BowTurnHead,151.28,63.74,1432.98,2.37,apta
0009018.jpg,val,Handrise-Read-write+BowTurnHead,143.75,70.22,622.44,1.31,apta
0009019.jpg,train,Handrise-Read-write,95.39,68.49,448.57,1.01,apta
0009020.jpg,train,Handrise-Read-write,91.08,60.51,475.31,1.04,apta
0009021.jpg,train,Handrise-Read-write,96.54,64.78,448.43,0.96,apta
0009022.jpg,train,Handrise-Read-write,105.29,69.92,442.83,0.98,apta
0009023.jpg,train,Handrise-Read-write,85.18,61.02,174.13,0.67,apta
0009024.jpg,val,Handrise-Read-write+BowTurnHead,85.66,63.99,558.61,1.19,apta
0009025.jpg,val,Handrise-Read-write+BowTurnHead,139.95,61.51,814.84,1.69,apta
0009026.jpg,train,Handrise-Read-write,114.05,59.86,449.03,0.82,apta
0009027.jpg,train,Handrise-Read-write,120.87,65.34,488.08,0.97,apta
0009028.jpg,val,Handrise-Read-write+BowTurnHead,113.02,59.29,290.76,0.68,apta
0009029.jpg,val,Handrise-Read-write+BowTurnHead,121.64,62.14,370.37,0.78,apta
0009030.jpg,val,Handrise-Read-write+BowTurnHead,121.64,59.78,430.94,0.84,apta
0009031.jpg,val,Handrise-Read-write+BowTurnHead,109.06,70.73,556.4,0.98,apta
0009032.jpg,val,Handrise-Read-write+BowTurnHead,111.96,68.45,669.25,1.06,apta
0009033.jpg,train,Handrise-Read-write,112.84,64.11,466.24,1.19,apta
0009034.jpg,train,Handrise-Read-write,120.23,66.15,814.87,1.75,apta
0009035.jpg,val,Handrise-Read-write+BowTurnHead,123.26,65.05,1024.86,1.77,apta
0009036.jpg,val,Handrise-Read-write+BowTurnHead,125.42,68.54,3055.04,4.16,apta
0009037.jpg,val,Handrise-Read-write+BowTurnHead,70.08,48.0,123.92,0.46,apta
0009038.jpg,train,Handrise-Read-write,148.57,73.02,275.3,0.79,apta
0009039.jpg,train,Handrise-Read-write,105.85,68.46,562.03,1.16,apta
0009046.jpg,val,Handrise-Read-write+BowTurnHead,144.59,76.34,624.64,1.31,apta
0009047.jpg,val,Handrise-Read-write+BowTurnHead,110.03,73.58,1043.35,1.85,apta
0009048.jpg,val,Handrise-Read-write+BowTurnHead,126.16,84.23,1143.05,1.49,apta
0009049.jpg,val,Handrise-Read-write+BowTurnHead,136.38,81.1,1591.0,1.74,apta
0009050.jpg,train,Handrise-Read-write,132.44,77.71,947.54,1.18,apta
0009051.jpg,val,Handrise-Read-write+BowTurnHead,133.23,81.5,1697.09,1.78,apta
0009052.jpg,val,Handrise-Read-write+BowTurnHead,128.37,80.66,1472.43,1.66,apta
0009053.jpg,val,Handrise-Read-write+BowTurnHead,129.96,81.94,1568.33,1.74,apta
0009054.jpg,val,Handrise-Read-write+BowTurnHead,127.58,82.67,705.73,1.01,apta
0011001.jpg,train,Handrise-Read-write+BowTurnHead,145.92,66.08,1064.69,0.61,apta
0011002.jpg,train,Handrise-Read-write,120.32,66.67,835.11,0.9,apta
0011003.jpg,train,Handrise-Read-write+BowTurnHead,126.83,65.88,1383.22,1.15,apta
0011004.jpg,train,Handrise-Read-write+BowTurnHead,118.62,65.42,980.64,1.33,apta
0011005.jpg,train,Handrise-Read-write+BowTurnHead,123.27,65.46,1084.36,1.67,apta
0011006.jpg,train,Handrise-Read-write+BowTurnHead,113.13,72.4,310.02,0.69,apta
0011007.jpg,train,Handrise-Read-write+BowTurnHead,110.54,52.7,327.92,0.6,apta
0011008.jpg,train,Handrise-Read-write+BowTurnHead,106.35,51.92,347.11,0.64,apta
0011009.jpg,train,Handrise-Read-write+BowTurnHead,129.53,77.19,1294.53,0.87,apta
0011011.jpg,train,Handrise-Read-write+BowTurnHead,111.86,72.66,773.28,0.92,apta
0011012.jpg,train,Handrise-Read-write+BowTurnHead,135.23,83.84,691.22,0.69,apta
0011013.jpg,train,Handrise-Read-write+BowTurnHead,89.58,68.83,717.69,0.92,apta
0011014.jpg,train,Handrise-Read-write+BowTurnHead,97.12,77.11,752.26,0.88,apta
0011015.jpg,train,Handrise-Read-write+BowTurnHead,121.34,79.61,1141.1,0.72,apta
0011016.jpg,train,Handrise-Read-write+BowTurnHead,138.43,57.87,741.15,0.87,apta
0011017.jpg,train,Handrise-Read-write,128.4,58.0,852.13,0.93,apta
0011018.jpg,train,Handrise-Read-write+BowTurnHead,149.86,63.25,1268.57,0.99,apta
0011019.jpg,train,Handrise-Read-write+BowTurnHead,110.68,81.8,1167.22,1.16,apta
0011020.jpg,train,Handrise-Read-write+BowTurnHead,115.33,85.58,1732.26,1.46,apta
0011021.jpg,train,Handrise-Read-write+BowTurnHead,87.69,66.89,1156.62,1.05,apta
0011022.jpg,train,Handrise-Read-write,110.03,71.58,504.71,0.66,apta
0011023.jpg,train,Handrise-Read-write,103.03,64.87,629.73,0.72,apta
0011024.jpg,train,Handrise-Read-write,98.11,67.34,683.82,0.86,apta
0011025.jpg,train,Handrise-Read-write,94.89,65.69,695.86,0.76,apta
0011026.jpg,train,Handrise-Read-write,104.65,63.83,905.78,0.92,apta
0011027.jpg,train,Handrise-Read-write+BowTurnHead,87.65,59.87,717.86,0.85,apta
0011028.jpg,train,Handrise-Read-write,102.19,65.35,638.89,0.76,apta
0011029.jpg,train,Handrise-Read-write+BowTurnHead,105.73,47.41,474.76,0.82,apta
0011030.jpg,train,Handrise-Read-write+BowTurnHead,105.49,48.32,470.11,0.87,apta
0011031.jpg,train,Handrise-Read-write+BowTurnHead,127.96,50.18,396.84,0.88,apta
0011032.jpg,train,Handrise-Read-write,127.91,58.9,1440.45,1.07,apta
0011033.jpg,train,Handrise-Read-write+BowTurnHead,140.63,74.8,1374.88,1.08,apta
0011034.jpg,train,Handrise-Read-write+BowTurnHead,124.74,71.5,1495.18,1.67,apta
0011035.jpg,train,Handrise-Read-write+BowTurnHead,104.9,56.22,1339.89,1.42,apta
0011036.jpg,train,Handrise-Read-write,104.51,56.29,1206.77,1.43,apta
0012001.jpg,val,Handrise-Read-write,125.18,44.76,120.57,0.23,apta
0012002.jpg,val,Handrise-Read-write,91.58,65.28,220.34,0.53,apta
0012003.jpg,val,Handrise-Read-write+BowTurnHead,150.72,66.87,773.99,0.84,apta
0012004.jpg,val,Handrise-Read-write+BowTurnHead,147.87,67.61,840.05,0.93,apta
0012005.jpg,val,Handrise-Read-write+BowTurnHead,103.21,69.13,149.19,0.5,apta
0012006.jpg,val,Handrise-Read-write,119.84,64.65,1194.42,1.76,apta
0012007.jpg,val,Handrise-Read-write+BowTurnHead,114.15,80.41,2138.51,1.43,apta
0012008.jpg,val,Handrise-Read-write+BowTurnHead,86.53,65.92,1711.62,1.7,apta
0012009.jpg,val,Handrise-Read-write,112.77,88.1,1293.5,1.43,apta
0012010.jpg,val,Handrise-Read-write,107.38,83.17,1086.23,1.37,apta
0012011.jpg,val,Handrise-Read-write+BowTurnHead,131.96,67.66,1489.93,1.73,apta
0012013.jpg,val,Handrise-Read-write+BowTurnHead,120.14,65.0,1900.59,1.95,apta
0012014.jpg,val,Handrise-Read-write+BowTurnHead,120.71,63.0,1716.95,1.72,apta
0012015.jpg,val,Handrise-Read-write+BowTurnHead,103.0,56.23,1938.77,2.14,apta
0012016.jpg,val,Handrise-Read-write+BowTurnHead,105.64,57.25,1827.63,1.96,apta
0013001.jpg,train,Handrise-Read-write+BowTurnHead,97.29,38.89,395.52,1.01,apta
0013002.jpg,train,Handrise-Read-write+BowTurnHead,90.57,65.26,47.71,0.44,no apta
0013003.jpg,train,Handrise-Read-write+BowTurnHead,95.76,60.01,154.05,0.5,apta
0013004.jpg,train,Handrise-Read-write,96.54,55.36,346.99,0.9,apta
0013005.jpg,train,Handrise-Read-write,92.31,51.93,396.61,0.83,apta
0013006.jpg,train,Handrise-Read-write,94.39,52.38,413.68,0.99,apta
0013007.jpg,train,Handrise-Read-write,102.36,61.43,468.05,0.9,apta
0013008.jpg,train,Handrise-Read-write,105.26,49.05,306.82,0.64,apta
0013009.jpg,train,Handrise-Read-write,106.87,48.68,355.98,0.66,apta
0013010.jpg,train,Handrise-Read-write,117.42,56.79,415.09,0.67,apta
0013011.jpg,train,Handrise-Read-write,104.78,57.43,405.16,0.64,apta
0013012.jpg,train,Handrise-Read-write,95.46,54.1,223.79,0.39,apta
0013013.jpg,train,Handrise-Read-write,98.5,56.9,344.07,0.87,apta
0013014.jpg,train,Handrise-Read-write,93.31,54.87,422.29,0.74,apta
0013015.jpg,train,Handrise-Read-write,97.61,57.16,347.01,0.84,apta
0013016.jpg,train,Handrise-Read-write,95.27,53.49,382.16,0.86,apta
0013017.jpg,train,Handrise-Read-write,93.58,54.12,480.67,0.96,apta
0013018.jpg,train,Handrise-Read-write,75.74,41.21,100.83,0.39,apta
0013019.jpg,train,Handrise-Read-write,150.75,66.7,828.49,0.88,apta
0013020.jpg,train,Handrise-Read-write+BowTurnHead,144.99,58.88,44.25,0.24,no apta
0013021.jpg,train,Handrise-Read-write,112.7,56.28,338.08,0.57,apta
0013022.jpg,train,Handrise-Read-write+BowTurnHead,105.05,64.99,308.66,0.59,apta
0013024.jpg,train,Handrise-Read-write,85.8,46.75,207.25,0.67,apta
0014001.jpg,val,Handrise-Read-write,91.14,70.9,1354.83,1.54,apta
0014002.jpg,val,Handrise-Read-write+BowTurnHead,73.05,65.51,5336.74,4.64,apta
0014003.jpg,val,Handrise-Read-write+BowTurnHead,83.18,62.34,4811.0,2.89,apta
0014004.jpg,val,Handrise-Read-write+BowTurnHead,92.83,65.44,5775.53,2.4,apta
0014005.jpg,val,Handrise-Read-write,109.21,77.65,1035.94,0.73,apta
0014006.jpg,val,Handrise-Read-write,102.82,67.11,5142.88,3.38,apta
0014007.jpg,val,Handrise-Read-write,86.31,67.5,4010.18,2.7,apta
0014008.jpg,val,Handrise-Read-write+BowTurnHead,89.47,74.86,7257.72,4.75,apta
0014009.jpg,val,Handrise-Read-write+BowTurnHead,133.17,79.45,6037.41,2.44,apta
0014010.jpg,val,Handrise-Read-write,145.71,69.32,1662.81,1.69,apta
0014011.jpg,val,Handrise-Read-write,164.83,69.54,2314.48,2.2,apta
0014012.jpg,val,Handrise-Read-write+BowTurnHead,161.42,76.58,1612.4,1.43,apta
0014013.jpg,val,Handrise-Read-write+BowTurnHead,170.94,70.99,2084.88,2.17,apta
0014014.jpg,val,Handrise-Read-write+BowTurnHead,100.89,75.76,596.21,0.49,apta
0014015.jpg,val,Handrise-Read-write+BowTurnHead,99.63,53.85,401.46,1.1,apta
0014016.jpg,val,Handrise-Read-write+BowTurnHead,102.83,52.8,388.01,1.15,apta
0014017.jpg,val,Handrise-Read-write+BowTurnHead,108.52,50.49,483.28,1.24,apta
0014018.jpg,val,Handrise-Read-write+BowTurnHead,100.61,52.3,552.14,1.14,apta
0014019.jpg,val,Handrise-Read-write+BowTurnHead,100.46,54.93,362.2,1.13,apta
0014020.jpg,val,Handrise-Read-write+BowTurnHead,106.92,46.41,523.22,1.0,apta
0014021.jpg,val,Handrise-Read-write+BowTurnHead,101.28,53.39,498.48,1.21,apta
0014022.jpg,val,Handrise-Read-write+BowTurnHead,97.18,55.17,420.78,1.16,apta
0014023.jpg,val,Handrise-Read-write+BowTurnHead,95.47,55.12,476.02,1.27,apta
0014024.jpg,val,Handrise-Read-write+BowTurnHead,96.9,53.74,462.61,1.2,apta
0014025.jpg,val,Handrise-Read-write+BowTurnHead,114.99,53.07,613.77,1.16,apta
0014026.jpg,val,Handrise-Read-write,115.0,52.68,417.6,1.12,apta
0014027.jpg,val,Handrise-Read-write,98.03,57.23,453.12,1.18,apta
0014028.jpg,val,Handrise-Read-write,95.33,63.12,812.2,1.78,apta
0014029.jpg,val,Handrise-Read-write+BowTurnHead,112.14,62.35,849.36,1.6,apta
0014030.jpg,val,Handrise-Read-write+BowTurnHead,87.28,56.37,555.1,1.41,apta
0014031.jpg,val,Handrise-Read-write+BowTurnHead,101.24,63.18,586.37,1.46,apta
0014032.jpg,val,Handrise-Read-write+BowTurnHead,108.66,61.0,934.26,1.99,apta
0014033.jpg,val,Handrise-Read-write+BowTurnHead,97.62,65.34,571.92,1.12,apta
0015001.jpg,val,Handrise-Read-write+BowTurnHead,92.34,63.98,404.02,0.92,apta
0015002.jpg,train,Handrise-Read-write,89.75,63.34,246.84,0.68,apta
0015003.jpg,val,Handrise-Read-write+BowTurnHead,100.24,70.23,194.34,0.63,apta
0015004.jpg,val,Handrise-Read-write+BowTurnHead,83.78,63.69,174.58,0.56,apta
0015005.jpg,val,Handrise-Read-write+BowTurnHead,90.18,52.17,534.64,0.92,apta
0015006.jpg,val,Handrise-Read-write+BowTurnHead,95.67,44.71,352.05,1.22,apta
0015007.jpg,val,Handrise-Read-write+BowTurnHead,141.8,79.61,521.92,0.72,apta
0015008.jpg,val,Handrise-Read-write+BowTurnHead,122.98,81.86,103.67,0.38,apta
0015010.jpg,val,Handrise-Read-write+BowTurnHead,84.29,60.51,684.34,0.99,apta
0015011.jpg,val,Handrise-Read-write+BowTurnHead,88.07,60.52,212.98,0.63,apta
0015012.jpg,train,Handrise-Read-write,103.04,67.49,220.97,0.53,apta
0015013.jpg,train,Handrise-Read-write,102.72,68.29,222.71,0.57,apta
0015014.jpg,val,Handrise-Read-write+BowTurnHead,94.92,62.04,107.4,0.45,apta
0015015.jpg,val,Handrise-Read-write+BowTurnHead,88.53,56.88,157.94,0.61,apta
0015016.jpg,train,Handrise-Read-write,95.21,59.38,14.25,0.3,no apta
0015018.jpg,train,Handrise-Read-write,90.83,56.7,60.88,0.39,no apta
0015019.jpg,val,Handrise-Read-write+BowTurnHead,135.44,73.84,1282.7,1.21,apta
0015020.jpg,train,Handrise-Read-write,144.31,69.69,933.3,1.14,apta
0016001.jpg,train,Handrise-Read-write,117.62,63.74,799.26,0.94,apta
0016002.jpg,train,Handrise-Read-write,117.62,64.55,453.82,0.89,apta
0016003.jpg,train,Handrise-Read-write+BowTurnHead,107.73,54.18,187.63,0.6,apta
0016004.jpg,train,Handrise-Read-write+BowTurnHead,108.8,55.56,204.13,0.51,apta
0016005.jpg,train,Handrise-Read-write+BowTurnHead,102.91,49.02,622.3,0.84,apta
0016006.jpg,train,Handrise-Read-write+BowTurnHead,119.37,42.98,394.09,0.61,apta
0016007.jpg,train,Handrise-Read-write,103.04,58.44,303.77,0.88,apta
0016008.jpg,train,Handrise-Read-write+BowTurnHead,97.92,61.11,628.56,1.0,apta
0016009.jpg,train,Handrise-Read-write+BowTurnHead,98.49,71.62,352.71,0.72,apta
0016010.jpg,train,Handrise-Read-write+BowTurnHead,89.4,60.41,461.94,0.65,apta
0016011.jpg,train,Handrise-Read-write+BowTurnHead,148.88,67.08,520.45,0.99,apta
0016012.jpg,train,Handrise-Read-write+BowTurnHead,145.29,67.55,706.69,1.1,apta
0016013.jpg,train,Handrise-Read-write,141.51,56.66,624.81,0.7,apta
0016014.jpg,train,Handrise-Read-write,141.11,58.97,965.16,0.85,apta
0016015.jpg,train,Handrise-Read-write+BowTurnHead,115.25,64.84,345.8,0.7,apta
0016016.jpg,train,Handrise-Read-write+BowTurnHead,111.29,62.75,292.98,0.77,apta
0016017.jpg,train,Handrise-Read-write+BowTurnHead,87.04,62.25,184.53,0.56,apta
0016018.jpg,train,Handrise-Read-write+BowTurnHead,95.65,49.53,718.11,0.76,apta
0016020.jpg,train,Handrise-Read-write,115.17,59.3,206.95,0.52,apta
0016021.jpg,train,Handrise-Read-write+BowTurnHead,96.77,60.72,582.57,0.94,apta
0016022.jpg,train,Handrise-Read-write+BowTurnHead,87.44,57.23,334.86,0.68,apta
0016023.jpg,train,Handrise-Read-write+BowTurnHead,88.12,61.5,333.58,0.59,apta
0016024.jpg,train,Handrise-Read-write+BowTurnHead,87.22,59.07,402.64,0.66,apta
0016025.jpg,train,Handrise-Read-write,99.49,69.67,324.55,0.61,apta
0016026.jpg,train,Handrise-Read-write+BowTurnHead,115.62,64.15,275.06,0.72,apta
0016027.jpg,train,Handrise-Read-write,95.68,60.83,154.05,0.47,apta
0016028.jpg,train,Handrise-Read-write,90.77,62.6,190.83,0.51,apta
0016029.jpg,train,Handrise-Read-write,76.56,64.74,180.03,0.61,apta
0016030.jpg,train,Handrise-Read-write,103.29,74.55,147.91,0.5,apta
0020001.jpg,train,Handrise-Read-write,86.03,59.59,406.59,0.85,apta
0020002.jpg,val,Handrise-Read-write+BowTurnHead,98.36,43.95,1027.76,1.09,apta
0020003.jpg,train,Handrise-Read-write,95.75,52.4,326.52,0.81,apta
0020004.jpg,val,Handrise-Read-write+BowTurnHead,99.42,44.81,710.98,1.12,apta
0020005.jpg,train,Handrise-Read-write,112.09,65.92,915.64,1.84,apta
0020006.jpg,val,Handrise-Read-write+BowTurnHead,149.84,57.82,550.64,0.79,apta
0020007.jpg,train,Handrise-Read-write,156.44,55.45,414.85,0.87,apta
0020008.jpg,val,Handrise-Read-write+BowTurnHead,98.48,48.56,267.46,0.76,apta
0022001.jpg,val,Handrise-Read-write,114.52,50.32,74.34,0.49,no apta
0022002.jpg,val,Handrise-Read-write,112.73,51.01,102.24,0.53,apta
0022003.jpg,val,Handrise-Read-write+BowTurnHead,104.35,50.76,138.43,0.57,apta
0022005.jpg,val,Handrise-Read-write,90.62,46.98,579.05,0.89,apta
0022006.jpg,val,Handrise-Read-write,89.83,43.43,553.85,0.88,apta
0022007.jpg,val,Handrise-Read-write+BowTurnHead,86.62,47.11,821.49,1.16,apta
0022008.jpg,val,Handrise-Read-write+BowTurnHead,82.43,48.11,565.73,0.78,apta
0022009.jpg,val,Handrise-Read-write+BowTurnHead,91.23,46.47,523.88,0.81,apta
0022010.jpg,val,Handrise-Read-write+BowTurnHead,91.16,44.66,623.04,0.92,apta
0022011.jpg,val,Handrise-Read-write,90.06,46.52,349.11,0.74,apta
0022012.jpg,val,Handrise-Read-write,89.34,45.94,530.52,0.88,apta
0022014.jpg,val,Handrise-Read-write+BowTurnHead,86.09,49.9,643.52,0.97,apta
0022016.jpg,val,Handrise-Read-write+BowTurnHead,136.81,76.92,4275.03,3.05,apta
0022022.jpg,val,Handrise-Read-write,131.24,75.15,3602.29,3.28,apta
0022023.jpg,val,Handrise-Read-write+BowTurnHead,134.1,77.27,4007.3,3.41,apta
0022024.jpg,val,Handrise-Read-write+BowTurnHead,135.55,81.1,3551.57,3.16,apta
0022026.jpg,val,Handrise-Read-write,113.9,66.65,929.02,1.23,apta
0022027.jpg,val,Handrise-Read-write,114.07,69.3,450.79,0.77,apta
0022030.jpg,val,Handrise-Read-write+BowTurnHead,156.07,78.2,2719.5,2.42,apta
0022031.jpg,val,Handrise-Read-write,106.18,70.6,1255.89,1.65,apta
0022039.jpg,val,Handrise-Read-write+BowTurnHead,99.0,55.48,543.52,0.9,apta
0023001.jpg,train,Handrise-Read-write,108.28,62.88,365.06,1.02,apta
0023002.jpg,train,Handrise-Read-write,101.17,56.9,938.59,1.8,apta
0023003.jpg,train,Handrise-Read-write,113.9,64.26,782.84,1.6,apta
0023007.jpg,train,Handrise-Read-write,93.06,57.21,481.55,0.96,apta
0023008.jpg,train,Handrise-Read-write,113.59,49.57,646.03,1.21,apta
0023011.jpg,train,Handrise-Read-write,107.12,47.47,269.86,0.66,apta
0023013.jpg,train,Handrise-Read-write,116.75,77.21,810.0,1.31,apta
0023014.jpg,train,Handrise-Read-write,117.04,82.34,500.76,0.96,apta
0023018.jpg,train,Handrise-Read-write,91.57,66.01,747.69,0.81,apta
0023020.jpg,train,Handrise-Read-write,103.2,73.41,376.86,0.57,apta
0023025.jpg,train,Handrise-Read-write,58.14,45.53,91.63,0.56,no apta
0023030.jpg,train,Handrise-Read-write,93.72,47.39,178.53,0.75,apta
0023033.jpg,train,Handrise-Read-write,109.57,67.95,724.87,1.08,apta
0024004.jpg,train,Handrise-Read-write,127.11,73.61,486.28,0.86,apta
0024005.jpg,train,Handrise-Read-write,112.29,70.74,522.1,0.91,apta
0024006.jpg,train,Handrise-Read-write,91.61,58.11,662.61,0.81,apta
0024007.jpg,train,Handrise-Read-write,97.6,67.57,470.31,0.81,apta
0024008.jpg,train,Handrise-Read-write,88.24,56.68,363.99,0.63,apta
0024009.jpg,train,Handrise-Read-write,97.65,60.07,1150.44,1.3,apta
0024010.jpg,train,Handrise-Read-write,93.42,64.89,647.54,0.84,apta
0024012.jpg,train,Handrise-Read-write,97.53,62.81,958.87,1.16,apta
0024021.jpg,train,Handrise-Read-write,67.68,57.32,531.4,1.06,apta
0024022.jpg,train,Handrise-Read-write,64.75,56.39,603.05,1.16,apta
0024023.jpg,train,Handrise-Read-write,72.33,53.24,824.74,1.38,apta
0024025.jpg,train,Handrise-Read-write,72.84,58.55,557.81,1.07,apta
0024027.jpg,train,Handrise-Read-write,74.66,62.85,618.63,1.12,apta
0024029.jpg,train,Handrise-Read-write,94.2,47.6,523.17,0.96,apta
0024033.jpg,train,Handrise-Read-write,96.68,45.6,364.53,0.8,apta
0024037.jpg,train,Handrise-Read-write,100.49,57.49,367.57,0.73,apta
0024038.jpg,train,Handrise-Read-write,122.81,66.66,1492.17,2.87,apta
0024039.jpg,train,Handrise-Read-write,131.59,68.12,885.07,1.89,apta
0024042.jpg,train,Handrise-Read-write,126.85,65.04,653.91,1.55,apta
0024045.jpg,train,Handrise-Read-write,94.6,60.53,1139.7,2.4,apta
0024047.jpg,train,Handrise-Read-write,113.6,53.1,636.23,1.4,apta
0024052.jpg,train,Handrise-Read-write,114.56,63.05,786.52,1.71,apta
0024054.jpg,train,Handrise-Read-write,119.75,71.21,1379.75,1.78,apta
0024058.jpg,train,Handrise-Read-write,117.27,72.7,1269.45,1.76,apta
0024061.jpg,train,Handrise-Read-write,124.47,60.93,441.05,0.95,apta
0024070.jpg,train,Handrise-Read-write,109.32,67.13,229.79,0.74,apta
0025001.jpg,train,Handrise-Read-write,124.09,56.6,324.68,0.79,apta
0025002.jpg,train,Handrise-Read-write,120.04,56.15,201.64,0.69,apta
0025003.jpg,train,Handrise-Read-write,122.81,55.13,388.07,0.94,apta
0025004.jpg,train,Handrise-Read-write,124.31,52.28,386.47,0.91,apta
0025005.jpg,train,Handrise-Read-write,120.91,51.03,218.07,0.72,apta
0025006.jpg,train,Handrise-Read-write,120.63,50.17,142.66,0.6,apta
0025007.jpg,train,Handrise-Read-write,119.07,49.65,422.94,0.97,apta
0025008.jpg,train,Handrise-Read-write,99.42,69.65,775.84,1.59,apta
0025009.jpg,train,Handrise-Read-write,78.83,56.33,282.23,0.86,apta
0025010.jpg,train,Handrise-Read-write,73.81,54.93,489.28,1.24,apta
0025011.jpg,train,Handrise-Read-write,97.64,73.65,154.58,0.65,apta
0025012.jpg,train,Handrise-Read-write,102.64,69.04,456.46,1.04,apta
0025013.jpg,train,Handrise-Read-write,96.62,68.24,329.05,0.86,apta
0025014.jpg,train,Handrise-Read-write,74.94,55.1,510.72,1.25,apta
0025015.jpg,train,Handrise-Read-write,106.11,64.1,498.37,1.35,apta
0025016.jpg,train,Handrise-Read-write,104.21,62.44,435.71,1.36,apta
0025017.jpg,train,Handrise-Read-write,98.37,59.97,559.61,1.39,apta
0025018.jpg,train,Handrise-Read-write,101.08,42.3,141.72,0.65,apta
0025020.jpg,train,Handrise-Read-write,102.22,39.81,235.33,0.77,apta
0025021.jpg,train,Handrise-Read-write,102.59,49.24,390.25,1.07,apta
0025022.jpg,train,Handrise-Read-write,101.7,48.85,420.05,1.12,apta
0025023.jpg,train,Handrise-Read-write,99.92,55.28,203.84,0.86,apta
0025024.jpg,train,Handrise-Read-write,82.34,58.02,458.12,1.09,apta
0025025.jpg,train,Handrise-Read-write,102.33,59.37,783.12,1.71,apta
0025026.jpg,train,Handrise-Read-write,90.85,51.02,185.28,0.77,apta
0025027.jpg,train,Handrise-Read-write,101.69,57.16,729.4,1.88,apta
0025028.jpg,train,Handrise-Read-write,103.2,61.71,788.39,1.99,apta
0025029.jpg,train,Handrise-Read-write,92.32,57.62,541.35,1.45,apta
0025030.jpg,train,Handrise-Read-write,105.89,54.53,532.95,1.52,apta
0025034.jpg,train,Handrise-Read-write,107.98,62.42,825.09,1.71,apta
0025037.jpg,train,Handrise-Read-write,115.93,57.66,1419.35,2.55,apta
0025041.jpg,train,Handrise-Read-write,150.15,60.39,228.49,0.8,apta
0025042.jpg,train,Handrise-Read-write,145.62,61.54,382.82,1.16,apta
0025053.jpg,train,Handrise-Read-write,101.95,56.17,2064.39,3.28,apta
0025056.jpg,train,Handrise-Read-write,103.95,62.21,933.97,2.22,apta
0025060.jpg,train,Handrise-Read-write,102.98,49.18,393.0,1.09,apta
0025069.jpg,train,Handrise-Read-write,100.27,67.77,2072.22,2.1,apta
0081_000211.jpg,train,Handrise-Read-write,54.48,52.1,333.92,0.83,no apta
0081_000212.jpg,train,Handrise-Read-write,54.53,52.15,336.87,0.83,no apta
0081_000213.jpg,train,Handrise-Read-write,54.56,52.2,338.98,0.84,no apta
0081_000214.jpg,train,Handrise-Read-write,54.68,52.26,335.49,0.83,no apta
0081_000246.jpg,train,Handrise-Read-write,47.92,50.62,570.2,0.95,no apta
0081_000365.jpg,train,Handrise-Read-write,53.72,52.21,320.77,0.81,no apta
0081_000366.jpg,train,Handrise-Read-write,53.73,52.18,327.99,0.83,no apta
0081_000368.jpg,train,Handrise-Read-write,54.22,52.67,319.49,0.82,no apta
0081_000369.jpg,train,Handrise-Read-write,54.17,52.61,334.71,0.83,no apta
0081_000372.jpg,train,Handrise-Read-write,53.24,52.02,318.04,0.81,no apta
0081_000373.jpg,train,Handrise-Read-write,53.18,52.09,334.19,0.85,no apta
0081_000374.jpg,train,Handrise-Read-write,52.89,51.74,328.55,0.83,no apta
0081_000375.jpg,train,Handrise-Read-write,52.88,51.75,335.27,0.84,no apta
0081_000376.jpg,train,Handrise-Read-write,61.45,57.91,335.96,0.85,apta
0081_000377.jpg,train,Handrise-Read-write,61.52,58.16,332.49,0.86,apta
0081_000378.jpg,train,Handrise-Read-write,61.2,57.41,322.87,0.84,apta
0081_000379.jpg,train,Handrise-Read-write,62.23,58.06,340.84,0.89,apta
0081_000382.jpg,train,Handrise-Read-write,53.64,51.72,292.61,0.73,no apta
0081_000383.jpg,train,Handrise-Read-write,53.6,51.55,308.83,0.77,no apta
0081_000386.jpg,train,Handrise-Read-write,53.21,51.9,325.25,0.81,no apta
0081_000387.jpg,train,Handrise-Read-write,53.24,51.91,329.2,0.82,no apta
0081_000388.jpg,train,Handrise-Read-write,53.44,52.1,336.53,0.83,no apta
0081_000391.jpg,train,Handrise-Read-write,53.53,51.85,322.48,0.81,no apta
0081_000393.jpg,train,Handrise-Read-write,53.68,51.93,330.3,0.82,no apta
0081_000394.jpg,train,Handrise-Read-write,53.85,51.84,315.85,0.79,no apta
0081_000395.jpg,train,Handrise-Read-write,53.78,51.82,317.89,0.8,no apta
0081_000396.jpg,train,Handrise-Read-write,54.0,51.87,323.97,0.8,no apta
0081_000397.jpg,train,Handrise-Read-write,53.92,51.96,326.64,0.81,no apta
0081_000398.jpg,train,Handrise-Read-write,53.88,52.01,335.14,0.84,no apta
0081_000399.jpg,train,Handrise-Read-write,53.83,51.96,328.59,0.82,no apta
0081_000416.jpg,train,Handrise-Read-write,53.98,52.22,299.28,0.74,no apta
0081_000417.jpg,train,Handrise-Read-write,53.8,51.97,317.19,0.79,no apta
0081_000418.jpg,train,Handrise-Read-write,53.77,51.97,323.75,0.81,no apta
0081_000419.jpg,train,Handrise-Read-write,53.96,52.21,334.53,0.85,no apta
0081_000420.jpg,train,Handrise-Read-write,54.09,52.33,335.65,0.84,no apta
0081_000421.jpg,train,Handrise-Read-write,54.05,52.4,337.49,0.84,no apta
0081_000422.jpg,train,Handrise-Read-write,53.91,52.0,336.56,0.84,no apta
0081_000423.jpg,train,Handrise-Read-write,53.95,51.95,342.2,0.86,no apta
0081_000424.jpg,train,Handrise-Read-write,54.06,51.94,337.59,0.84,no apta
0081_000425.jpg,train,Handrise-Read-write,54.04,51.99,334.19,0.83,no apta
0081_000426.jpg,train,Handrise-Read-write,54.03,51.94,324.36,0.81,no apta
0081_000427.jpg,train,Handrise-Read-write,54.07,51.91,328.38,0.82,no apta
0081_000452.jpg,train,Handrise-Read-write,53.94,52.74,337.04,0.83,no apta
0081_000453.jpg,train,Handrise-Read-write,53.96,52.44,334.33,0.82,no apta
0081_000454.jpg,train,Handrise-Read-write,53.86,52.44,328.91,0.82,no apta
0081_000456.jpg,train,Handrise-Read-write,54.06,52.44,335.08,0.82,no apta
0081_000457.jpg,train,Handrise-Read-write,53.91,52.22,330.86,0.82,no apta
0081_000458.jpg,train,Handrise-Read-write,54.08,52.46,326.94,0.81,no apta
0081_000463.jpg,train,Handrise-Read-write,53.98,52.43,327.7,0.81,no apta
0081_000466.jpg,train,Handrise-Read-write,54.11,52.27,333.06,0.83,no apta
0081_000467.jpg,train,Handrise-Read-write,54.07,52.26,330.89,0.83,no apta
0081_001261.jpg,train,Handrise-Read-write,54.86,53.0,321.86,0.81,no apta
0081_001262.jpg,train,Handrise-Read-write,54.82,52.9,323.54,0.81,no apta
0081_001263.jpg,train,Handrise-Read-write,47.89,50.61,513.83,0.94,no apta
0081_001477.jpg,train,Handrise-Read-write,54.35,52.08,343.93,0.84,no apta
0081_001479.jpg,train,Handrise-Read-write,54.39,52.07,329.85,0.81,no apta
0081_001480.jpg,train,Handrise-Read-write,54.25,52.09,325.42,0.8,no apta
0081_001481.jpg,train,Handrise-Read-write,54.13,52.11,323.68,0.79,no apta
0081_001482.jpg,train,Handrise-Read-write,54.24,52.14,320.19,0.79,no apta
0081_001483.jpg,train,Handrise-Read-write,54.25,52.06,322.18,0.79,no apta
0081_001494.jpg,train,Handrise-Read-write,55.24,52.35,325.34,0.79,no apta
0081_001498.jpg,train,Handrise-Read-write,65.27,59.52,404.6,0.97,apta
0081_001499.jpg,train,Handrise-Read-write,65.41,59.44,387.68,0.92,apta
0081_001500.jpg,train,Handrise-Read-write,65.75,59.67,404.08,0.96,apta
0081_001501.jpg,train,Handrise-Read-write,65.58,59.89,389.67,0.93,apta
0081_001502.jpg,train,Handrise-Read-write,65.92,59.98,415.68,0.98,apta
0081_001503.jpg,train,Handrise-Read-write,65.83,59.93,419.26,0.99,apta
0081_001505.jpg,train,Handrise-Read-write,65.79,59.99,393.02,0.94,apta
0081_001506.jpg,train,Handrise-Read-write,65.32,59.65,398.84,0.95,apta
0081_001507.jpg,train,Handrise-Read-write,65.6,60.11,404.45,0.96,apta
0081_001508.jpg,train,Handrise-Read-write,65.71,60.26,395.48,0.95,apta
0081_001509.jpg,train,Handrise-Read-write,66.17,60.18,396.51,0.94,apta
0081_001510.jpg,train,Handrise-Read-write,66.31,60.24,383.32,0.93,apta
0081_001511.jpg,train,Handrise-Read-write,65.4,59.55,362.14,0.9,apta
0081_001512.jpg,train,Handrise-Read-write,66.07,59.8,372.82,0.92,apta
0081_001513.jpg,train,Handrise-Read-write,66.37,59.91,372.64,0.91,apta
0081_001786.jpg,train,Handrise-Read-write,54.21,51.55,287.56,0.71,no apta
0081_001787.jpg,train,Handrise-Read-write,54.15,51.46,293.37,0.73,no apta
0081_001789.jpg,train,Handrise-Read-write,53.89,52.09,282.48,0.72,no apta
0081_001790.jpg,train,Handrise-Read-write,54.61,52.12,292.86,0.74,no apta
0081_001791.jpg,train,Handrise-Read-write,54.3,51.87,304.33,0.76,no apta
0081_001792.jpg,train,Handrise-Read-write,54.37,51.91,309.7,0.78,no apta
0081_001793.jpg,train,Handrise-Read-write,53.99,51.91,298.38,0.75,no apta
0081_001794.jpg,train,Handrise-Read-write,54.27,51.81,294.21,0.73,no apta
0081_001795.jpg,train,Handrise-Read-write,54.3,51.94,300.36,0.75,no apta
0081_001796.jpg,train,Handrise-Read-write,54.44,52.11,310.58,0.78,no apta
0081_001797.jpg,train,Handrise-Read-write,54.18,51.96,304.42,0.76,no apta
0081_001798.jpg,train,Handrise-Read-write,54.27,52.06,303.42,0.76,no apta
0081_001799.jpg,train,Handrise-Read-write,54.3,52.1,309.19,0.77,no apta
0081_001800.jpg,train,Handrise-Read-write,54.34,52.18,303.19,0.76,no apta
0081_001801.jpg,train,Handrise-Read-write,54.42,52.18,305.37,0.77,no apta
0081_001802.jpg,train,Handrise-Read-write,54.37,52.1,312.07,0.78,no apta
0081_001803.jpg,train,Handrise-Read-write,54.31,52.12,312.69,0.78,no apta
0081_001804.jpg,train,Handrise-Read-write,54.35,52.13,305.49,0.77,no apta
0081_001805.jpg,train,Handrise-Read-write,54.42,52.1,311.06,0.79,no apta
0081_001806.jpg,train,Handrise-Read-write,54.2,52.02,310.33,0.78,no apta
0081_001867.jpg,train,Handrise-Read-write,54.07,52.26,331.8,0.83,no apta
0081_001868.jpg,train,Handrise-Read-write,54.02,52.23,333.46,0.82,no apta
0081_001869.jpg,train,Handrise-Read-write,54.01,52.21,327.79,0.81,no apta
0081_001870.jpg,train,Handrise-Read-write,54.17,52.28,327.1,0.81,no apta
0081_001871.jpg,train,Handrise-Read-write,54.07,52.23,340.96,0.85,no apta
0081_001872.jpg,train,Handrise-Read-write,53.9,52.21,339.17,0.83,no apta
0081_001873.jpg,train,Handrise-Read-write,53.9,52.21,340.43,0.83,no apta
0081_001874.jpg,train,Handrise-Read-write,60.62,56.11,312.49,0.84,apta
0081_001875.jpg,train,Handrise-Read-write,60.48,56.17,335.17,0.89,apta
0081_001876.jpg,train,Handrise-Read-write,60.46,56.02,332.1,0.87,apta
0081_001885.jpg,train,Handrise-Read-write,54.79,51.79,307.81,0.77,no apta
0081_001886.jpg,train,Handrise-Read-write,54.69,51.75,306.62,0.76,no apta
0081_001887.jpg,train,Handrise-Read-write,54.54,51.82,311.19,0.77,no apta
0081_001888.jpg,train,Handrise-Read-write,54.5,51.86,313.22,0.79,no apta
0081_001889.jpg,train,Handrise-Read-write,54.4,51.85,305.78,0.77,no apta
0081_001890.jpg,train,Handrise-Read-write,54.58,51.94,307.22,0.77,no apta
0081_001891.jpg,train,Handrise-Read-write,54.73,52.03,305.87,0.77,no apta
0085_000055.jpg,val,Handrise-Read-write,89.74,51.43,464.54,1.08,apta
0085_000074.jpg,val,Handrise-Read-write,89.81,51.42,469.35,1.08,apta
0085_001289.jpg,val,Handrise-Read-write,98.56,42.4,578.98,1.69,apta
0085_001514.jpg,val,Handrise-Read-write,116.62,37.78,182.87,0.62,apta
0085_001564.jpg,val,Handrise-Read-write,101.52,44.47,608.34,1.62,apta
0085_001565.jpg,val,Handrise-Read-write,101.33,44.69,605.24,1.6,apta
0085_001566.jpg,val,Handrise-Read-write,101.31,44.39,616.3,1.62,apta
0085_001567.jpg,val,Handrise-Read-write,101.71,44.2,598.77,1.59,apta
0085_001568.jpg,val,Handrise-Read-write,101.51,44.45,621.11,1.65,apta
0085_001569.jpg,val,Handrise-Read-write,100.91,44.38,594.99,1.58,apta
0085_001570.jpg,val,Handrise-Read-write,101.31,44.73,620.23,1.64,apta
0085_001589.jpg,val,Handrise-Read-write,97.79,44.05,559.14,1.51,apta
0086_000091.jpg,train,Handrise-Read-write,105.81,57.44,2756.18,3.7,apta
0086_000095.jpg,train,Handrise-Read-write,106.52,57.51,2757.49,3.67,apta
0086_000096.jpg,train,Handrise-Read-write,106.22,57.54,2809.37,3.71,apta
0086_000097.jpg,train,Handrise-Read-write,106.4,57.7,2778.4,3.7,apta
0086_000101.jpg,train,Handrise-Read-write,105.76,57.68,2797.71,3.71,apta
0086_000142.jpg,train,Handrise-Read-write,72.08,45.5,1277.41,1.6,apta
0086_000176.jpg,train,Handrise-Read-write,72.19,45.77,1305.28,1.56,apta
0086_000192.jpg,train,Handrise-Read-write,70.92,45.18,1309.67,1.54,apta
0086_000198.jpg,train,Handrise-Read-write,72.29,46.04,1317.83,1.59,apta
0086_000248.jpg,train,Handrise-Read-write,108.22,57.46,3132.46,4.11,apta
0086_000249.jpg,train,Handrise-Read-write,108.08,57.48,3144.63,4.11,apta
0086_000250.jpg,train,Handrise-Read-write,107.95,57.45,3134.47,4.12,apta
0086_000280.jpg,train,Handrise-Read-write,70.75,45.36,1345.56,1.57,apta
0086_000363.jpg,train,Handrise-Read-write,105.44,57.93,2999.08,3.94,apta
0086_000364.jpg,train,Handrise-Read-write,105.39,57.93,3017.91,3.96,apta
0086_000365.jpg,train,Handrise-Read-write,105.58,57.92,3005.39,3.97,apta
0086_000593.jpg,train,Handrise-Read-write,71.44,44.36,1303.37,1.65,apta
0086_000614.jpg,train,Handrise-Read-write,107.07,57.51,2793.74,3.69,apta
0086_000615.jpg,train,Handrise-Read-write,107.14,57.64,3033.5,4.02,apta
0086_000616.jpg,train,Handrise-Read-write,107.5,57.5,3095.36,4.08,apta
0086_000617.jpg,train,Handrise-Read-write,107.49,57.55,3191.67,4.2,apta
0086_000618.jpg,train,Handrise-Read-write,107.38,57.62,3224.44,4.26,apta
0086_000619.jpg,train,Handrise-Read-write,107.64,57.57,3280.02,4.34,apta
0086_000620.jpg,train,Handrise-Read-write,107.6,57.57,3266.6,4.32,apta
0086_000621.jpg,train,Handrise-Read-write,107.43,57.65,3288.91,4.34,apta
0086_000622.jpg,train,Handrise-Read-write,107.39,57.66,3284.02,4.34,apta
0086_000623.jpg,train,Handrise-Read-write,107.38,57.46,3189.62,4.27,apta
0086_000652.jpg,train,Handrise-Read-write,70.21,44.67,1269.28,1.58,apta
0086_000838.jpg,train,Handrise-Read-write,106.14,57.36,2804.08,3.73,apta
0086_000844.jpg,train,Handrise-Read-write,106.69,57.17,2907.87,3.88,apta
0086_000851.jpg,train,Handrise-Read-write,72.04,44.98,1141.74,1.52,apta
0086_000852.jpg,train,Handrise-Read-write,72.14,45.04,1203.52,1.58,apta
0086_000864.jpg,train,Handrise-Read-write,70.73,45.15,1275.41,1.69,apta
0086_000930.jpg,train,Handrise-Read-write,71.44,44.68,1279.12,1.6,apta
0086_001000.jpg,train,Handrise-Read-write,73.37,45.42,1313.39,1.6,apta
0086_001013.jpg,train,Handrise-Read-write,71.42,45.8,1212.09,1.53,apta
0086_001014.jpg,train,Handrise-Read-write,70.96,45.85,1239.31,1.55,apta
0086_001186.jpg,train,Handrise-Read-write,73.42,45.68,1214.87,1.58,apta
0086_001372.jpg,train,Handrise-Read-write,73.74,45.64,1277.37,1.62,apta
0086_001722.jpg,train,Handrise-Read-write,70.57,45.37,1252.07,1.63,apta
0086_002182.jpg,train,Handrise-Read-write,103.97,56.65,2858.5,3.84,apta
0086_002183.jpg,train,Handrise-Read-write,103.93,56.7,2872.86,3.84,apta
0086_002184.jpg,train,Handrise-Read-write,104.04,56.69,2871.85,3.85,apta
0086_002191.jpg,train,Handrise-Read-write,104.3,56.71,2877.2,3.87,apta
0086_002192.jpg,train,Handrise-Read-write,104.41,56.67,2858.27,3.86,apta
0086_002208.jpg,train,Handrise-Read-write,102.51,57.0,2793.77,3.78,apta
0086_002219.jpg,train,Handrise-Read-write,103.47,56.95,2724.8,3.62,apta
0086_002220.jpg,train,Handrise-Read-write,103.81,56.82,2732.11,3.63,apta
0086_002223.jpg,train,Handrise-Read-write,103.59,56.9,2804.17,3.77,apta
0086_002224.jpg,train,Handrise-Read-write,103.63,56.99,2860.7,3.82,apta
0086_002226.jpg,train,Handrise-Read-write,103.99,57.1,2878.06,3.9,apta
0086_002227.jpg,train,Handrise-Read-write,104.16,57.06,2813.77,3.8,apta
0086_002228.jpg,train,Handrise-Read-write,104.07,56.99,2774.87,3.73,apta
0086_002229.jpg,train,Handrise-Read-write,104.02,56.99,2845.28,3.82,apta
0086_002230.jpg,train,Handrise-Read-write,104.08,56.99,2865.97,3.84,apta
0086_002276.jpg,train,Handrise-Read-write,104.63,56.52,2610.48,3.54,apta
0086_002277.jpg,train,Handrise-Read-write,104.77,56.52,2575.35,3.49,apta
0086_002278.jpg,train,Handrise-Read-write,104.73,56.59,2568.07,3.47,apta
0086_002288.jpg,train,Handrise-Read-write,104.56,56.53,2531.72,3.42,apta
0086_002289.jpg,train,Handrise-Read-write,104.78,56.54,2586.36,3.51,apta
0086_002290.jpg,train,Handrise-Read-write,104.91,56.51,2578.58,3.5,apta
0086_002291.jpg,train,Handrise-Read-write,104.77,56.56,2556.73,3.46,apta
0086_002292.jpg,train,Handrise-Read-write,104.68,56.57,2569.65,3.47,apta
0086_002298.jpg,train,Handrise-Read-write,104.7,56.6,2649.81,3.55,apta
0086_002299.jpg,train,Handrise-Read-write,104.72,56.56,2622.83,3.52,apta
0086_002300.jpg,train,Handrise-Read-write,104.63,56.63,2623.87,3.53,apta
0086_002301.jpg,train,Handrise-Read-write,104.87,56.59,2670.09,3.6,apta
0086_002302.jpg,train,Handrise-Read-write,104.93,56.51,2660.31,3.58,apta
0086_002303.jpg,train,Handrise-Read-write,104.75,56.59,2649.37,3.55,apta
0086_002304.jpg,train,Handrise-Read-write,104.63,56.58,2618.49,3.52,apta
0086_002306.jpg,train,Handrise-Read-write,104.74,56.57,2568.4,3.47,apta
0086_002307.jpg,train,Handrise-Read-write,104.59,56.64,2586.07,3.47,apta
0086_002308.jpg,train,Handrise-Read-write,104.34,56.61,2585.28,3.48,apta
0086_002309.jpg,train,Handrise-Read-write,104.42,56.56,2581.97,3.49,apta
0086_002310.jpg,train,Handrise-Read-write,104.59,56.62,2618.58,3.56,apta
0086_002311.jpg,train,Handrise-Read-write,104.78,56.7,2592.85,3.54,apta
0086_002312.jpg,train,Handrise-Read-write,104.59,56.59,2582.51,3.52,apta
0086_002313.jpg,train,Handrise-Read-write,104.51,56.56,2577.58,3.5,apta
0086_002315.jpg,train,Handrise-Read-write,104.85,56.48,2574.0,3.48,apta
0086_002316.jpg,train,Handrise-Read-write,104.52,56.42,2569.07,3.48,apta
0086_002317.jpg,train,Handrise-Read-write,104.42,56.48,2612.45,3.55,apta
0086_002318.jpg,train,Handrise-Read-write,104.36,56.55,2770.54,3.77,apta
0086_002321.jpg,train,Handrise-Read-write,104.24,56.53,2766.33,3.74,apta
0086_002322.jpg,train,Handrise-Read-write,104.6,56.55,2748.11,3.77,apta
0086_002323.jpg,train,Handrise-Read-write,104.33,56.66,2727.72,3.71,apta
0086_002324.jpg,train,Handrise-Read-write,104.43,56.52,2716.38,3.69,apta
0086_002325.jpg,train,Handrise-Read-write,104.4,56.53,2726.45,3.7,apta
0086_002326.jpg,train,Handrise-Read-write,104.68,56.54,2772.97,3.78,apta
0086_002327.jpg,train,Handrise-Read-write,104.68,56.5,2767.9,3.76,apta
0086_002328.jpg,train,Handrise-Read-write,104.64,56.43,2744.43,3.73,apta
0086_002335.jpg,train,Handrise-Read-write,104.95,56.46,2732.82,3.7,apta
0086_002336.jpg,train,Handrise-Read-write,104.92,56.56,2741.14,3.73,apta
0086_002337.jpg,train,Handrise-Read-write,104.78,56.68,2741.65,3.72,apta
0086_002400.jpg,train,Handrise-Read-write,70.35,44.04,1366.07,1.72,apta
0086_002401.jpg,train,Handrise-Read-write,70.61,44.14,1417.0,1.79,apta
0086_002402.jpg,train,Handrise-Read-write,70.5,44.14,1414.63,1.78,apta
0087_000125.jpg,train,Handrise-Read-write,93.75,65.75,1041.93,1.42,apta
0087_000206.jpg,train,Handrise-Read-write,89.06,72.17,2451.5,3.05,apta
0087_000207.jpg,train,Handrise-Read-write,88.69,72.24,2525.32,3.16,apta
0087_000208.jpg,train,Handrise-Read-write,87.5,71.57,2580.35,3.24,apta
0087_000209.jpg,train,Handrise-Read-write,87.37,71.47,2606.5,3.26,apta
0087_000210.jpg,train,Handrise-Read-write,87.49,71.88,2675.79,3.39,apta
0087_000211.jpg,train,Handrise-Read-write,87.86,72.15,2617.65,3.3,apta
0087_000289.jpg,train,Handrise-Read-write,92.63,71.8,2707.37,3.42,apta
0087_000290.jpg,train,Handrise-Read-write,92.61,71.71,2706.32,3.42,apta
0087_000292.jpg,train,Handrise-Read-write,92.34,71.55,2699.8,3.44,apta
0087_000293.jpg,train,Handrise-Read-write,91.85,71.42,2699.8,3.41,apta
0087_000347.jpg,train,Handrise-Read-write,89.96,70.93,2391.66,3.04,apta
0087_000348.jpg,train,Handrise-Read-write,90.34,71.28,2557.38,3.21,apta
0087_000349.jpg,train,Handrise-Read-write,90.72,71.48,2571.93,3.24,apta
0087_000350.jpg,train,Handrise-Read-write,90.84,71.64,2585.41,3.25,apta
0087_000773.jpg,train,Handrise-Read-write,93.67,68.82,1166.01,1.57,apta
0087_000774.jpg,train,Handrise-Read-write,93.72,68.96,1186.91,1.6,apta
0087_000775.jpg,train,Handrise-Read-write,93.42,68.75,1189.53,1.6,apta
0087_000848.jpg,train,Handrise-Read-write,90.0,67.57,1185.33,1.59,apta
0087_000852.jpg,train,Handrise-Read-write,86.68,68.56,1133.72,1.53,apta
0087_000859.jpg,train,Handrise-Read-write,93.06,71.86,2612.67,3.29,apta
0087_000929.jpg,train,Handrise-Read-write,88.19,65.02,904.75,1.29,apta
0087_000930.jpg,train,Handrise-Read-write,89.5,64.59,998.2,1.41,apta
0087_000931.jpg,train,Handrise-Read-write,89.63,64.35,1245.53,1.69,apta
0087_000932.jpg,train,Handrise-Read-write,89.72,64.5,1251.95,1.71,apta
0087_001053.jpg,train,Handrise-Read-write,91.61,67.8,1331.74,1.97,apta
0087_001055.jpg,train,Handrise-Read-write,91.78,67.66,1318.1,1.92,apta
0087_001171.jpg,train,Handrise-Read-write,90.89,63.89,1146.46,1.61,apta
0087_001219.jpg,train,Handrise-Read-write,98.79,67.73,1576.47,2.36,apta
0087_001339.jpg,train,Handrise-Read-write,96.94,66.2,1266.51,1.76,apta
0087_001913.jpg,train,Handrise-Read-write,92.44,66.86,483.36,0.7,apta
0087_001914.jpg,train,Handrise-Read-write,96.29,66.78,688.02,0.94,apta
0087_001915.jpg,train,Handrise-Read-write,100.3,66.81,621.67,0.94,apta
0087_001916.jpg,train,Handrise-Read-write,95.74,66.72,671.33,0.9,apta
0087_001917.jpg,train,Handrise-Read-write,93.03,66.2,790.31,1.04,apta
0087_001919.jpg,train,Handrise-Read-write,91.77,65.55,934.73,1.23,apta
0087_001920.jpg,train,Handrise-Read-write,91.2,65.66,1125.44,1.48,apta
0087_001921.jpg,train,Handrise-Read-write,91.66,66.12,1187.43,1.6,apta
0087_001937.jpg,train,Handrise-Read-write,91.81,72.33,2688.26,3.37,apta
0087_001938.jpg,train,Handrise-Read-write,91.18,71.97,2642.15,3.32,apta
0087_001939.jpg,train,Handrise-Read-write,91.3,72.06,2657.85,3.35,apta
0087_001940.jpg,train,Handrise-Read-write,91.91,72.13,2652.91,3.33,apta
0087_001941.jpg,train,Handrise-Read-write,91.94,72.08,2675.59,3.36,apta
0087_001942.jpg,train,Handrise-Read-write,91.63,71.94,2710.11,3.41,apta
0087_001943.jpg,train,Handrise-Read-write,91.46,71.83,2691.89,3.42,apta
0087_001944.jpg,train,Handrise-Read-write,91.58,71.76,2671.61,3.39,apta
0087_001945.jpg,train,Handrise-Read-write,91.59,71.66,2662.48,3.36,apta
0087_001946.jpg,train,Handrise-Read-write,91.72,71.81,2648.53,3.35,apta
0087_001983.jpg,train,Handrise-Read-write,99.56,65.95,1064.87,1.52,apta
0087_001984.jpg,train,Handrise-Read-write,99.63,66.68,1273.52,1.81,apta
0087_001988.jpg,train,Handrise-Read-write,91.29,66.09,828.97,1.09,apta
0087_002134.jpg,train,Handrise-Read-write,90.17,71.61,2416.31,3.0,apta
0087_002137.jpg,train,Handrise-Read-write,90.46,72.74,2576.68,3.21,apta
0087_002138.jpg,train,Handrise-Read-write,90.39,72.31,2630.2,3.31,apta
0087_002140.jpg,train,Handrise-Read-write,90.85,72.59,2636.32,3.28,apta
0087_002141.jpg,train,Handrise-Read-write,90.96,72.89,2674.45,3.33,apta
0087_002142.jpg,train,Handrise-Read-write,91.91,73.17,2673.61,3.35,apta
0087_002143.jpg,train,Handrise-Read-write,91.66,73.06,2674.13,3.34,apta
0087_002144.jpg,train,Handrise-Read-write,90.9,72.6,2644.15,3.33,apta
0087_002145.jpg,train,Handrise-Read-write,90.87,72.48,2605.95,3.27,apta
0087_002146.jpg,train,Handrise-Read-write,89.8,71.99,2592.02,3.25,apta
0087_002147.jpg,train,Handrise-Read-write,89.03,72.0,2597.03,3.27,apta
0088_000411.jpg,train,Handrise-Read-write,98.24,50.18,539.21,1.3,apta
0088_000412.jpg,train,Handrise-Read-write,98.24,50.21,536.3,1.27,apta
0088_000413.jpg,train,Handrise-Read-write,98.32,50.41,542.91,1.28,apta
0088_000430.jpg,train,Handrise-Read-write,98.6,50.39,557.22,1.33,apta
0088_000435.jpg,train,Handrise-Read-write,99.27,50.29,571.28,1.36,apta
0088_000443.jpg,train,Handrise-Read-write,99.28,50.33,577.46,1.37,apta
0088_001053.jpg,train,Handrise-Read-write,100.64,48.9,291.27,0.62,apta
0088_001057.jpg,train,Handrise-Read-write,92.73,49.36,423.88,1.14,apta
0088_001065.jpg,train,Handrise-Read-write,92.86,49.59,428.9,1.12,apta
0088_001066.jpg,train,Handrise-Read-write,92.69,49.62,431.62,1.11,apta
0088_001067.jpg,train,Handrise-Read-write,92.54,49.98,435.44,1.12,apta
0088_001100.jpg,train,Handrise-Read-write,91.34,51.65,413.77,1.03,apta
0088_001149.jpg,train,Handrise-Read-write,91.56,48.18,450.61,1.14,apta
0088_001150.jpg,train,Handrise-Read-write,92.96,47.5,468.8,1.22,apta
0088_001151.jpg,train,Handrise-Read-write,93.88,47.26,464.17,1.2,apta
0088_001152.jpg,train,Handrise-Read-write,93.59,47.05,506.25,1.25,apta
0088_001153.jpg,train,Handrise-Read-write,94.82,47.71,504.96,1.3,apta
0088_001473.jpg,train,Handrise-Read-write,93.34,46.5,288.36,0.67,apta
0088_001505.jpg,train,Handrise-Read-write,92.31,46.18,273.62,0.63,apta
0088_001510.jpg,train,Handrise-Read-write,92.09,46.51,283.18,0.67,apta
0088_001511.jpg,train,Handrise-Read-write,92.09,46.48,287.68,0.66,apta
0088_001862.jpg,train,Handrise-Read-write,101.61,51.22,519.93,1.23,apta
0088_001863.jpg,train,Handrise-Read-write,101.73,51.22,520.8,1.23,apta
0088_001875.jpg,train,Handrise-Read-write,101.87,51.75,545.04,1.28,apta
0088_001876.jpg,train,Handrise-Read-write,101.65,51.99,550.76,1.3,apta
0088_001934.jpg,train,Handrise-Read-write,100.46,51.97,469.13,1.14,apta
0088_001936.jpg,train,Handrise-Read-write,100.84,52.31,555.62,1.33,apta
0088_001947.jpg,train,Handrise-Read-write,101.19,51.22,540.15,1.26,apta
0088_001948.jpg,train,Handrise-Read-write,101.33,51.34,575.33,1.36,apta
0088_001971.jpg,train,Handrise-Read-write,96.81,52.09,524.47,1.21,apta
0088_001972.jpg,train,Handrise-Read-write,97.47,52.17,539.26,1.24,apta
0088_001981.jpg,train,Handrise-Read-write,95.81,47.82,274.06,0.68,apta
0088_001982.jpg,train,Handrise-Read-write,95.56,47.54,266.45,0.66,apta
0088_002022.jpg,train,Handrise-Read-write,99.7,51.21,468.25,1.1,apta
0088_002141.jpg,train,Handrise-Read-write,92.9,47.39,264.72,0.61,apta
0088_002185.jpg,train,Handrise-Read-write,100.94,52.35,564.25,1.32,apta
0089_000029.jpg,train,Handrise-Read-write,95.03,61.61,528.98,0.85,apta
0089_000030.jpg,train,Handrise-Read-write,94.66,61.64,537.23,0.87,apta
0089_000031.jpg,train,Handrise-Read-write,94.77,61.6,538.4,0.87,apta
0089_000032.jpg,train,Handrise-Read-write,94.76,61.62,513.81,0.82,apta
0089_000095.jpg,train,Handrise-Read-write,97.49,62.16,633.19,0.94,apta
0089_000097.jpg,train,Handrise-Read-write,97.36,62.04,640.81,0.95,apta
0089_000104.jpg,train,Handrise-Read-write,98.84,64.53,716.77,0.98,apta
0089_000117.jpg,train,Handrise-Read-write,101.55,67.64,719.05,0.95,apta
0089_000120.jpg,train,Handrise-Read-write,101.85,67.78,738.89,0.97,apta
0089_000121.jpg,train,Handrise-Read-write,102.36,68.1,735.15,0.98,apta
0089_000124.jpg,train,Handrise-Read-write,103.65,68.85,702.22,0.95,apta
0089_000125.jpg,train,Handrise-Read-write,103.92,69.13,727.93,0.97,apta
0089_000187.jpg,train,Handrise-Read-write,102.31,67.97,723.23,0.95,apta
0089_000188.jpg,train,Handrise-Read-write,101.75,67.83,726.64,0.95,apta
0089_000199.jpg,train,Handrise-Read-write,101.09,68.0,721.97,0.92,apta
0089_000200.jpg,train,Handrise-Read-write,102.06,68.66,727.53,0.91,apta
0089_000201.jpg,train,Handrise-Read-write,102.9,68.94,729.58,0.93,apta
0089_000254.jpg,train,Handrise-Read-write,102.66,68.29,717.86,0.92,apta
0089_000255.jpg,train,Handrise-Read-write,102.79,68.42,711.43,0.92,apta
0089_000264.jpg,train,Handrise-Read-write,104.54,69.35,775.68,0.97,apta
0089_000288.jpg,train,Handrise-Read-write,103.37,69.94,752.37,1.0,apta
0089_000289.jpg,train,Handrise-Read-write,103.62,69.97,740.19,0.97,apta
0089_000291.jpg,train,Handrise-Read-write,103.86,69.69,730.36,0.94,apta
0089_000327.jpg,train,Handrise-Read-write,103.13,70.06,845.33,1.09,apta
0089_000328.jpg,train,Handrise-Read-write,103.53,69.93,846.77,1.09,apta
0089_000388.jpg,train,Handrise-Read-write,105.24,69.93,882.71,1.13,apta
0089_000407.jpg,train,Handrise-Read-write,104.69,69.87,927.94,1.15,apta
0089_000411.jpg,train,Handrise-Read-write,104.59,69.09,756.37,0.98,apta
0089_000412.jpg,train,Handrise-Read-write,104.42,68.99,763.57,1.0,apta
0089_000508.jpg,train,Handrise-Read-write,99.27,64.89,895.15,1.17,apta
0089_000509.jpg,train,Handrise-Read-write,98.47,64.42,908.07,1.19,apta
0089_000518.jpg,train,Handrise-Read-write,98.48,65.46,956.27,1.26,apta
0089_000519.jpg,train,Handrise-Read-write,98.62,64.86,934.32,1.23,apta
0089_000520.jpg,train,Handrise-Read-write,98.59,64.82,904.11,1.21,apta
0089_000521.jpg,train,Handrise-Read-write,99.2,65.13,912.29,1.21,apta
0089_000726.jpg,train,Handrise-Read-write,106.93,65.76,732.85,1.09,apta
0089_000727.jpg,train,Handrise-Read-write,107.41,65.98,722.02,1.09,apta
0089_000728.jpg,train,Handrise-Read-write,107.61,66.2,743.65,1.11,apta
0089_000729.jpg,train,Handrise-Read-write,107.63,66.08,745.9,1.1,apta
0089_000776.jpg,train,Handrise-Read-write,107.7,67.07,746.19,1.07,apta
0089_000777.jpg,train,Handrise-Read-write,107.73,67.1,750.28,1.07,apta
0089_000857.jpg,train,Handrise-Read-write,107.91,66.92,770.16,1.12,apta
0089_000862.jpg,train,Handrise-Read-write,92.99,57.15,963.57,1.71,apta
0089_000907.jpg,train,Handrise-Read-write,108.81,67.47,812.36,1.16,apta
0089_000908.jpg,train,Handrise-Read-write,108.67,67.5,801.08,1.14,apta
0089_000910.jpg,train,Handrise-Read-write,108.93,67.55,813.65,1.14,apta
0089_000911.jpg,train,Handrise-Read-write,108.77,67.59,806.94,1.12,apta
0089_000912.jpg,train,Handrise-Read-write,109.08,67.39,807.33,1.13,apta
0089_000925.jpg,train,Handrise-Read-write,109.1,67.16,794.74,1.09,apta
0089_000965.jpg,train,Handrise-Read-write,109.1,66.19,885.08,1.1,apta
0089_000966.jpg,train,Handrise-Read-write,108.85,66.43,922.76,1.16,apta
0089_000967.jpg,train,Handrise-Read-write,109.19,66.73,910.18,1.16,apta
0089_000972.jpg,train,Handrise-Read-write,109.14,66.95,841.64,1.06,apta
0089_001013.jpg,train,Handrise-Read-write,108.15,66.23,897.72,1.2,apta
0089_001152.jpg,train,Handrise-Read-write,103.79,63.89,864.85,1.14,apta
0089_001164.jpg,train,Handrise-Read-write,104.97,55.0,767.78,1.31,apta
0089_001165.jpg,train,Handrise-Read-write,105.1,55.13,793.16,1.34,apta
0089_001166.jpg,train,Handrise-Read-write,105.59,55.15,775.91,1.33,apta
0089_001167.jpg,train,Handrise-Read-write,105.54,55.18,774.84,1.32,apta
0089_001281.jpg,train,Handrise-Read-write,103.19,64.08,851.02,1.1,apta
0089_001316.jpg,train,Handrise-Read-write,103.97,58.18,917.62,1.55,apta
0089_001317.jpg,train,Handrise-Read-write,104.11,58.53,936.46,1.58,apta
0089_001318.jpg,train,Handrise-Read-write,104.21,59.02,947.94,1.59,apta
0089_001319.jpg,train,Handrise-Read-write,104.06,59.15,978.19,1.65,apta
0089_001464.jpg,train,Handrise-Read-write,106.83,65.58,896.2,1.23,apta
0089_001584.jpg,train,Handrise-Read-write,86.54,56.16,813.59,1.5,apta
0089_001585.jpg,train,Handrise-Read-write,86.16,56.44,886.96,1.62,apta
0089_001586.jpg,train,Handrise-Read-write,86.27,56.46,895.81,1.62,apta
0089_001587.jpg,train,Handrise-Read-write,86.09,56.33,867.7,1.57,apta
0089_001588.jpg,train,Handrise-Read-write,105.9,56.78,810.02,1.43,apta
0089_001598.jpg,train,Handrise-Read-write,109.23,66.32,825.68,1.12,apta
0089_001605.jpg,train,Handrise-Read-write,83.36,57.67,881.32,1.54,apta
0089_001613.jpg,train,Handrise-Read-write,108.1,66.26,928.3,1.2,apta
0089_001614.jpg,train,Handrise-Read-write,108.56,66.19,962.52,1.25,apta
0089_001618.jpg,train,Handrise-Read-write,112.34,54.39,905.07,1.54,apta
0089_001619.jpg,train,Handrise-Read-write,109.57,55.84,819.06,1.4,apta
0089_001620.jpg,train,Handrise-Read-write,107.53,56.38,927.51,1.56,apta
0089_001621.jpg,train,Handrise-Read-write,107.47,56.15,878.92,1.48,apta
0089_001622.jpg,train,Handrise-Read-write,106.78,55.86,944.87,1.62,apta
0089_001623.jpg,train,Handrise-Read-write,106.68,55.39,860.08,1.49,apta
0089_001624.jpg,train,Handrise-Read-write,104.77,55.72,878.64,1.54,apta
0089_001625.jpg,train,Handrise-Read-write,104.57,55.86,938.54,1.64,apta
0089_001626.jpg,train,Handrise-Read-write,104.9,55.71,1002.56,1.77,apta
0089_001627.jpg,train,Handrise-Read-write,105.19,55.43,1000.3,1.75,apta
0089_001628.jpg,train,Handrise-Read-write,104.71,55.84,994.79,1.73,apta
0089_001629.jpg,train,Handrise-Read-write,104.79,55.79,1004.75,1.75,apta
0089_001630.jpg,train,Handrise-Read-write,104.84,55.81,1004.97,1.75,apta
0089_001631.jpg,train,Handrise-Read-write,105.1,55.75,971.83,1.71,apta
0089_001632.jpg,train,Handrise-Read-write,104.85,55.61,959.83,1.69,apta
0089_001635.jpg,train,Handrise-Read-write,101.61,67.83,903.11,1.26,apta
0089_001638.jpg,train,Handrise-Read-write,104.81,55.65,866.55,1.54,apta
0089_001639.jpg,train,Handrise-Read-write,104.97,55.73,943.36,1.67,apta
0089_001640.jpg,train,Handrise-Read-write,104.93,55.78,956.1,1.68,apta
0089_001641.jpg,train,Handrise-Read-write,104.91,55.8,963.65,1.69,apta
0089_001642.jpg,train,Handrise-Read-write,104.96,55.81,965.88,1.69,apta
0089_001643.jpg,train,Handrise-Read-write,105.17,55.66,984.6,1.75,apta
0089_001644.jpg,train,Handrise-Read-write,104.99,55.84,967.16,1.7,apta
0089_001645.jpg,train,Handrise-Read-write,104.93,55.85,972.79,1.71,apta
0089_001646.jpg,train,Handrise-Read-write,104.82,55.98,986.24,1.72,apta
0089_001647.jpg,train,Handrise-Read-write,104.82,55.98,997.2,1.77,apta
0089_001648.jpg,train,Handrise-Read-write,104.86,55.95,990.05,1.75,apta
0089_001649.jpg,train,Handrise-Read-write,104.81,55.97,982.92,1.73,apta
0089_001650.jpg,train,Handrise-Read-write,104.84,55.9,948.3,1.68,apta
0089_001651.jpg,train,Handrise-Read-write,104.73,55.89,927.77,1.66,apta
0089_001652.jpg,train,Handrise-Read-write,101.98,68.15,904.9,1.25,apta
0089_001653.jpg,train,Handrise-Read-write,100.48,68.2,917.51,1.3,apta
0089_001656.jpg,train,Handrise-Read-write,104.92,55.42,839.62,1.53,apta
0089_001657.jpg,train,Handrise-Read-write,104.8,55.46,855.97,1.55,apta
0089_001658.jpg,train,Handrise-Read-write,104.89,55.52,875.08,1.58,apta
0089_001665.jpg,train,Handrise-Read-write,104.96,55.58,913.69,1.65,apta
0089_001666.jpg,train,Handrise-Read-write,104.92,55.45,910.76,1.65,apta
0089_001711.jpg,train,Handrise-Read-write,100.45,54.76,881.13,1.56,apta
0089_001712.jpg,train,Handrise-Read-write,100.55,54.73,904.13,1.61,apta
0089_001713.jpg,train,Handrise-Read-write,100.62,54.66,908.97,1.61,apta
0089_001714.jpg,train,Handrise-Read-write,100.7,54.73,932.43,1.65,apta
0089_001715.jpg,train,Handrise-Read-write,100.44,54.84,943.62,1.68,apta
0089_001716.jpg,train,Handrise-Read-write,100.3,54.91,945.78,1.68,apta
0089_001735.jpg,train,Handrise-Read-write,106.13,69.1,1053.92,1.37,apta
0089_001741.jpg,train,Handrise-Read-write,111.57,54.21,893.04,1.51,apta
0089_001742.jpg,train,Handrise-Read-write,111.71,54.13,897.74,1.51,apta
0089_001743.jpg,train,Handrise-Read-write,111.7,54.08,922.51,1.56,apta
0089_001744.jpg,train,Handrise-Read-write,111.87,53.99,905.03,1.53,apta
0089_001745.jpg,train,Handrise-Read-write,111.86,54.0,909.92,1.54,apta
0089_001746.jpg,train,Handrise-Read-write,111.81,54.05,916.76,1.55,apta
0089_001747.jpg,train,Handrise-Read-write,112.03,54.09,942.01,1.59,apta
0089_001749.jpg,train,Handrise-Read-write,111.92,54.09,927.64,1.56,apta
0089_001750.jpg,train,Handrise-Read-write,111.95,54.07,932.25,1.56,apta
0089_001751.jpg,train,Handrise-Read-write,111.99,54.12,958.61,1.62,apta
0089_001752.jpg,train,Handrise-Read-write,112.01,54.12,946.92,1.6,apta
0089_001757.jpg,train,Handrise-Read-write,112.02,53.95,875.37,1.46,apta
0089_001759.jpg,train,Handrise-Read-write,111.62,53.95,887.99,1.49,apta
0089_001775.jpg,train,Handrise-Read-write,101.01,67.84,935.18,1.44,apta
0089_001776.jpg,train,Handrise-Read-write,101.17,67.82,978.54,1.48,apta
0089_001779.jpg,train,Handrise-Read-write,111.09,54.08,876.91,1.47,apta
0089_001780.jpg,train,Handrise-Read-write,111.22,54.13,905.66,1.52,apta
0089_001781.jpg,train,Handrise-Read-write,111.23,54.12,920.94,1.55,apta
0089_001782.jpg,train,Handrise-Read-write,111.3,54.16,926.85,1.56,apta
0089_001783.jpg,train,Handrise-Read-write,111.54,54.0,930.29,1.56,apta
0089_001784.jpg,train,Handrise-Read-write,111.76,53.94,927.22,1.56,apta
0089_001785.jpg,train,Handrise-Read-write,111.74,53.9,930.23,1.58,apta
0089_001786.jpg,train,Handrise-Read-write,111.7,53.91,934.17,1.59,apta
0089_001787.jpg,train,Handrise-Read-write,111.36,54.04,926.82,1.57,apta
0089_001788.jpg,train,Handrise-Read-write,111.28,54.15,934.9,1.58,apta
0089_001789.jpg,train,Handrise-Read-write,111.48,54.14,934.82,1.59,apta
0089_001790.jpg,train,Handrise-Read-write,111.67,53.93,928.36,1.57,apta
0089_001791.jpg,train,Handrise-Read-write,111.49,54.06,922.29,1.55,apta
0089_001797.jpg,train,Handrise-Read-write,111.83,54.3,969.44,1.62,apta
0089_001798.jpg,train,Handrise-Read-write,112.25,54.21,970.04,1.62,apta
0089_001799.jpg,train,Handrise-Read-write,112.14,54.25,976.48,1.63,apta
0089_001800.jpg,train,Handrise-Read-write,112.13,54.27,973.81,1.62,apta
0089_001801.jpg,train,Handrise-Read-write,112.24,54.34,980.58,1.65,apta
0089_001802.jpg,train,Handrise-Read-write,112.25,54.3,978.48,1.64,apta
0089_001803.jpg,train,Handrise-Read-write,112.23,54.27,980.15,1.64,apta
0089_001805.jpg,train,Handrise-Read-write,112.71,54.16,972.87,1.63,apta
0089_001806.jpg,train,Handrise-Read-write,113.52,53.81,980.55,1.65,apta
0089_001807.jpg,train,Handrise-Read-write,113.52,53.77,982.84,1.65,apta
0089_001808.jpg,train,Handrise-Read-write,113.31,53.81,976.55,1.65,apta
0089_001898.jpg,train,Handrise-Read-write,106.88,54.45,764.72,1.27,apta
0089_001899.jpg,train,Handrise-Read-write,106.9,54.42,765.39,1.26,apta
0089_001900.jpg,train,Handrise-Read-write,107.04,54.4,744.34,1.24,apta
0089_001933.jpg,train,Handrise-Read-write,85.54,59.52,801.12,1.51,apta
0089_001934.jpg,train,Handrise-Read-write,85.83,59.76,807.82,1.55,apta
0089_001967.jpg,train,Handrise-Read-write,104.29,61.07,850.79,1.0,apta
0089_001968.jpg,train,Handrise-Read-write,103.0,60.54,815.48,0.97,apta
0089_002003.jpg,train,Handrise-Read-write,101.95,62.06,733.06,0.92,apta
0089_002134.jpg,train,Handrise-Read-write,106.89,62.37,906.32,1.04,apta
0089_002162.jpg,train,Handrise-Read-write,107.55,61.66,739.44,0.97,apta
0089_002164.jpg,train,Handrise-Read-write,107.79,61.64,732.49,0.98,apta
0089_002165.jpg,train,Handrise-Read-write,107.63,61.64,734.54,0.98,apta
0089_002186.jpg,train,Handrise-Read-write,107.89,62.02,729.37,0.98,apta
0089_002201.jpg,train,Handrise-Read-write,107.19,61.78,750.09,0.99,apta
0089_002202.jpg,train,Handrise-Read-write,107.03,61.76,714.78,0.97,apta
0089_002209.jpg,train,Handrise-Read-write,106.76,61.87,693.5,0.87,apta
0089_002210.jpg,train,Handrise-Read-write,107.74,62.15,711.38,0.95,apta
0089_002232.jpg,train,Handrise-Read-write,106.37,65.75,778.69,1.05,apta
0090_000037.jpg,val,Handrise-Read-write,110.48,66.16,636.21,0.88,apta
0090_000043.jpg,val,Handrise-Read-write,110.52,66.04,651.69,0.9,apta
0090_000076.jpg,val,Handrise-Read-write,101.93,49.16,561.15,1.31,apta
0090_000078.jpg,val,Handrise-Read-write,103.56,49.04,563.83,1.28,apta
0090_000086.jpg,val,Handrise-Read-write,103.67,49.55,631.53,1.37,apta
0090_000224.jpg,val,Handrise-Read-write,110.03,51.63,627.11,1.33,apta
0090_000338.jpg,val,Handrise-Read-write,110.32,51.07,667.55,1.39,apta
0090_000353.jpg,val,Handrise-Read-write,104.3,49.41,657.36,1.41,apta
0090_000369.jpg,val,Handrise-Read-write,109.94,52.18,668.02,1.38,apta
0090_000392.jpg,val,Handrise-Read-write,104.02,50.1,664.94,1.42,apta
0090_000393.jpg,val,Handrise-Read-write,104.09,50.06,673.97,1.43,apta
0090_000394.jpg,val,Handrise-Read-write,104.08,50.12,687.03,1.47,apta
0090_000395.jpg,val,Handrise-Read-write,103.76,49.85,661.63,1.43,apta
0090_000396.jpg,val,Handrise-Read-write,103.22,49.61,600.45,1.33,apta
0090_000397.jpg,val,Handrise-Read-write,103.39,50.22,633.03,1.38,apta
0090_000398.jpg,val,Handrise-Read-write,103.38,50.56,661.35,1.44,apta
0090_000399.jpg,val,Handrise-Read-write,103.21,50.51,641.04,1.41,apta
0090_000519.jpg,val,Handrise-Read-write,110.45,51.29,629.2,1.34,apta
0090_000557.jpg,val,Handrise-Read-write,107.69,59.91,383.67,0.66,apta
0090_000805.jpg,val,Handrise-Read-write,109.78,60.1,322.82,0.69,apta
0090_000872.jpg,val,Handrise-Read-write,104.2,49.23,641.72,1.39,apta
0090_000873.jpg,val,Handrise-Read-write,104.27,49.22,670.44,1.42,apta
0090_000876.jpg,val,Handrise-Read-write,104.83,49.16,666.26,1.43,apta
0090_000914.jpg,val,Handrise-Read-write,110.66,52.85,683.69,1.44,apta
0090_000916.jpg,val,Handrise-Read-write,110.75,52.87,696.79,1.44,apta
0090_000920.jpg,val,Handrise-Read-write,104.98,49.08,649.27,1.4,apta
0090_001270.jpg,val,Handrise-Read-write,110.36,52.42,637.41,1.38,apta
0090_001294.jpg,val,Handrise-Read-write,109.0,51.33,660.85,1.4,apta
0090_001366.jpg,val,Handrise-Read-write,103.77,49.15,650.55,1.42,apta
0090_001395.jpg,val,Handrise-Read-write,110.2,52.22,735.08,1.51,apta
0090_001565.jpg,val,Handrise-Read-write,105.85,61.08,361.78,0.7,apta
0090_001573.jpg,val,Handrise-Read-write,105.74,61.13,368.12,0.72,apta
0090_001645.jpg,val,Handrise-Read-write,101.92,48.85,504.51,1.28,apta
0090_001646.jpg,val,Handrise-Read-write,101.91,48.96,497.7,1.26,apta
0090_001651.jpg,val,Handrise-Read-write,102.04,48.73,499.14,1.27,apta
0090_001652.jpg,val,Handrise-Read-write,102.01,48.65,481.18,1.23,apta
0090_001653.jpg,val,Handrise-Read-write,102.06,48.8,483.21,1.23,apta
0090_001654.jpg,val,Handrise-Read-write,102.16,48.78,486.1,1.23,apta
0090_001655.jpg,val,Handrise-Read-write,102.09,48.76,502.8,1.27,apta
0090_001656.jpg,val,Handrise-Read-write,102.07,48.82,509.12,1.28,apta
0090_001657.jpg,val,Handrise-Read-write,101.88,48.74,497.55,1.26,apta
0090_001658.jpg,val,Handrise-Read-write,102.02,48.86,498.76,1.26,apta
0090_001659.jpg,val,Handrise-Read-write,102.11,48.78,497.45,1.25,apta
0090_001660.jpg,val,Handrise-Read-write,102.29,48.76,495.6,1.25,apta
0090_001663.jpg,val,Handrise-Read-write,101.95,48.91,483.74,1.21,apta
0090_001664.jpg,val,Handrise-Read-write,102.17,48.82,493.03,1.23,apta
0090_001665.jpg,val,Handrise-Read-write,101.99,48.87,494.18,1.23,apta
0090_001666.jpg,val,Handrise-Read-write,102.22,49.01,488.78,1.21,apta
0090_001667.jpg,val,Handrise-Read-write,102.12,49.08,499.77,1.23,apta
0090_001670.jpg,val,Handrise-Read-write,102.01,48.75,483.17,1.21,apta
0090_001671.jpg,val,Handrise-Read-write,101.74,48.71,481.97,1.2,apta
0090_001672.jpg,val,Handrise-Read-write,101.7,48.77,500.07,1.25,apta
0090_001673.jpg,val,Handrise-Read-write,101.72,48.76,499.22,1.24,apta
0090_001674.jpg,val,Handrise-Read-write,101.75,48.72,490.12,1.22,apta
0090_001675.jpg,val,Handrise-Read-write,101.75,48.77,494.28,1.23,apta
0090_001676.jpg,val,Handrise-Read-write,101.98,48.92,499.4,1.24,apta
0090_001677.jpg,val,Handrise-Read-write,101.73,48.92,489.84,1.23,apta
0090_001678.jpg,val,Handrise-Read-write,101.85,48.93,493.13,1.23,apta
0090_001682.jpg,val,Handrise-Read-write,100.68,48.64,465.62,1.18,apta
0090_001683.jpg,val,Handrise-Read-write,100.88,48.77,466.36,1.18,apta
0090_001684.jpg,val,Handrise-Read-write,101.0,48.68,458.76,1.17,apta
0090_001685.jpg,val,Handrise-Read-write,101.01,48.49,447.27,1.15,apta
0090_001686.jpg,val,Handrise-Read-write,100.97,48.64,452.06,1.16,apta
0090_001687.jpg,val,Handrise-Read-write,100.71,48.64,466.91,1.2,apta
0090_001688.jpg,val,Handrise-Read-write,100.69,48.47,460.85,1.18,apta
0090_001689.jpg,val,Handrise-Read-write,100.83,48.46,465.5,1.2,apta
0090_001690.jpg,val,Handrise-Read-write,100.99,48.44,471.71,1.2,apta
0090_001691.jpg,val,Handrise-Read-write,101.0,48.37,469.78,1.19,apta
0090_001692.jpg,val,Handrise-Read-write,100.83,48.38,476.09,1.21,apta
0090_001694.jpg,val,Handrise-Read-write,100.89,48.54,480.41,1.21,apta
0090_001695.jpg,val,Handrise-Read-write,100.91,48.71,471.42,1.2,apta
0090_001696.jpg,val,Handrise-Read-write,101.05,48.7,473.15,1.21,apta
0090_001697.jpg,val,Handrise-Read-write,100.87,48.64,463.62,1.19,apta
0090_001698.jpg,val,Handrise-Read-write,101.15,48.66,477.41,1.21,apta
0090_001699.jpg,val,Handrise-Read-write,101.23,48.62,484.93,1.21,apta
0090_001700.jpg,val,Handrise-Read-write,101.47,48.65,472.36,1.18,apta
0090_001701.jpg,val,Handrise-Read-write,101.53,48.65,481.15,1.21,apta
0090_001702.jpg,val,Handrise-Read-write,101.35,48.84,476.0,1.2,apta
0090_001703.jpg,val,Handrise-Read-write,100.89,48.89,460.45,1.17,apta
0090_001710.jpg,val,Handrise-Read-write,102.01,49.16,483.91,1.2,apta
0090_001711.jpg,val,Handrise-Read-write,102.15,49.3,481.98,1.19,apta
0090_001712.jpg,val,Handrise-Read-write,102.17,49.17,488.5,1.2,apta
0090_001713.jpg,val,Handrise-Read-write,102.19,49.15,490.98,1.21,apta
0090_001714.jpg,val,Handrise-Read-write,102.21,49.34,503.09,1.25,apta
0090_001715.jpg,val,Handrise-Read-write,102.01,49.31,492.26,1.22,apta
0090_001716.jpg,val,Handrise-Read-write,102.38,49.23,494.42,1.23,apta
0090_001717.jpg,val,Handrise-Read-write,102.17,49.3,487.77,1.21,apta
0090_001718.jpg,val,Handrise-Read-write,102.09,49.31,489.96,1.23,apta
0090_001719.jpg,val,Handrise-Read-write,101.97,49.37,500.06,1.26,apta
0090_001720.jpg,val,Handrise-Read-write,102.04,49.49,488.44,1.22,apta
0090_001721.jpg,val,Handrise-Read-write,101.84,49.37,490.06,1.21,apta
0090_001722.jpg,val,Handrise-Read-write,102.1,49.34,505.87,1.25,apta
0090_001723.jpg,val,Handrise-Read-write,102.19,49.36,509.21,1.25,apta
0090_001724.jpg,val,Handrise-Read-write,102.4,49.27,494.9,1.22,apta
0090_001727.jpg,val,Handrise-Read-write,102.43,49.25,494.69,1.22,apta
0090_001728.jpg,val,Handrise-Read-write,102.23,49.27,498.32,1.24,apta
0090_001738.jpg,val,Handrise-Read-write,102.21,48.94,477.31,1.19,apta
0090_001739.jpg,val,Handrise-Read-write,108.98,51.54,522.51,1.21,apta
0090_001744.jpg,val,Handrise-Read-write,108.94,52.12,552.98,1.25,apta
0090_001746.jpg,val,Handrise-Read-write,108.69,51.85,521.92,1.21,apta
0090_001747.jpg,val,Handrise-Read-write,108.59,51.77,556.47,1.27,apta
0090_001748.jpg,val,Handrise-Read-write,108.8,51.72,544.72,1.24,apta
0090_001749.jpg,val,Handrise-Read-write,109.01,51.8,538.47,1.23,apta
0090_001750.jpg,val,Handrise-Read-write,108.86,51.9,537.99,1.23,apta
0090_001751.jpg,val,Handrise-Read-write,108.66,52.14,553.48,1.25,apta
0090_001752.jpg,val,Handrise-Read-write,108.52,52.03,535.91,1.22,apta
0090_001753.jpg,val,Handrise-Read-write,108.31,52.27,547.99,1.25,apta
0090_001754.jpg,val,Handrise-Read-write,108.54,52.21,544.88,1.24,apta
0090_001755.jpg,val,Handrise-Read-write,108.62,52.28,559.88,1.26,apta
0090_001756.jpg,val,Handrise-Read-write,108.58,52.2,567.42,1.29,apta
0091_000017.jpg,train,Handrise-Read-write,145.56,83.56,798.33,0.96,apta
0091_000166.jpg,train,Handrise-Read-write,174.72,77.63,1120.04,0.91,apta
0091_000183.jpg,train,Handrise-Read-write,166.41,65.12,1591.99,2.38,apta
0091_000184.jpg,train,Handrise-Read-write,166.72,64.8,1568.94,2.35,apta
0091_000188.jpg,train,Handrise-Read-write,164.17,65.09,1147.26,1.88,apta
0091_000191.jpg,train,Handrise-Read-write,166.87,64.46,1555.62,2.29,apta
0091_000647.jpg,train,Handrise-Read-write,158.18,58.31,1505.4,2.23,apta
0091_000780.jpg,train,Handrise-Read-write,151.88,82.69,1622.38,1.42,apta
0091_000909.jpg,train,Handrise-Read-write,155.18,59.74,1316.05,1.98,apta
0091_000920.jpg,train,Handrise-Read-write,172.56,65.16,1514.82,2.27,apta
0091_001099.jpg,train,Handrise-Read-write,161.9,58.22,1156.42,1.81,apta
0091_001149.jpg,train,Handrise-Read-write,160.36,56.94,1242.3,1.99,apta
0091_001175.jpg,train,Handrise-Read-write,164.23,60.92,1198.19,1.95,apta
0091_001181.jpg,train,Handrise-Read-write,164.61,60.38,1143.83,1.87,apta
0091_001339.jpg,train,Handrise-Read-write,157.97,58.25,1290.68,1.98,apta
0091_001340.jpg,train,Handrise-Read-write,158.59,57.79,1219.74,1.89,apta
0091_001345.jpg,train,Handrise-Read-write,164.73,62.76,1271.73,1.98,apta
0091_001431.jpg,train,Handrise-Read-write,160.56,55.54,991.13,1.61,apta
0091_001452.jpg,train,Handrise-Read-write,162.25,57.69,1285.72,1.89,apta
0091_001453.jpg,train,Handrise-Read-write,162.16,57.84,1266.37,1.88,apta
0091_001457.jpg,train,Handrise-Read-write,162.29,57.77,1253.19,1.85,apta
0091_001461.jpg,train,Handrise-Read-write,162.69,57.53,1299.33,1.92,apta
0091_001493.jpg,train,Handrise-Read-write,152.83,51.14,533.07,1.08,apta
0091_001499.jpg,train,Handrise-Read-write,142.31,55.54,679.6,1.16,apta
0091_001522.jpg,train,Handrise-Read-write,162.74,53.07,1338.89,1.98,apta
0091_001623.jpg,train,Handrise-Read-write,159.0,61.21,1610.99,2.28,apta
0091_001630.jpg,train,Handrise-Read-write,159.93,60.36,1479.59,2.13,apta
0091_001635.jpg,train,Handrise-Read-write,159.79,60.03,1434.89,2.07,apta
0091_001663.jpg,train,Handrise-Read-write,173.98,73.95,585.91,0.82,apta
0091_001666.jpg,train,Handrise-Read-write,160.45,59.31,1579.48,2.26,apta
0091_001681.jpg,train,Handrise-Read-write,165.56,65.79,1202.53,1.98,apta
0091_001689.jpg,train,Handrise-Read-write,168.07,65.48,1504.38,2.25,apta
0091_001696.jpg,train,Handrise-Read-write,167.61,65.6,1467.03,2.19,apta
0091_001697.jpg,train,Handrise-Read-write,167.03,66.25,1528.42,2.27,apta
0091_001698.jpg,train,Handrise-Read-write,167.3,65.91,1590.1,2.42,apta
0091_001731.jpg,train,Handrise-Read-write,172.81,75.16,472.99,0.71,apta
0091_001897.jpg,train,Handrise-Read-write,160.73,59.63,1016.54,1.59,apta
0091_001898.jpg,train,Handrise-Read-write,160.44,59.61,1038.94,1.6,apta
0091_001941.jpg,train,Handrise-Read-write,163.53,64.03,1226.05,1.85,apta
0091_002026.jpg,train,Handrise-Read-write,161.77,67.74,1191.18,1.85,apta
0091_002108.jpg,train,Handrise-Read-write,161.73,59.06,1053.24,1.62,apta
0091_002110.jpg,train,Handrise-Read-write,161.43,59.3,994.95,1.55,apta
0091_002113.jpg,train,Handrise-Read-write,161.5,59.56,1037.37,1.58,apta
0091_002115.jpg,train,Handrise-Read-write,161.68,59.65,1044.82,1.59,apta
0091_002118.jpg,train,Handrise-Read-write,162.65,59.47,1085.84,1.65,apta
0091_002121.jpg,train,Handrise-Read-write,162.55,59.4,995.0,1.54,apta
0091_002210.jpg,train,Handrise-Read-write,163.18,70.46,885.43,1.02,apta
0100010.jpg,train,Handrise-Read-write,134.24,72.63,547.3,0.89,apta
0100011.jpg,train,Handrise-Read-write,131.0,76.91,457.59,0.78,apta
0100012.jpg,train,Handrise-Read-write,145.58,67.3,384.76,0.62,apta
0100013.jpg,train,Handrise-Read-write,142.53,57.27,427.48,0.89,apta
0100015.jpg,train,Handrise-Read-write,135.0,71.06,468.62,0.79,apta
0100016.jpg,train,Handrise-Read-write,150.8,64.22,449.8,0.87,apta
0100017.jpg,train,Handrise-Read-write,114.89,66.61,558.44,1.06,apta
0100018.jpg,train,Handrise-Read-write,107.29,64.66,449.78,1.08,apta
0100019.jpg,train,Handrise-Read-write,113.52,67.65,454.17,1.03,apta
0100020.jpg,train,Handrise-Read-write,106.94,64.3,645.39,1.52,apta
0100021.jpg,train,Handrise-Read-write,112.28,78.21,386.5,0.7,apta
0100022.jpg,train,Handrise-Read-write,111.03,65.61,507.28,1.07,apta
0100023.jpg,train,Handrise-Read-write,113.57,65.59,608.6,1.17,apta
0100024.jpg,train,Handrise-Read-write,105.05,76.94,371.74,0.72,apta
0100025.jpg,train,Handrise-Read-write,106.71,68.25,597.88,1.21,apta
0100026.jpg,train,Handrise-Read-write,110.61,66.93,613.14,1.19,apta
0100027.jpg,train,Handrise-Read-write,113.43,69.84,567.74,1.18,apta
0100029.jpg,train,Handrise-Read-write,68.58,60.67,879.02,0.91,apta
0100030.jpg,train,Handrise-Read-write,94.9,69.97,1603.01,1.42,apta
0100031.jpg,train,Handrise-Read-write,89.22,68.33,2186.66,2.03,apta
0100032.jpg,train,Handrise-Read-write,84.26,64.02,1711.06,1.59,apta
0100033.jpg,train,Handrise-Read-write,88.83,65.98,2010.82,1.72,apta
0100034.jpg,train,Handrise-Read-write,84.23,64.6,1723.69,1.68,apta
0100038.jpg,train,Handrise-Read-write,84.74,62.44,1984.34,1.48,apta
0100039.jpg,train,Handrise-Read-write,89.29,59.48,1669.97,1.58,apta
0100041.jpg,train,Handrise-Read-write,95.75,59.29,1458.63,1.37,apta
0100043.jpg,train,Handrise-Read-write,96.69,60.79,1225.98,1.14,apta
0100051.jpg,train,Handrise-Read-write,65.82,67.99,884.4,1.13,apta
0100055.jpg,train,Handrise-Read-write,60.08,58.36,911.87,1.34,apta
0100056.jpg,train,Handrise-Read-write,99.77,51.84,583.12,1.06,apta
0100057.jpg,train,Handrise-Read-write,94.03,62.75,590.23,0.68,apta
0100058.jpg,train,Handrise-Read-write,130.99,54.21,560.45,1.35,apta
0100059.jpg,train,Handrise-Read-write,101.41,66.36,505.25,1.03,apta
0100060.jpg,train,Handrise-Read-write,133.21,55.79,650.71,1.35,apta
0100061.jpg,train,Handrise-Read-write,123.48,50.4,474.54,1.22,apta
0100063.jpg,train,Handrise-Read-write,85.03,53.02,190.36,0.87,apta
0100064.jpg,train,Handrise-Read-write,97.31,61.79,226.44,1.0,apta
0100065.jpg,train,Handrise-Read-write,101.87,66.89,1042.59,1.06,apta
0100066.jpg,train,Handrise-Read-write,111.06,64.05,665.99,0.91,apta
0100067.jpg,train,Handrise-Read-write,97.13,58.29,493.87,0.9,apta
0100068.jpg,train,Handrise-Read-write,113.33,65.43,826.54,1.0,apta
0100069.jpg,train,Handrise-Read-write,104.34,67.96,547.44,0.84,apta
0100070.jpg,train,Handrise-Read-write,110.41,65.55,710.23,1.06,apta
0100071.jpg,train,Handrise-Read-write,106.19,61.51,349.81,0.7,apta
0100072.jpg,train,Handrise-Read-write,107.58,61.46,373.31,0.69,apta
0100073.jpg,train,Handrise-Read-write,109.52,65.73,569.12,0.86,apta
0100074.jpg,train,Handrise-Read-write,108.8,67.6,579.76,0.92,apta
0100075.jpg,train,Handrise-Read-write,112.07,70.36,606.6,0.9,apta
0100076.jpg,train,Handrise-Read-write,91.02,52.31,926.39,2.05,apta
0100077.jpg,train,Handrise-Read-write,100.35,68.17,301.85,0.8,apta
0100078.jpg,train,Handrise-Read-write,93.07,72.05,260.81,0.77,apta
0100079.jpg,train,Handrise-Read-write,106.69,57.28,930.13,1.87,apta
0100080.jpg,train,Handrise-Read-write,125.13,63.77,880.02,1.74,apta
0100081.jpg,train,Handrise-Read-write,125.27,62.72,789.22,1.62,apta
0100082.jpg,train,Handrise-Read-write,126.37,63.82,802.95,1.65,apta
0100083.jpg,train,Handrise-Read-write,125.9,63.87,866.81,1.7,apta
0100084.jpg,train,Handrise-Read-write,109.02,57.92,844.18,1.75,apta
0100085.jpg,train,Handrise-Read-write,110.18,59.19,712.83,1.6,apta
0100086.jpg,train,Handrise-Read-write,91.44,71.93,263.73,0.71,apta
0100087.jpg,train,Handrise-Read-write,83.17,74.89,290.46,0.76,apta
0101001.jpg,train,Handrise-Read-write,115.86,84.89,1057.6,0.81,apta
0101002.jpg,train,Handrise-Read-write,72.44,74.7,824.51,1.14,apta
0101003.jpg,train,Handrise-Read-write,63.58,64.47,872.26,1.26,apta
0101004.jpg,train,Handrise-Read-write,105.08,81.8,1453.26,1.62,apta
0101005.jpg,train,Handrise-Read-write,106.04,74.97,611.39,0.93,apta
0101006.jpg,train,Handrise-Read-write,113.12,73.33,130.86,0.48,apta
0101007.jpg,train,Handrise-Read-write,109.33,70.01,128.32,0.47,apta
0101008.jpg,train,Handrise-Read-write,104.56,76.89,204.9,0.55,apta
0101009.jpg,train,Handrise-Read-write,112.1,73.38,381.89,0.85,apta
0101010.jpg,train,Handrise-Read-write,105.17,74.09,205.36,0.55,apta
0101011.jpg,train,Handrise-Read-write,99.83,71.76,174.02,0.54,apta
0101012.jpg,train,Handrise-Read-write,104.92,68.16,492.9,1.0,apta
0101013.jpg,train,Handrise-Read-write,109.58,75.65,281.98,0.63,apta
0101014.jpg,train,Handrise-Read-write,109.04,65.79,516.6,0.97,apta
0101015.jpg,train,Handrise-Read-write,109.79,73.78,235.54,0.67,apta
0101016.jpg,train,Handrise-Read-write,107.71,75.74,184.33,0.58,apta
0101017.jpg,train,Handrise-Read-write,104.55,73.3,306.16,0.69,apta
0101018.jpg,train,Handrise-Read-write,116.33,73.41,165.2,0.6,apta
0101019.jpg,train,Handrise-Read-write,107.06,70.94,256.78,0.66,apta
0101020.jpg,train,Handrise-Read-write,102.14,68.7,1257.5,1.83,apta
0101021.jpg,train,Handrise-Read-write,107.96,74.1,346.43,0.77,apta
0101022.jpg,train,Handrise-Read-write,104.5,73.44,201.56,0.57,apta
0101023.jpg,train,Handrise-Read-write,101.07,73.62,183.32,0.58,apta
0101024.jpg,train,Handrise-Read-write,111.98,74.63,415.63,0.73,apta
0101025.jpg,train,Handrise-Read-write,98.39,70.67,386.74,0.81,apta
0101026.jpg,train,Handrise-Read-write,105.9,74.5,279.22,0.65,apta
0101027.jpg,train,Handrise-Read-write,102.96,76.93,354.88,0.76,apta
0101028.jpg,train,Handrise-Read-write,104.24,75.28,375.98,0.83,apta
0101029.jpg,train,Handrise-Read-write,97.59,76.96,308.19,0.68,apta
0101030.jpg,train,Handrise-Read-write,106.99,73.05,245.46,0.69,apta
0101031.jpg,train,Handrise-Read-write,105.08,67.17,591.42,1.05,apta
0101032.jpg,train,Handrise-Read-write,105.83,69.27,2802.84,2.43,apta
0101033.jpg,train,Handrise-Read-write,111.88,74.38,1733.94,1.04,apta
0101034.jpg,train,Handrise-Read-write,95.24,75.32,2159.01,1.58,apta
0101035.jpg,train,Handrise-Read-write,106.79,72.77,1385.49,1.01,apta
0101036.jpg,train,Handrise-Read-write,102.94,78.89,839.06,0.79,apta
0101037.jpg,train,Handrise-Read-write,115.0,78.67,1812.94,1.46,apta
0101038.jpg,train,Handrise-Read-write,127.62,66.68,1323.5,1.23,apta
0101040.jpg,train,Handrise-Read-write,91.61,62.39,1392.61,1.3,apta
0101041.jpg,train,Handrise-Read-write,98.41,76.04,2183.28,1.66,apta
0101043.jpg,train,Handrise-Read-write,93.56,78.31,2166.96,1.57,apta
0101045.jpg,train,Handrise-Read-write,124.95,78.32,2308.36,1.23,apta
0101046.jpg,train,Handrise-Read-write,106.33,80.24,2712.03,1.71,apta
0101048.jpg,train,Handrise-Read-write,55.58,45.48,164.25,0.4,no apta
0101049.jpg,train,Handrise-Read-write,79.05,60.7,167.06,0.51,apta
0101051.jpg,train,Handrise-Read-write,57.72,47.37,156.49,0.54,no apta
0101052.jpg,train,Handrise-Read-write,83.78,47.56,459.07,1.24,apta
0101053.jpg,train,Handrise-Read-write,83.74,47.8,517.87,1.34,apta
0101054.jpg,train,Handrise-Read-write,57.19,46.4,269.81,0.62,no apta
0101055.jpg,train,Handrise-Read-write,81.03,48.51,460.98,1.26,apta
0101056.jpg,train,Handrise-Read-write,81.12,48.23,496.6,1.24,apta
0101057.jpg,train,Handrise-Read-write,83.06,47.42,476.33,1.27,apta
0101058.jpg,train,Handrise-Read-write,95.2,71.24,4694.46,4.19,apta
0101059.jpg,train,Handrise-Read-write,114.61,71.87,1704.47,1.79,apta
0101060.jpg,train,Handrise-Read-write,123.0,67.4,1863.03,1.86,apta
0101061.jpg,train,Handrise-Read-write,120.52,67.95,1269.49,1.47,apta
0101062.jpg,train,Handrise-Read-write,112.69,77.4,765.81,1.02,apta
0101063.jpg,train,Handrise-Read-write,136.94,83.12,2363.83,2.36,apta
0101064.jpg,train,Handrise-Read-write,96.67,72.01,1854.32,1.18,apta
0101065.jpg,train,Handrise-Read-write,103.9,73.85,1500.56,1.73,apta
0101066.jpg,train,Handrise-Read-write,79.66,63.24,1991.27,1.5,apta
0101067.jpg,train,Handrise-Read-write,73.27,65.85,1085.91,0.97,apta
0101068.jpg,train,Handrise-Read-write,78.63,61.26,1225.82,0.88,apta
0101071.jpg,train,Handrise-Read-write,89.21,75.44,5379.5,3.09,apta
0101072.jpg,train,Handrise-Read-write,101.38,74.25,7143.4,3.67,apta
0101079.jpg,train,Handrise-Read-write,96.55,60.26,357.39,0.48,apta
0101080.jpg,train,Handrise-Read-write,90.81,56.13,229.47,0.54,apta
0102001.jpg,train,Handrise-Read-write,108.69,71.1,828.18,0.68,apta
0102002.jpg,train,Handrise-Read-write,91.45,67.04,3795.79,2.69,apta
0102003.jpg,train,Handrise-Read-write,98.13,61.42,806.29,0.77,apta
0102004.jpg,train,Handrise-Read-write,100.27,54.77,737.78,0.52,apta
0102005.jpg,train,Handrise-Read-write,100.27,57.54,592.78,0.65,apta
0102006.jpg,train,Handrise-Read-write,85.71,52.68,1271.44,1.25,apta
0102007.jpg,train,Handrise-Read-write,102.85,56.92,706.88,0.61,apta
0102008.jpg,train,Handrise-Read-write,119.2,82.67,630.13,0.84,apta
0102009.jpg,train,Handrise-Read-write,119.44,82.46,728.32,0.87,apta
0102010.jpg,train,Handrise-Read-write,119.35,82.62,585.44,0.95,apta
0102011.jpg,train,Handrise-Read-write,118.47,83.07,841.22,1.26,apta
0102012.jpg,train,Handrise-Read-write,98.18,74.75,1026.76,1.03,apta
0102013.jpg,train,Handrise-Read-write,134.28,65.25,1399.11,2.16,apta
0102014.jpg,train,Handrise-Read-write,142.11,56.31,2451.82,3.54,apta
0102015.jpg,train,Handrise-Read-write,107.78,69.49,530.5,1.04,apta
0102016.jpg,train,Handrise-Read-write,107.83,70.56,524.19,0.97,apta
0102017.jpg,train,Handrise-Read-write,107.68,71.16,512.25,0.98,apta
0102018.jpg,train,Handrise-Read-write,106.88,70.33,593.72,1.13,apta
0102019.jpg,train,Handrise-Read-write,106.4,68.44,596.23,1.13,apta
0102020.jpg,train,Handrise-Read-write,111.96,69.29,566.81,1.23,apta
0102021.jpg,train,Handrise-Read-write,105.21,70.67,519.26,1.1,apta
0102022.jpg,train,Handrise-Read-write,105.69,71.44,560.92,1.02,apta
0102023.jpg,train,Handrise-Read-write,87.83,78.73,1928.25,2.01,apta
0102024.jpg,train,Handrise-Read-write,80.62,76.0,1772.3,1.8,apta
0102025.jpg,train,Handrise-Read-write,82.76,77.69,2031.79,1.83,apta
0102026.jpg,train,Handrise-Read-write,83.02,78.22,1987.75,1.9,apta
0102027.jpg,train,Handrise-Read-write,83.94,76.74,1828.96,1.85,apta
0102028.jpg,train,Handrise-Read-write,82.57,76.34,2354.04,2.0,apta
0102029.jpg,train,Handrise-Read-write,82.28,78.21,1820.24,1.92,apta
0102030.jpg,train,Handrise-Read-write,131.77,86.85,1535.58,1.69,apta
0102031.jpg,train,Handrise-Read-write,136.91,71.82,767.92,1.54,apta
0102032.jpg,train,Handrise-Read-write,121.5,75.22,1111.27,1.61,apta
0102033.jpg,train,Handrise-Read-write,125.51,75.03,634.09,1.35,apta
0102034.jpg,train,Handrise-Read-write,123.51,73.91,1248.26,1.77,apta
0102035.jpg,train,Handrise-Read-write,135.02,75.42,1104.6,1.51,apta
0102036.jpg,train,Handrise-Read-write,123.67,74.51,1834.73,2.57,apta
0102037.jpg,train,Handrise-Read-write,130.45,75.89,1018.6,1.5,apta
0102038.jpg,train,Handrise-Read-write,116.49,76.07,1421.72,2.22,apta
0102039.jpg,train,Handrise-Read-write,85.27,67.53,599.87,0.87,apta
0102040.jpg,train,Handrise-Read-write,82.02,59.04,221.19,0.66,apta
0102041.jpg,train,Handrise-Read-write,58.77,47.85,337.73,0.9,no apta
0102042.jpg,train,Handrise-Read-write,118.36,65.03,205.24,0.4,apta
0102043.jpg,train,Handrise-Read-write,66.03,54.86,195.42,0.58,apta
0102044.jpg,train,Handrise-Read-write,126.52,64.41,712.33,1.23,apta
0102045.jpg,train,Handrise-Read-write,126.54,65.22,841.58,1.44,apta
0102046.jpg,train,Handrise-Read-write,135.67,68.34,1005.35,1.66,apta
0102047.jpg,train,Handrise-Read-write,127.61,50.04,290.96,0.71,apta
0102048.jpg,train,Handrise-Read-write,123.33,46.56,374.3,0.86,apta
0102049.jpg,train,Handrise-Read-write,136.35,55.05,380.84,0.76,apta
0102050.jpg,train,Handrise-Read-write,134.75,51.7,277.46,0.65,apta
0103001.jpg,val,Handrise-Read-write,119.96,78.48,6066.52,4.79,apta
0103002.jpg,val,Handrise-Read-write,121.66,81.5,5906.46,4.29,apta
0103012.jpg,val,Handrise-Read-write,121.67,75.97,491.02,1.05,apta
0103013.jpg,val,Handrise-Read-write,124.39,72.33,315.04,0.9,apta
0103014.jpg,val,Handrise-Read-write,120.3,74.22,245.93,0.74,apta
0103015.jpg,val,Handrise-Read-write,95.79,72.24,559.66,0.69,apta
0103016.jpg,val,Handrise-Read-write,107.47,64.61,478.45,0.71,apta
0103017.jpg,val,Handrise-Read-write,98.09,66.33,891.9,1.92,apta
0103018.jpg,val,Handrise-Read-write,105.93,62.08,493.54,0.6,apta
0103019.jpg,val,Handrise-Read-write,103.22,70.88,481.84,0.54,apta
0103020.jpg,val,Handrise-Read-write,100.94,87.57,3361.75,3.55,apta
0103021.jpg,val,Handrise-Read-write,137.42,93.64,321.85,0.25,apta
0103022.jpg,val,Handrise-Read-write,142.66,84.92,247.6,0.3,apta
0103023.jpg,val,Handrise-Read-write,136.45,85.08,270.59,0.34,apta
0103024.jpg,val,Handrise-Read-write,143.26,86.41,233.12,0.31,apta
0103025.jpg,val,Handrise-Read-write,168.92,72.19,542.41,0.33,apta
0103026.jpg,val,Handrise-Read-write,139.59,77.19,210.49,0.29,apta
0103027.jpg,val,Handrise-Read-write,108.58,73.34,73.86,0.36,no apta
0103028.jpg,val,Handrise-Read-write,109.83,72.44,72.96,0.34,no apta
0103029.jpg,val,Handrise-Read-write,119.88,63.27,194.55,0.36,apta
0103030.jpg,val,Handrise-Read-write,123.86,74.63,136.7,0.39,apta
0103031.jpg,val,Handrise-Read-write,114.65,75.3,102.59,0.44,apta
0103032.jpg,val,Handrise-Read-write,131.01,74.72,224.29,0.43,apta
0103033.jpg,val,Handrise-Read-write,116.07,75.71,139.65,0.4,apta
0103034.jpg,val,Handrise-Read-write,116.03,76.2,116.02,0.34,apta
0103035.jpg,val,Handrise-Read-write,114.58,68.27,160.41,0.59,apta
0103036.jpg,val,Handrise-Read-write,100.79,64.83,144.97,0.62,apta
0103037.jpg,val,Handrise-Read-write,116.43,57.57,367.0,1.26,apta
0103038.jpg,val,Handrise-Read-write,109.13,58.92,400.25,1.35,apta
0103039.jpg,val,Handrise-Read-write,102.97,67.48,112.43,0.53,apta
0103040.jpg,val,Handrise-Read-write,124.49,54.01,255.98,1.06,apta
0103041.jpg,val,Handrise-Read-write,111.36,59.78,394.59,1.34,apta
0103042.jpg,val,Handrise-Read-write,101.06,68.83,136.96,0.54,apta
0103043.jpg,val,Handrise-Read-write,89.82,62.15,164.02,0.59,apta
0103044.jpg,val,Handrise-Read-write,115.68,54.86,365.34,1.3,apta
0103045.jpg,val,Handrise-Read-write,97.13,57.1,186.33,0.75,apta
0104001.jpg,val,Handrise-Read-write,85.17,60.62,2090.93,2.34,apta
0104003.jpg,val,Handrise-Read-write,91.14,58.22,1327.73,1.44,apta
0104005.jpg,val,Handrise-Read-write,88.79,81.53,2857.61,2.38,apta
0104006.jpg,val,Handrise-Read-write,119.7,59.77,534.17,0.67,apta
0104007.jpg,val,Handrise-Read-write,119.21,59.81,391.67,0.61,apta
0104008.jpg,val,Handrise-Read-write,113.02,75.38,963.9,1.39,apta
0104009.jpg,val,Handrise-Read-write,120.09,49.48,369.0,0.57,apta
0104010.jpg,val,Handrise-Read-write,106.12,75.94,726.69,1.21,apta
0104011.jpg,val,Handrise-Read-write,106.66,81.31,1027.08,1.47,apta
0104012.jpg,val,Handrise-Read-write,100.41,68.84,575.19,0.95,apta
0104013.jpg,val,Handrise-Read-write,109.72,57.94,409.35,0.66,apta
0104014.jpg,val,Handrise-Read-write,111.47,56.29,480.52,0.71,apta
0104015.jpg,val,Handrise-Read-write,111.39,79.28,880.53,1.29,apta
0104016.jpg,val,Handrise-Read-write,96.66,57.5,664.9,1.34,apta
0104017.jpg,val,Handrise-Read-write,98.84,54.54,377.79,0.79,apta
0104018.jpg,val,Handrise-Read-write,92.15,55.86,582.7,1.12,apta
0104019.jpg,val,Handrise-Read-write,91.16,54.93,597.83,1.13,apta
0104020.jpg,val,Handrise-Read-write,109.05,62.95,690.51,1.16,apta
0104021.jpg,val,Handrise-Read-write,97.46,56.95,350.77,1.03,apta
0104022.jpg,val,Handrise-Read-write,88.12,55.84,552.49,1.08,apta
0104023.jpg,val,Handrise-Read-write,103.65,61.13,441.31,1.1,apta
0104024.jpg,val,Handrise-Read-write,89.55,60.84,383.72,0.83,apta
0104027.jpg,val,Handrise-Read-write,93.2,62.95,442.29,0.62,apta
0104028.jpg,val,Handrise-Read-write,87.84,48.46,550.35,0.74,apta
0104029.jpg,val,Handrise-Read-write,101.21,54.65,438.62,0.72,apta
0104030.jpg,val,Handrise-Read-write,117.37,73.1,177.63,0.47,apta
0104031.jpg,val,Handrise-Read-write,116.45,71.62,658.77,1.05,apta
0104032.jpg,val,Handrise-Read-write,114.44,54.79,267.78,0.7,apta
0104033.jpg,val,Handrise-Read-write,121.77,73.76,106.48,0.46,apta
0104034.jpg,val,Handrise-Read-write,121.47,74.87,503.46,0.92,apta
0104035.jpg,val,Handrise-Read-write,117.98,59.84,101.67,0.42,apta
0104037.jpg,val,Handrise-Read-write,111.98,54.22,302.61,0.69,apta
0104038.jpg,val,Handrise-Read-write,113.22,71.8,140.19,0.44,apta
0104039.jpg,val,Handrise-Read-write,116.79,53.13,368.27,0.75,apta
0104040.jpg,val,Handrise-Read-write,84.18,49.97,330.01,0.35,apta
0104041.jpg,val,Handrise-Read-write,165.99,68.06,322.03,0.48,apta
0104042.jpg,val,Handrise-Read-write,56.47,50.58,388.33,0.84,no apta
0104043.jpg,val,Handrise-Read-write,53.92,57.09,371.26,0.83,no apta
0105001.jpg,train,Handrise-Read-write,98.75,53.49,476.48,1.14,apta
0105002.jpg,train,Handrise-Read-write,117.94,70.96,420.73,0.88,apta
0105003.jpg,train,Handrise-Read-write,124.49,64.31,438.85,1.04,apta
0105004.jpg,train,Handrise-Read-write,125.94,72.12,553.92,1.18,apta
0105005.jpg,train,Handrise-Read-write,95.55,52.14,441.42,1.11,apta
0105006.jpg,train,Handrise-Read-write,96.75,52.98,467.15,1.13,apta
0105007.jpg,train,Handrise-Read-write,112.33,62.61,526.13,1.22,apta
0105008.jpg,train,Handrise-Read-write,111.11,50.95,1201.59,2.08,apta
0105009.jpg,train,Handrise-Read-write,131.35,59.92,1496.64,2.05,apta
0105010.jpg,train,Handrise-Read-write,112.64,49.8,950.81,1.78,apta
0105011.jpg,train,Handrise-Read-write,101.46,57.5,1585.17,2.56,apta
0105012.jpg,train,Handrise-Read-write,124.63,55.13,709.67,1.22,apta
0105013.jpg,train,Handrise-Read-write,118.32,71.35,2213.06,1.73,apta
0105014.jpg,train,Handrise-Read-write,123.88,78.06,2230.31,1.58,apta
0105015.jpg,train,Handrise-Read-write,138.09,81.1,4801.52,3.28,apta
0105016.jpg,train,Handrise-Read-write,112.63,71.67,3204.77,2.19,apta
0105017.jpg,train,Handrise-Read-write,102.97,89.67,2127.11,1.66,apta
0105018.jpg,train,Handrise-Read-write,112.16,87.11,2816.61,2.26,apta
0105019.jpg,train,Handrise-Read-write,116.64,86.47,2665.93,2.15,apta
0105020.jpg,train,Handrise-Read-write,129.86,70.3,458.4,1.08,apta
0105021.jpg,train,Handrise-Read-write,102.29,71.4,450.5,0.82,apta
0105022.jpg,train,Handrise-Read-write,97.92,70.24,306.99,0.72,apta
0105023.jpg,train,Handrise-Read-write,128.03,60.18,662.28,1.16,apta
0105024.jpg,train,Handrise-Read-write,103.12,57.63,256.06,0.88,apta
0105025.jpg,train,Handrise-Read-write,130.36,67.5,742.46,1.49,apta
0105026.jpg,train,Handrise-Read-write,93.16,60.98,801.44,1.36,apta
0105027.jpg,train,Handrise-Read-write,102.56,62.66,695.28,1.53,apta
0105028.jpg,train,Handrise-Read-write,117.43,69.75,887.89,1.83,apta
0105029.jpg,train,Handrise-Read-write,116.8,68.99,860.48,1.7,apta
0105030.jpg,train,Handrise-Read-write,144.41,69.8,1261.56,1.01,apta
0105031.jpg,train,Handrise-Read-write,132.76,66.32,1291.79,1.12,apta
0105032.jpg,train,Handrise-Read-write,59.14,75.98,984.04,1.37,no apta
0105033.jpg,train,Handrise-Read-write,65.99,82.57,745.29,0.95,apta
0105034.jpg,train,Handrise-Read-write,110.2,69.12,1746.27,2.44,apta
0105035.jpg,train,Handrise-Read-write,102.95,69.49,1056.36,1.84,apta
0105036.jpg,train,Handrise-Read-write,21.91,34.1,89.69,0.41,no apta
0105037.jpg,train,Handrise-Read-write,102.0,69.61,633.35,1.34,apta
0105038.jpg,train,Handrise-Read-write,87.84,63.09,749.06,1.54,apta
0105040.jpg,train,Handrise-Read-write,111.09,63.84,735.2,1.13,apta
0106001.jpg,train,Handrise-Read-write,79.64,46.61,361.22,1.1,apta
0106002.jpg,train,Handrise-Read-write,78.04,44.53,336.18,1.07,apta
0106003.jpg,train,Handrise-Read-write,80.43,47.55,362.73,1.11,apta
0106005.jpg,train,Handrise-Read-write,97.63,79.68,2602.43,4.13,apta
0106006.jpg,train,Handrise-Read-write,94.31,50.46,476.71,0.88,apta
0106007.jpg,train,Handrise-Read-write,97.33,79.55,2774.67,4.18,apta
0106008.jpg,train,Handrise-Read-write,135.39,66.57,1282.16,2.32,apta
0106009.jpg,train,Handrise-Read-write,146.18,69.7,4375.08,3.05,apta
0106010.jpg,train,Handrise-Read-write,130.05,75.24,2911.06,1.82,apta
0106011.jpg,train,Handrise-Read-write,150.16,69.84,3013.33,2.45,apta
0106012.jpg,train,Handrise-Read-write,135.0,85.11,2222.82,1.31,apta
0106013.jpg,train,Handrise-Read-write,121.94,70.82,2741.35,1.63,apta
0106014.jpg,train,Handrise-Read-write,142.26,70.14,2866.57,1.86,apta
0106016.jpg,train,Handrise-Read-write,126.22,69.78,2320.19,1.48,apta
0106017.jpg,train,Handrise-Read-write,141.9,86.78,2730.45,1.61,apta
0106018.jpg,train,Handrise-Read-write,143.94,80.17,2585.53,1.18,apta
0106019.jpg,train,Handrise-Read-write,158.31,67.05,3775.96,2.78,apta
0106020.jpg,train,Handrise-Read-write,142.11,69.94,4620.93,2.88,apta
0106021.jpg,train,Handrise-Read-write,102.17,60.09,639.9,1.0,apta
0106022.jpg,train,Handrise-Read-write,79.85,48.05,388.29,0.65,apta
0106023.jpg,train,Handrise-Read-write,97.15,72.22,1996.99,1.66,apta
0106024.jpg,train,Handrise-Read-write,102.43,74.43,444.23,0.63,apta
0106025.jpg,train,Handrise-Read-write,99.72,65.45,1306.38,1.59,apta
0106026.jpg,train,Handrise-Read-write,96.96,78.92,507.19,0.69,apta
0106027.jpg,train,Handrise-Read-write,103.05,65.76,1315.4,1.77,apta
0106028.jpg,train,Handrise-Read-write,92.41,71.13,819.3,1.2,apta
0106029.jpg,train,Handrise-Read-write,114.49,61.77,1198.86,1.43,apta
0106030.jpg,train,Handrise-Read-write,96.19,71.29,1089.82,1.43,apta
0106031.jpg,train,Handrise-Read-write,103.07,64.15,1063.24,1.44,apta
0106032.jpg,train,Handrise-Read-write,102.61,68.48,3997.21,3.2,apta
0106033.jpg,train,Handrise-Read-write,106.7,66.65,2925.59,2.83,apta
0106034.jpg,train,Handrise-Read-write,113.62,63.86,4043.22,3.23,apta
0106035.jpg,train,Handrise-Read-write,108.63,67.57,1432.31,1.64,apta
0106036.jpg,train,Handrise-Read-write,120.62,71.98,611.32,1.23,apta
0106037.jpg,train,Handrise-Read-write,98.27,61.19,768.7,1.59,apta
0106038.jpg,train,Handrise-Read-write,83.37,62.74,1574.76,1.74,apta
0106039.jpg,train,Handrise-Read-write,94.63,63.15,625.01,1.31,apta
0106040.jpg,train,Handrise-Read-write,101.04,62.48,1009.82,2.03,apta
0106041.jpg,train,Handrise-Read-write,101.7,62.54,936.78,1.94,apta
0106042.jpg,train,Handrise-Read-write,92.86,63.14,619.32,1.36,apta
0106043.jpg,train,Handrise-Read-write,93.64,63.03,710.47,1.5,apta
0107001.jpg,train,Handrise-Read-write,110.11,66.68,394.21,0.9,apta
0107002.jpg,train,Handrise-Read-write,102.9,63.01,3414.58,2.88,apta
0107003.jpg,train,Handrise-Read-write,104.72,64.32,3869.45,3.12,apta
0107004.jpg,train,Handrise-Read-write,106.21,62.89,1766.9,1.75,apta
0107005.jpg,train,Handrise-Read-write,102.37,61.52,1799.89,1.64,apta
0107006.jpg,train,Handrise-Read-write,104.21,63.87,1850.08,1.77,apta
0107007.jpg,train,Handrise-Read-write,105.44,62.84,2009.2,1.87,apta
0107008.jpg,train,Handrise-Read-write,105.19,63.26,1952.82,1.84,apta
0107009.jpg,train,Handrise-Read-write,103.44,62.53,1918.67,1.79,apta
0107010.jpg,train,Handrise-Read-write,103.09,62.62,1785.57,1.69,apta
0107012.jpg,train,Handrise-Read-write,104.63,63.0,1975.77,1.7,apta
0107013.jpg,train,Handrise-Read-write,111.07,74.22,282.27,0.5,apta
0107014.jpg,train,Handrise-Read-write,79.29,55.63,794.7,1.73,apta
0107015.jpg,train,Handrise-Read-write,91.4,44.67,433.39,1.32,apta
0107016.jpg,train,Handrise-Read-write,90.76,62.07,568.71,1.23,apta
0107017.jpg,train,Handrise-Read-write,91.59,60.04,528.43,1.18,apta
0107018.jpg,train,Handrise-Read-write,91.8,48.32,421.7,1.22,apta
0107019.jpg,train,Handrise-Read-write,78.67,49.42,700.45,1.5,apta
0107020.jpg,train,Handrise-Read-write,80.49,50.72,694.79,1.37,apta
0107021.jpg,train,Handrise-Read-write,96.52,59.01,664.93,1.27,apta
0107022.jpg,train,Handrise-Read-write,89.28,62.48,588.14,1.19,apta
0107023.jpg,train,Handrise-Read-write,77.22,49.55,658.82,1.41,apta
0107024.jpg,train,Handrise-Read-write,114.28,84.6,682.34,0.83,apta
0107025.jpg,train,Handrise-Read-write,110.89,48.88,316.52,0.49,apta
0107026.jpg,train,Handrise-Read-write,122.27,53.23,756.3,0.9,apta
0107027.jpg,train,Handrise-Read-write,141.3,70.55,1598.75,1.75,apta
0107028.jpg,train,Handrise-Read-write,127.33,70.48,1619.57,1.81,apta
0107029.jpg,train,Handrise-Read-write,124.55,62.73,2236.27,2.14,apta
0107030.jpg,train,Handrise-Read-write,123.24,39.11,397.03,0.55,apta
0107031.jpg,train,Handrise-Read-write,124.67,60.63,1549.16,1.66,apta
0107032.jpg,train,Handrise-Read-write,91.34,77.62,2053.68,2.41,apta
0107033.jpg,train,Handrise-Read-write,95.51,65.72,1271.84,1.94,apta
0107034.jpg,train,Handrise-Read-write,89.47,82.37,2085.63,2.29,apta
0107035.jpg,train,Handrise-Read-write,136.22,70.9,1559.54,2.29,apta
0107036.jpg,train,Handrise-Read-write,83.47,72.87,907.29,1.28,apta
0107037.jpg,train,Handrise-Read-write,72.65,53.75,2528.74,1.8,apta
0107038.jpg,train,Handrise-Read-write,56.63,40.75,995.03,1.1,no apta
0107039.jpg,train,Handrise-Read-write,55.27,40.0,874.2,1.01,no apta
0107040.jpg,train,Handrise-Read-write,107.31,66.75,473.71,0.59,apta
0107041.jpg,train,Handrise-Read-write,108.59,65.34,4017.23,3.18,apta
0107042.jpg,train,Handrise-Read-write,112.18,67.3,4165.04,3.23,apta
010725.jpg,train,Handrise-Read-write,102.14,68.24,589.08,0.79,apta
0108001.jpg,val,Handrise-Read-write,91.41,60.75,842.17,0.97,apta
0108002.jpg,val,Handrise-Read-write,91.8,58.08,321.42,0.47,apta
0108003.jpg,val,Handrise-Read-write,91.59,58.13,282.13,0.52,apta
0108004.jpg,val,Handrise-Read-write,93.46,58.61,349.38,0.51,apta
0108005.jpg,val,Handrise-Read-write,83.19,61.41,299.1,0.52,apta
0108006.jpg,val,Handrise-Read-write,94.99,73.12,418.79,1.08,apta
0108007.jpg,val,Handrise-Read-write,91.12,74.14,392.36,0.99,apta
0108008.jpg,val,Handrise-Read-write,120.42,61.9,267.65,0.65,apta
0108009.jpg,val,Handrise-Read-write,107.9,81.91,1250.52,1.46,apta
0108010.jpg,val,Handrise-Read-write,109.31,82.99,1084.47,1.43,apta
0108011.jpg,val,Handrise-Read-write,110.21,83.21,1180.05,1.6,apta
0108012.jpg,val,Handrise-Read-write,103.19,80.71,576.38,1.3,apta
0108013.jpg,val,Handrise-Read-write,83.99,66.3,1033.46,1.8,apta
0108014.jpg,val,Handrise-Read-write,90.68,67.36,958.25,1.67,apta
0108015.jpg,val,Handrise-Read-write,79.78,67.06,1240.33,1.69,apta
0108016.jpg,val,Handrise-Read-write,91.55,66.55,504.09,1.38,apta
0108017.jpg,val,Handrise-Read-write,82.34,63.66,632.78,1.38,apta
0108018.jpg,val,Handrise-Read-write,87.87,64.67,434.47,1.19,apta
0108019.jpg,val,Handrise-Read-write,98.69,79.13,1618.51,2.74,apta
0108020.jpg,val,Handrise-Read-write,100.71,78.8,1668.77,2.75,apta
0108021.jpg,val,Handrise-Read-write,114.05,57.9,1021.94,2.07,apta
0108022.jpg,val,Handrise-Read-write,135.82,63.95,604.08,1.05,apta
0108023.jpg,val,Handrise-Read-write,95.64,79.96,2004.39,3.04,apta
0108024.jpg,val,Handrise-Read-write,108.6,81.89,801.66,0.91,apta
0108025.jpg,val,Handrise-Read-write,113.48,82.17,796.38,1.0,apta
0108026.jpg,val,Handrise-Read-write,90.44,73.77,280.15,0.73,apta
0108027.jpg,val,Handrise-Read-write,81.23,42.86,302.07,0.84,apta
0108028.jpg,val,Handrise-Read-write,68.97,54.06,393.73,0.51,apta
0108029.jpg,val,Handrise-Read-write,98.22,63.05,1163.43,1.57,apta
0108030.jpg,val,Handrise-Read-write,90.12,53.18,1050.11,2.12,apta
0108031.jpg,val,Handrise-Read-write,97.98,63.88,662.99,1.11,apta
0108032.jpg,val,Handrise-Read-write,98.96,64.9,673.44,1.09,apta
0108033.jpg,val,Handrise-Read-write,99.91,65.05,796.48,1.17,apta
0108034.jpg,val,Handrise-Read-write,105.78,65.83,1338.88,1.77,apta
0108035.jpg,val,Handrise-Read-write,112.81,66.07,868.58,1.36,apta
0108036.jpg,val,Handrise-Read-write,107.43,79.75,2463.28,2.34,apta
0108038.jpg,val,Handrise-Read-write,149.04,61.1,731.92,0.88,apta
0108039.jpg,val,Handrise-Read-write,145.32,67.08,487.73,0.83,apta
0108040.jpg,val,Handrise-Read-write,145.26,67.89,675.35,0.75,apta
0108041.jpg,val,Handrise-Read-write,107.82,61.92,3261.83,3.1,apta
0108042.jpg,val,Handrise-Read-write,135.99,70.6,1282.0,1.3,apta
0108043.jpg,val,Handrise-Read-write,116.19,78.33,1592.94,0.94,apta
0108044.jpg,val,Handrise-Read-write,138.87,67.89,1027.52,1.13,apta
0108045.jpg,val,Handrise-Read-write,125.34,81.25,1820.09,1.11,apta
0108046.jpg,val,Handrise-Read-write,148.92,55.55,709.05,0.77,apta
0201004.jpg,train,Handrise-Read-write,121.89,70.51,408.64,0.66,apta
0201005.jpg,train,Handrise-Read-write,116.11,68.42,394.62,0.41,apta
0201007.jpg,train,Handrise-Read-write,119.65,64.13,179.22,0.34,apta
0201012.jpg,train,Handrise-Read-write,108.53,83.69,232.07,0.51,apta
0201015.jpg,train,Handrise-Read-write,101.26,52.99,489.96,0.67,apta
0201016.jpg,train,Handrise-Read-write,95.82,51.45,517.6,0.59,apta
0201017.jpg,train,Handrise-Read-write,97.58,58.23,1321.22,1.21,apta
0201019.jpg,train,Handrise-Read-write,60.53,44.92,139.19,0.31,apta
0201020.jpg,train,Handrise-Read-write,97.27,51.79,527.92,0.82,apta
0202001.jpg,train,Handrise-Read-write,84.58,42.63,38.7,0.35,no apta
0202002.jpg,train,Handrise-Read-write,116.69,74.43,30.6,0.29,no apta
0202003.jpg,train,Handrise-Read-write,98.48,58.97,38.04,0.34,no apta
0202004.jpg,train,Handrise-Read-write,94.83,65.12,243.96,0.47,apta
0202005.jpg,train,Handrise-Read-write,101.36,55.13,1059.5,0.59,apta
0202006.jpg,train,Handrise-Read-write,91.58,55.8,677.12,0.69,apta
0202007.jpg,train,Handrise-Read-write,136.62,64.99,105.2,0.44,apta
0202008.jpg,train,Handrise-Read-write,142.41,62.44,143.06,0.5,apta
0202011.jpg,train,Handrise-Read-write,124.85,53.07,356.8,0.64,apta
0202012.jpg,train,Handrise-Read-write,114.26,56.27,163.76,0.51,apta
0202013.jpg,train,Handrise-Read-write,98.92,63.78,417.91,0.74,apta
0202014.jpg,train,Handrise-Read-write,86.24,69.37,259.77,0.38,apta
0202015.jpg,train,Handrise-Read-write,94.71,57.58,316.81,0.59,apta
0202016.jpg,train,Handrise-Read-write,85.9,46.1,194.74,0.48,apta
0202017.jpg,train,Handrise-Read-write,113.58,61.49,378.86,0.61,apta
0202018.jpg,train,Handrise-Read-write,106.21,65.25,318.02,0.58,apta
0202019.jpg,train,Handrise-Read-write,101.35,64.44,302.7,0.58,apta
0202021.jpg,train,Handrise-Read-write,107.25,66.26,132.03,0.54,apta
0202022.jpg,train,Handrise-Read-write,103.24,75.21,470.32,0.55,apta
0202024.jpg,train,Handrise-Read-write,81.69,69.69,202.2,0.41,apta
0202025.jpg,train,Handrise-Read-write,112.18,81.59,336.53,0.46,apta
0202026.jpg,train,Handrise-Read-write,99.23,78.46,371.53,0.49,apta
0202027.jpg,train,Handrise-Read-write,105.03,59.46,160.2,0.49,apta
0203001.jpg,train,Handrise-Read-write,88.21,38.44,213.88,0.32,apta
0203002.jpg,train,Handrise-Read-write,130.94,55.42,70.87,0.36,no apta
0203003.jpg,train,Handrise-Read-write,94.55,63.38,284.84,0.46,apta
0203004.jpg,train,Handrise-Read-write,99.09,68.64,193.62,0.44,apta
0203005.jpg,train,Handrise-Read-write,124.62,65.36,299.67,0.61,apta
0203006.jpg,train,Handrise-Read-write,110.58,63.31,213.56,0.52,apta
0203007.jpg,train,Handrise-Read-write,114.78,65.75,194.47,0.51,apta
0203008.jpg,train,Handrise-Read-write,100.27,61.71,1067.36,0.84,apta
0203009.jpg,train,Handrise-Read-write,85.31,57.97,249.21,0.55,apta
0203010.jpg,train,Handrise-Read-write,74.61,54.18,238.72,0.53,apta
0203011.jpg,train,Handrise-Read-write,128.71,65.2,278.82,0.58,apta
0203012.jpg,train,Handrise-Read-write,127.02,66.87,309.42,0.62,apta
0203014.jpg,train,Handrise-Read-write,120.85,72.23,783.51,1.29,apta
0203015.jpg,train,Handrise-Read-write,127.74,70.77,164.11,0.46,apta
0203016.jpg,train,Handrise-Read-write,73.64,54.46,135.06,0.53,apta
0203017.jpg,train,Handrise-Read-write,105.23,58.84,86.98,0.43,no apta
0203018.jpg,train,Handrise-Read-write,125.03,70.41,325.73,0.61,apta
0203019.jpg,train,Handrise-Read-write,132.79,71.34,371.86,0.64,apta
0203020.jpg,train,Handrise-Read-write,74.79,60.54,320.36,0.89,apta
0203021.jpg,train,Handrise-Read-write,98.54,68.66,266.04,0.79,apta
0203022.jpg,train,Handrise-Read-write,128.6,66.09,167.24,0.58,apta
0203023.jpg,train,Handrise-Read-write,105.2,62.63,159.48,0.54,apta
0203024.jpg,train,Handrise-Read-write,99.81,69.82,405.19,0.98,apta
0203025.jpg,train,Handrise-Read-write,86.18,64.97,386.86,1.01,apta
0204001.jpg,train,Handrise-Read-write,53.62,65.31,40.34,0.3,no apta
0204002.jpg,train,Handrise-Read-write,82.95,63.82,65.66,0.32,no apta
0204003.jpg,train,Handrise-Read-write,80.07,61.76,31.64,0.29,no apta
0204004.jpg,train,Handrise-Read-write,111.14,71.97,248.14,0.39,apta
0204005.jpg,train,Handrise-Read-write,94.87,63.09,90.69,0.43,no apta
0204006.jpg,train,Handrise-Read-write,99.19,66.33,69.88,0.36,no apta
0204007.jpg,train,Handrise-Read-write,98.23,64.54,69.71,0.27,no apta
0204008.jpg,train,Handrise-Read-write,91.7,54.02,140.09,0.34,apta
0204010.jpg,train,Handrise-Read-write,112.7,78.95,92.12,0.36,no apta
0204011.jpg,train,Handrise-Read-write,90.31,61.31,55.79,0.34,no apta
0204012.jpg,train,Handrise-Read-write,91.99,68.81,124.84,0.48,apta
0204013.jpg,train,Handrise-Read-write,107.16,70.56,179.15,0.55,apta
0204014.jpg,train,Handrise-Read-write,106.99,68.94,59.28,0.38,no apta
0204015.jpg,train,Handrise-Read-write,122.2,80.63,26.84,0.29,no apta
0204016.jpg,train,Handrise-Read-write,115.62,61.62,21.73,0.28,no apta
0204017.jpg,train,Handrise-Read-write,117.03,59.76,29.67,0.31,no apta
0204018.jpg,train,Handrise-Read-write,117.76,67.2,349.96,0.81,apta
0204019.jpg,train,Handrise-Read-write,118.45,61.15,71.52,0.39,no apta
0204020.jpg,train,Handrise-Read-write,94.53,59.12,192.79,0.72,apta
0204021.jpg,train,Handrise-Read-write,123.21,70.33,86.9,0.43,no apta
0204022.jpg,train,Handrise-Read-write,52.66,37.06,159.29,0.53,no apta
0204023.jpg,train,Handrise-Read-write,87.61,49.75,638.31,1.32,apta
0205001.jpg,train,Handrise-Read-write,101.54,66.04,148.79,0.53,apta
0205002.jpg,train,Handrise-Read-write,97.77,61.41,189.31,0.61,apta
0205003.jpg,train,Handrise-Read-write,97.02,58.47,178.01,0.59,apta
0205004.jpg,train,Handrise-Read-write,105.36,47.87,97.54,0.35,no apta
0205005.jpg,train,Handrise-Read-write,54.83,30.66,178.39,0.84,no apta
0205006.jpg,train,Handrise-Read-write,56.55,40.32,209.02,0.91,no apta
0205007.jpg,train,Handrise-Read-write,59.22,40.65,230.7,0.84,no apta
0205008.jpg,train,Handrise-Read-write,88.14,59.01,593.58,0.8,apta
0205009.jpg,train,Handrise-Read-write,100.29,66.19,168.41,0.55,apta
0205010.jpg,train,Handrise-Read-write,98.08,66.57,193.08,0.48,apta
0205011.jpg,train,Handrise-Read-write,103.47,61.41,232.95,0.54,apta
0205012.jpg,train,Handrise-Read-write,80.96,65.08,177.68,0.43,apta
0400001.jpg,train,Handrise-Read-write,118.1,51.09,226.14,0.37,apta
0400002.jpg,train,Handrise-Read-write,94.95,59.32,338.99,0.33,apta
0400003.jpg,train,Handrise-Read-write,92.09,65.6,283.24,0.45,apta
0400004.jpg,train,Handrise-Read-write,99.16,62.45,332.84,0.38,apta
0400005.jpg,train,Handrise-Read-write,84.57,60.15,264.71,0.45,apta
0400006.jpg,train,Handrise-Read-write,100.83,66.33,352.67,0.48,apta
0400007.jpg,train,Handrise-Read-write,102.85,65.71,385.59,0.54,apta
0400008.jpg,train,Handrise-Read-write,85.56,61.88,286.17,0.49,apta
0400010.jpg,train,Handrise-Read-write,114.37,53.63,161.17,0.3,apta
0400011.jpg,train,Handrise-Read-write,98.01,68.01,258.62,0.61,apta
0400012.jpg,train,Handrise-Read-write,99.23,68.38,349.26,0.43,apta
0400013.jpg,train,Handrise-Read-write,103.14,67.91,550.25,0.72,apta
0400014.jpg,train,Handrise-Read-write,102.1,68.2,585.42,0.68,apta
0400015.jpg,train,Handrise-Read-write,100.96,66.48,278.27,0.88,apta
0400016.jpg,train,Handrise-Read-write,96.63,62.99,168.03,0.66,apta
0400017.jpg,train,Handrise-Read-write,83.28,53.95,584.82,1.25,apta
0400018.jpg,train,Handrise-Read-write,112.87,57.59,762.45,1.35,apta
0400019.jpg,train,Handrise-Read-write,165.89,58.16,1081.54,0.79,apta
0400021.jpg,train,Handrise-Read-write,99.24,62.82,503.17,0.68,apta
0400022.jpg,train,Handrise-Read-write,131.58,45.4,161.88,0.44,apta
0400023.jpg,train,Handrise-Read-write,160.33,64.53,181.36,0.44,apta
0400024.jpg,train,Handrise-Read-write,103.23,67.59,117.95,0.31,apta
0400025.jpg,train,Handrise-Read-write,106.77,68.75,281.94,0.37,apta
0400026.jpg,train,Handrise-Read-write,109.9,87.12,100.46,0.42,apta
0400027.jpg,train,Handrise-Read-write,105.76,83.93,259.02,0.55,apta
0400028.jpg,train,Handrise-Read-write,118.32,68.78,649.04,0.84,apta
0400029.jpg,train,Handrise-Read-write,111.57,53.22,543.31,0.76,apta
0400030.jpg,train,Handrise-Read-write,110.14,54.23,489.44,0.76,apta
0400031.jpg,train,Handrise-Read-write,108.64,52.95,470.67,0.76,apta
0400032.jpg,train,Handrise-Read-write,84.81,41.8,146.0,0.36,apta
0400033.jpg,train,Handrise-Read-write,88.4,52.72,114.49,0.31,apta
0400034.jpg,train,Handrise-Read-write,80.41,50.55,169.42,0.37,apta
0400035.jpg,train,Handrise-Read-write,86.19,55.45,113.82,0.33,apta
0400036.jpg,train,Handrise-Read-write,90.94,56.97,169.32,0.38,apta
0401001.jpg,train,Handrise-Read-write,154.88,64.92,215.98,0.42,apta
0401002.jpg,train,Handrise-Read-write,158.03,61.81,274.83,0.41,apta
0401003.jpg,train,Handrise-Read-write,159.78,62.21,203.88,0.39,apta
0401004.jpg,train,Handrise-Read-write,159.87,57.39,378.59,0.46,apta
0401005.jpg,train,Handrise-Read-write,173.57,58.81,202.25,0.36,apta
0401006.jpg,train,Handrise-Read-write,134.55,64.84,295.06,0.66,apta
0401007.jpg,train,Handrise-Read-write,158.29,65.36,508.32,0.48,apta
0401008.jpg,train,Handrise-Read-write,175.5,55.41,447.44,0.31,apta
0401009.jpg,train,Handrise-Read-write,126.93,57.42,1206.24,0.93,apta
0401010.jpg,train,Handrise-Read-write,127.34,57.99,1157.76,0.94,apta
0401012.jpg,train,Handrise-Read-write,119.56,62.59,1504.08,1.17,apta
0401013.jpg,train,Handrise-Read-write,110.04,57.8,927.17,0.9,apta
0401014.jpg,train,Handrise-Read-write,111.62,68.4,1597.46,1.57,apta
0401015.jpg,train,Handrise-Read-write,118.17,62.35,1038.75,0.87,apta
0401017.jpg,train,Handrise-Read-write,112.17,62.26,1331.65,1.09,apta
0401018.jpg,train,Handrise-Read-write,110.67,55.98,936.01,0.95,apta
0401019.jpg,train,Handrise-Read-write,126.62,52.0,210.45,0.4,apta
0401020.jpg,train,Handrise-Read-write,125.45,50.96,281.26,0.46,apta
0401021.jpg,train,Handrise-Read-write,121.17,53.34,376.27,0.44,apta
0401022.jpg,train,Handrise-Read-write,123.28,52.26,276.4,0.47,apta
0401023.jpg,train,Handrise-Read-write,133.27,51.7,233.04,0.51,apta
0401024.jpg,train,Handrise-Read-write,133.28,58.46,278.66,0.46,apta
0401025.jpg,train,Handrise-Read-write,123.4,65.63,701.13,0.73,apta
0401026.jpg,train,Handrise-Read-write,113.24,65.95,817.23,0.68,apta
0401027.jpg,train,Handrise-Read-write,99.57,53.74,284.5,0.55,apta
0401028.jpg,train,Handrise-Read-write,101.62,54.44,276.23,0.54,apta
0401029.jpg,train,Handrise-Read-write,128.05,66.06,323.01,0.69,apta
0401030.jpg,train,Handrise-Read-write,102.47,55.83,302.96,0.71,apta
0401031.jpg,train,Handrise-Read-write,103.79,53.84,223.64,0.56,apta
0401032.jpg,train,Handrise-Read-write,108.56,51.01,351.3,0.6,apta
0401033.jpg,train,Handrise-Read-write,159.46,67.19,487.02,0.64,apta
0401034.jpg,train,Handrise-Read-write,95.77,76.63,111.02,0.36,apta
0401035.jpg,train,Handrise-Read-write,103.19,78.47,134.99,0.34,apta
0401036.jpg,train,Handrise-Read-write,98.21,75.59,91.54,0.32,no apta
0401037.jpg,train,Handrise-Read-write,97.83,74.65,173.57,0.39,apta
0401038.jpg,train,Handrise-Read-write,88.3,63.37,46.4,0.24,no apta
0401039.jpg,train,Handrise-Read-write,88.86,66.71,60.97,0.28,no apta
0401040.jpg,train,Handrise-Read-write,142.13,71.37,854.57,0.88,apta
0401041.jpg,train,Handrise-Read-write,142.87,72.54,1031.6,0.86,apta
0401042.jpg,train,Handrise-Read-write,142.87,80.42,732.57,0.73,apta
0401043.jpg,train,Handrise-Read-write,124.46,59.9,658.79,0.69,apta
0401044.jpg,train,Handrise-Read-write,134.5,59.72,574.03,0.63,apta
0401045.jpg,train,Handrise-Read-write,125.65,56.93,418.41,0.6,apta
0401046.jpg,train,Handrise-Read-write,127.27,63.09,524.45,0.73,apta
0401047.jpg,train,Handrise-Read-write,115.87,69.27,808.63,0.99,apta
0401048.jpg,train,Handrise-Read-write,111.48,63.81,721.77,0.88,apta
0401049.jpg,train,Handrise-Read-write,95.78,47.58,854.4,1.54,apta
0401050.jpg,train,Handrise-Read-write,98.49,48.15,834.4,1.54,apta
0401051.jpg,train,Handrise-Read-write,100.16,48.82,825.81,1.61,apta
0401052.jpg,train,Handrise-Read-write,134.92,62.57,637.22,1.09,apta
0401054.jpg,train,Handrise-Read-write,69.64,50.55,376.45,0.43,apta
0401055.jpg,train,Handrise-Read-write,84.96,52.45,139.55,0.44,apta
0401056.jpg,train,Handrise-Read-write,76.56,64.73,182.63,0.37,apta
0401057.jpg,train,Handrise-Read-write,93.06,67.76,1313.78,1.29,apta
0401058.jpg,train,Handrise-Read-write,102.08,63.47,1085.92,1.16,apta
0401059.jpg,train,Handrise-Read-write,129.72,81.78,1580.59,0.78,apta
0401060.jpg,train,Handrise-Read-write,122.25,61.21,1196.22,1.14,apta
0401061.jpg,train,Handrise-Read-write,133.4,82.52,1323.44,0.79,apta
0401066.jpg,train,Handrise-Read-write,113.99,55.11,741.87,1.44,apta
0401067.jpg,train,Handrise-Read-write,92.63,63.83,205.88,0.6,apta
0401068.jpg,train,Handrise-Read-write,114.65,57.62,1258.09,1.52,apta
0401069.jpg,train,Handrise-Read-write,114.88,58.42,1015.4,1.34,apta
0401070.jpg,train,Handrise-Read-write,84.25,57.42,365.22,0.65,apta
0401071.jpg,train,Handrise-Read-write,84.94,58.68,409.97,0.69,apta
0401072.jpg,train,Handrise-Read-write,85.44,45.79,408.71,0.46,apta
0401073.jpg,train,Handrise-Read-write,102.58,58.87,362.59,0.76,apta
0401074.jpg,train,Handrise-Read-write,68.56,61.68,258.37,0.45,apta
0401075.jpg,train,Handrise-Read-write,92.9,56.63,627.06,0.95,apta
0402001.jpg,val,Handrise-Read-write,124.74,63.35,955.43,0.9,apta
0402002.jpg,val,Handrise-Read-write,135.59,66.34,441.37,0.86,apta
0402003.jpg,val,Handrise-Read-write,112.6,63.97,565.98,0.74,apta
0402004.jpg,val,Handrise-Read-write,115.38,63.35,530.9,0.79,apta
0402005.jpg,val,Handrise-Read-write,126.38,63.88,499.79,0.82,apta
0402006.jpg,val,Handrise-Read-write,119.88,62.34,404.17,0.85,apta
0402007.jpg,val,Handrise-Read-write,107.54,63.22,524.22,0.45,apta
0402009.jpg,val,Handrise-Read-write,110.97,48.83,931.38,1.15,apta
0402010.jpg,val,Handrise-Read-write,109.51,45.99,907.45,1.09,apta
0402011.jpg,val,Handrise-Read-write,111.52,47.34,560.38,1.09,apta
0402012.jpg,val,Handrise-Read-write,110.44,47.65,546.52,1.08,apta
0402013.jpg,val,Handrise-Read-write,110.58,47.13,692.62,1.07,apta
0402014.jpg,val,Handrise-Read-write,112.53,47.77,969.44,1.12,apta
0402015.jpg,val,Handrise-Read-write,102.79,83.72,1205.75,1.07,apta
0402016.jpg,val,Handrise-Read-write,100.23,83.07,1272.07,1.11,apta
0402017.jpg,val,Handrise-Read-write,131.85,56.51,604.44,0.58,apta
0402018.jpg,val,Handrise-Read-write,99.8,44.29,526.97,0.68,apta
0402019.jpg,val,Handrise-Read-write,95.46,44.42,529.69,0.65,apta
0402020.jpg,val,Handrise-Read-write,133.54,57.09,539.23,0.63,apta
0402021.jpg,val,Handrise-Read-write,131.93,57.16,494.98,0.58,apta
0402022.jpg,val,Handrise-Read-write,96.03,60.65,561.72,0.36,apta
0402023.jpg,val,Handrise-Read-write,95.84,49.2,221.5,0.36,apta
0402024.jpg,val,Handrise-Read-write,96.4,55.15,179.31,0.41,apta
0402025.jpg,val,Handrise-Read-write,96.16,55.29,598.02,0.46,apta
0402026.jpg,val,Handrise-Read-write,108.08,65.4,243.8,0.59,apta
0402027.jpg,val,Handrise-Read-write,94.47,60.02,250.86,0.34,apta
0402028.jpg,val,Handrise-Read-write,121.17,79.51,870.78,0.87,apta
0402029.jpg,val,Handrise-Read-write,122.7,77.43,1086.7,0.83,apta
0402030.jpg,val,Handrise-Read-write,122.24,77.4,1229.17,0.84,apta
0402031.jpg,val,Handrise-Read-write,105.44,65.68,586.38,0.75,apta
0402032.jpg,val,Handrise-Read-write,103.18,66.67,541.85,0.56,apta
0402033.jpg,val,Handrise-Read-write,119.19,73.53,2006.12,1.95,apta
0402034.jpg,val,Handrise-Read-write,79.8,48.4,223.2,0.46,apta
0402035.jpg,val,Handrise-Read-write,70.47,49.19,297.78,0.47,apta
0402036.jpg,val,Handrise-Read-write,95.6,64.79,431.53,0.79,apta
0402037.jpg,val,Handrise-Read-write,99.93,61.18,247.54,0.46,apta
0403006.jpg,train,Handrise-Read-write,96.51,62.87,386.35,0.49,apta
0403009.jpg,train,Handrise-Read-write,106.27,70.04,316.78,0.42,apta
0403010.jpg,train,Handrise-Read-write,117.08,69.86,250.06,0.4,apta
0403011.jpg,train,Handrise-Read-write,98.83,60.12,719.98,0.78,apta
0403012.jpg,train,Handrise-Read-write,101.3,59.09,386.83,0.74,apta
0403013.jpg,train,Handrise-Read-write,107.86,59.91,478.87,0.82,apta
0403014.jpg,train,Handrise-Read-write,115.44,66.12,492.92,0.51,apta
0403015.jpg,train,Handrise-Read-write,101.47,62.07,556.71,0.67,apta
0403016.jpg,train,Handrise-Read-write,105.2,59.81,353.94,0.51,apta
0403017.jpg,train,Handrise-Read-write,106.52,59.75,433.15,0.54,apta
0403018.jpg,train,Handrise-Read-write,101.42,57.88,432.94,0.52,apta
0403019.jpg,train,Handrise-Read-write,118.59,57.79,622.85,0.93,apta
0403020.jpg,train,Handrise-Read-write,102.27,61.11,197.6,0.49,apta
0403021.jpg,train,Handrise-Read-write,133.95,66.08,319.69,0.67,apta
0403022.jpg,train,Handrise-Read-write,129.12,62.51,314.31,0.62,apta
0403023.jpg,train,Handrise-Read-write,111.36,73.41,251.37,0.38,apta
0403024.jpg,train,Handrise-Read-write,88.15,59.27,247.06,0.53,apta
0403025.jpg,train,Handrise-Read-write,79.1,61.84,462.54,0.59,apta
0403026.jpg,train,Handrise-Read-write,92.78,57.32,1346.9,1.34,apta
0403027.jpg,train,Handrise-Read-write,105.4,51.77,2470.05,2.14,apta
0403028.jpg,train,Handrise-Read-write,105.22,56.05,1062.52,1.12,apta
0403029.jpg,train,Handrise-Read-write,100.58,65.01,351.77,0.59,apta
0403030.jpg,train,Handrise-Read-write,92.9,62.33,319.46,0.61,apta
0403031.jpg,train,Handrise-Read-write,92.0,61.59,288.6,0.58,apta
0403032.jpg,train,Handrise-Read-write,113.08,68.84,312.4,0.65,apta
0403033.jpg,train,Handrise-Read-write,96.84,65.3,366.55,0.3,apta
0403034.jpg,train,Handrise-Read-write,167.52,71.11,731.33,0.44,apta
0403035.jpg,train,Handrise-Read-write,144.78,74.47,136.94,0.36,apta
0403036.jpg,train,Handrise-Read-write,121.6,71.18,284.3,0.3,apta
0403037.jpg,train,Handrise-Read-write,186.53,67.76,235.73,0.38,apta
0403038.jpg,train,Handrise-Read-write,138.33,72.81,219.45,0.25,apta
0403039.jpg,train,Handrise-Read-write,134.97,73.19,383.5,0.31,apta
0403040.jpg,train,Handrise-Read-write,79.45,87.24,1105.13,1.03,apta
0403041.jpg,train,Handrise-Read-write,153.16,83.7,197.47,0.23,apta
0403042.jpg,train,Handrise-Read-write,79.54,81.49,372.68,0.76,apta
0403043.jpg,train,Handrise-Read-write,81.39,60.28,482.38,1.05,apta
0403044.jpg,train,Handrise-Read-write,107.44,45.28,364.46,0.48,apta
0403045.jpg,train,Handrise-Read-write,107.71,54.23,332.27,0.52,apta
0403046.jpg,train,Handrise-Read-write,116.52,70.13,282.81,0.67,apta
0403047.jpg,train,Handrise-Read-write,115.57,67.0,606.69,0.71,apta
0403048.jpg,train,Handrise-Read-write,66.04,83.03,434.18,0.53,apta
0403049.jpg,train,Handrise-Read-write,143.87,45.2,323.26,0.21,apta
0403050.jpg,train,Handrise-Read-write,100.98,63.56,269.67,0.68,apta
0403051.jpg,train,Handrise-Read-write,111.25,60.94,310.49,0.76,apta
0403052.jpg,train,Handrise-Read-write,112.17,62.35,214.01,0.59,apta
0404001.jpg,train,Handrise-Read-write,102.32,51.02,274.37,0.37,apta
0404002.jpg,train,Handrise-Read-write,110.6,59.1,313.75,0.58,apta
0404003.jpg,train,Handrise-Read-write,109.56,56.35,541.37,0.79,apta
0404004.jpg,train,Handrise-Read-write,87.55,53.79,472.97,0.96,apta
0404005.jpg,train,Handrise-Read-write,84.82,63.98,161.34,0.56,apta
0404006.jpg,train,Handrise-Read-write,92.8,71.65,304.45,0.58,apta
0404007.jpg,train,Handrise-Read-write,84.23,51.42,423.99,0.92,apta
0404008.jpg,train,Handrise-Read-write,95.03,72.44,587.63,0.61,apta
0404009.jpg,train,Handrise-Read-write,105.88,71.83,579.97,0.66,apta
0404010.jpg,train,Handrise-Read-write,85.06,57.96,698.48,0.52,apta
0404011.jpg,train,Handrise-Read-write,101.51,74.21,384.09,0.72,apta
0404012.jpg,train,Handrise-Read-write,86.04,72.41,661.46,0.59,apta
0404013.jpg,train,Handrise-Read-write,86.48,76.38,638.36,0.55,apta
0404014.jpg,train,Handrise-Read-write,88.7,78.07,671.62,0.7,apta
0404016.jpg,train,Handrise-Read-write,105.9,75.66,1483.71,1.85,apta
0404017.jpg,train,Handrise-Read-write,91.58,86.06,497.01,0.51,apta
0404018.jpg,train,Handrise-Read-write,86.75,80.58,337.3,0.38,apta
0404019.jpg,train,Handrise-Read-write,135.64,75.43,904.54,0.75,apta
0404020.jpg,train,Handrise-Read-write,138.13,75.27,837.66,0.73,apta
0404021.jpg,train,Handrise-Read-write,167.38,75.46,1029.23,1.11,apta
0404022.jpg,train,Handrise-Read-write,136.63,74.99,958.8,0.73,apta
0404023.jpg,train,Handrise-Read-write,124.19,70.43,1305.9,1.3,apta
0404024.jpg,train,Handrise-Read-write,140.79,72.13,453.15,0.42,apta
0404025.jpg,train,Handrise-Read-write,108.53,55.09,707.22,0.77,apta
0404026.jpg,train,Handrise-Read-write,132.82,73.04,640.15,0.57,apta
0404027.jpg,train,Handrise-Read-write,142.77,63.74,496.55,0.44,apta
0404028.jpg,train,Handrise-Read-write,129.01,65.86,718.6,0.89,apta
0404029.jpg,train,Handrise-Read-write,130.02,64.82,748.66,0.9,apta
0404030.jpg,train,Handrise-Read-write,127.27,63.16,712.37,0.88,apta
0404031.jpg,train,Handrise-Read-write,130.39,64.32,1301.28,0.95,apta
0404032.jpg,train,Handrise-Read-write,131.39,64.03,550.02,0.95,apta
0404033.jpg,train,Handrise-Read-write,130.49,64.13,531.69,0.95,apta
0404034.jpg,train,Handrise-Read-write,128.66,48.55,376.62,0.43,apta
0404035.jpg,train,Handrise-Read-write,116.59,60.96,617.24,0.61,apta
0404036.jpg,train,Handrise-Read-write,100.65,63.72,334.67,0.44,apta
0404037.jpg,train,Handrise-Read-write,124.39,55.93,1037.92,0.86,apta
0404038.jpg,train,Handrise-Read-write,92.89,51.31,199.48,0.4,apta
0404040.jpg,train,Handrise-Read-write,87.35,53.99,116.08,0.31,apta
0404041.jpg,train,Handrise-Read-write,88.3,54.21,186.49,0.32,apta
0404043.jpg,train,Handrise-Read-write,81.39,50.46,197.74,0.37,apta
0404044.jpg,train,Handrise-Read-write,88.25,54.8,142.55,0.34,apta
0404045.jpg,train,Handrise-Read-write,93.13,51.86,160.19,0.36,apta
0404046.jpg,train,Handrise-Read-write,120.27,61.06,174.47,0.44,apta
0404047.jpg,train,Handrise-Read-write,100.71,63.13,375.85,0.73,apta
0404048.jpg,train,Handrise-Read-write,101.73,64.05,235.55,0.63,apta
0404049.jpg,train,Handrise-Read-write,116.88,56.27,311.67,0.55,apta
0404050.jpg,train,Handrise-Read-write,101.99,53.13,152.71,0.29,apta
06000001.jpg,train,Handrise-Read-write,175.88,74.25,494.24,0.68,apta
06000002.jpg,train,Handrise-Read-write,159.6,73.63,274.15,0.39,apta
06000003.jpg,train,Handrise-Read-write,184.29,70.18,199.07,0.41,apta
06000004.jpg,train,Handrise-Read-write,170.19,66.91,537.17,0.94,apta
06000013.jpg,train,Handrise-Read-write,119.47,71.02,1120.7,1.58,apta
06000014.jpg,train,Handrise-Read-write,113.44,66.55,527.27,0.84,apta
06000015.jpg,train,Handrise-Read-write,120.63,70.11,1001.48,1.43,apta
06000016.jpg,train,Handrise-Read-write,113.82,63.98,476.13,0.76,apta
06000017.jpg,train,Handrise-Read-write,111.97,60.26,273.72,0.51,apta
06000018.jpg,train,Handrise-Read-write,110.5,58.95,604.04,0.88,apta
06000019.jpg,train,Handrise-Read-write,112.33,66.04,972.56,1.31,apta
06000020.jpg,train,Handrise-Read-write,116.97,70.77,701.29,0.9,apta
06000021.jpg,train,Handrise-Read-write,114.91,84.12,263.82,0.64,apta
06000022.jpg,train,Handrise-Read-write,87.69,70.47,166.83,0.34,apta
06000023.jpg,train,Handrise-Read-write,100.21,77.76,170.36,0.43,apta
06000024.jpg,train,Handrise-Read-write,91.34,52.39,825.6,1.5,apta
06000025.jpg,train,Handrise-Read-write,89.28,47.06,503.48,1.03,apta
06000026.jpg,train,Handrise-Read-write,87.69,71.74,291.33,0.74,apta
06000027.jpg,train,Handrise-Read-write,106.25,67.97,576.45,0.86,apta
06000028.jpg,train,Handrise-Read-write,103.07,69.76,623.7,1.0,apta
06000029.jpg,train,Handrise-Read-write,108.43,81.62,658.95,1.07,apta
06000030.jpg,train,Handrise-Read-write,114.22,76.94,546.0,0.93,apta
06000041.jpg,train,Handrise-Read-write,100.88,81.01,1010.89,1.85,apta
06000042.jpg,train,Handrise-Read-write,101.18,81.49,986.5,1.82,apta
06000043.jpg,train,Handrise-Read-write,93.69,83.8,261.98,0.69,apta
06000044.jpg,train,Handrise-Read-write,98.81,81.51,693.82,1.45,apta
06000045.jpg,train,Handrise-Read-write,130.19,76.9,318.09,0.95,apta
06000046.jpg,train,Handrise-Read-write,96.62,84.16,674.42,1.35,apta
06000051.jpg,train,Handrise-Read-write,91.98,59.48,719.78,1.56,apta
06000052.jpg,train,Handrise-Read-write,96.6,63.39,957.23,1.91,apta
06000053.jpg,train,Handrise-Read-write,94.81,63.03,949.74,1.89,apta
06000062.jpg,train,Handrise-Read-write,101.86,66.23,1887.17,1.72,apta
06000063.jpg,train,Handrise-Read-write,118.36,67.71,882.39,1.02,apta
06000069.jpg,train,Handrise-Read-write,145.88,73.42,2195.51,1.63,apta
06000070.jpg,train,Handrise-Read-write,145.26,75.98,2749.32,2.32,apta
06000074.jpg,train,Handrise-Read-write,111.97,53.23,225.4,0.83,apta
06000075.jpg,train,Handrise-Read-write,110.0,52.04,237.44,0.82,apta
06000076.jpg,train,Handrise-Read-write,111.94,53.82,228.22,0.86,apta
06000077.jpg,train,Handrise-Read-write,112.37,53.68,305.62,0.91,apta
06000078.jpg,train,Handrise-Read-write,114.72,53.09,252.64,0.89,apta
06000087.jpg,train,Handrise-Read-write,123.17,83.88,1479.44,1.19,apta
06000088.jpg,train,Handrise-Read-write,110.01,70.9,2095.67,1.58,apta
06000089.jpg,train,Handrise-Read-write,86.75,63.02,497.76,0.63,apta
06000090.jpg,train,Handrise-Read-write,103.34,66.63,1386.41,1.36,apta
06000091.jpg,train,Handrise-Read-write,122.05,61.85,2885.02,2.85,apta
06000093.jpg,train,Handrise-Read-write,108.94,69.44,1858.64,1.6,apta
06000094.jpg,train,Handrise-Read-write,128.92,61.19,344.05,0.89,apta
06000095.jpg,train,Handrise-Read-write,118.73,60.9,330.95,0.79,apta
06000096.jpg,train,Handrise-Read-write,114.62,58.91,355.82,0.91,apta
06010001.jpg,train,Handrise-Read-write,105.22,74.94,583.18,0.97,apta
06010002.jpg,train,Handrise-Read-write,122.98,64.77,428.39,0.92,apta
06010003.jpg,train,Handrise-Read-write,138.6,77.86,545.76,1.02,apta
06010004.jpg,train,Handrise-Read-write,103.61,69.57,2210.27,2.56,apta
06010005.jpg,train,Handrise-Read-write,102.7,71.57,4779.38,4.22,apta
06010006.jpg,train,Handrise-Read-write,105.1,65.2,1745.0,1.66,apta
06010007.jpg,train,Handrise-Read-write,110.89,70.47,2220.27,2.58,apta
06010008.jpg,train,Handrise-Read-write,93.22,78.25,4206.1,3.66,apta
06010009.jpg,train,Handrise-Read-write,96.91,77.96,3871.93,3.53,apta
06010010.jpg,train,Handrise-Read-write,75.73,72.79,1205.14,1.04,apta
06010015.jpg,train,Handrise-Read-write,112.66,75.11,1902.52,1.64,apta
06010016.jpg,train,Handrise-Read-write,111.63,86.69,1201.86,1.22,apta
06010017.jpg,train,Handrise-Read-write,134.43,45.46,823.86,1.72,apta
06010018.jpg,train,Handrise-Read-write,144.25,69.2,2304.2,2.6,apta
06010022.jpg,train,Handrise-Read-write,115.99,57.7,1046.49,1.87,apta
06010023.jpg,train,Handrise-Read-write,111.75,55.92,1282.08,2.17,apta
06010024.jpg,train,Handrise-Read-write,114.79,58.96,1237.22,1.95,apta
06010025.jpg,train,Handrise-Read-write,108.56,54.74,828.25,1.42,apta
06010026.jpg,train,Handrise-Read-write,114.74,63.24,997.96,1.74,apta
06010027.jpg,train,Handrise-Read-write,96.68,58.57,855.41,1.47,apta
06010028.jpg,train,Handrise-Read-write,120.59,68.18,374.56,1.0,apta
06010029.jpg,train,Handrise-Read-write,124.9,57.26,394.56,1.19,apta
06010030.jpg,train,Handrise-Read-write,115.56,55.09,306.33,0.85,apta
06010031.jpg,train,Handrise-Read-write,108.69,55.69,283.47,0.7,apta
06010032.jpg,train,Handrise-Read-write,73.6,53.42,241.57,0.57,apta
06010035.jpg,train,Handrise-Read-write,89.12,58.17,131.45,0.46,apta
06010036.jpg,train,Handrise-Read-write,101.63,48.6,1131.31,2.14,apta
06010037.jpg,train,Handrise-Read-write,96.46,54.05,809.47,1.66,apta
06010038.jpg,train,Handrise-Read-write,107.64,67.88,3922.77,3.54,apta
06010039.jpg,train,Handrise-Read-write,119.42,65.45,3143.19,2.9,apta
0800001.jpg,train,Handrise-Read-write,108.71,63.67,365.29,0.63,apta
0800002.jpg,train,Handrise-Read-write,105.75,63.73,431.19,0.64,apta
0800003.jpg,train,Handrise-Read-write,105.17,62.83,284.38,0.62,apta
0800004.jpg,train,Handrise-Read-write,108.57,71.99,1165.93,1.34,apta
0800005.jpg,train,Handrise-Read-write,106.79,72.49,1348.91,1.38,apta
0800006.jpg,train,Handrise-Read-write,101.52,76.19,984.27,1.36,apta
0800007.jpg,train,Handrise-Read-write,96.99,67.82,181.37,0.44,apta
0800008.jpg,train,Handrise-Read-write,92.99,67.99,171.79,0.45,apta
0800009.jpg,train,Handrise-Read-write,91.72,68.14,202.84,0.44,apta
0800010.jpg,train,Handrise-Read-write,90.71,68.03,186.84,0.44,apta
0800011.jpg,train,Handrise-Read-write,107.98,69.92,337.17,0.42,apta
0800012.jpg,train,Handrise-Read-write,121.43,76.26,299.53,0.45,apta
0800013.jpg,train,Handrise-Read-write,106.79,65.41,316.38,0.57,apta
0800014.jpg,train,Handrise-Read-write,119.22,72.35,405.23,0.55,apta
0800015.jpg,train,Handrise-Read-write,138.33,60.22,506.16,0.93,apta
0800016.jpg,train,Handrise-Read-write,141.37,61.52,860.66,1.0,apta
0800017.jpg,train,Handrise-Read-write,73.92,41.41,153.57,0.45,apta
0800018.jpg,train,Handrise-Read-write,74.2,41.43,90.42,0.44,no apta
0800019.jpg,train,Handrise-Read-write,106.83,42.74,273.36,0.69,apta
0800020.jpg,train,Handrise-Read-write,75.67,45.25,210.31,0.45,apta
0800021.jpg,train,Handrise-Read-write,75.42,38.68,146.68,0.43,apta
0800022.jpg,train,Handrise-Read-write,127.72,81.81,918.8,0.72,apta
0800023.jpg,train,Handrise-Read-write,93.71,60.09,426.13,0.56,apta
0800024.jpg,train,Handrise-Read-write,106.51,83.17,230.93,0.37,apta
0800025.jpg,train,Handrise-Read-write,102.65,83.3,326.19,0.34,apta
0800026.jpg,train,Handrise-Read-write,72.13,44.97,174.83,0.49,apta
0800027.jpg,train,Handrise-Read-write,99.57,78.36,644.27,0.56,apta
0800028.jpg,train,Handrise-Read-write,102.44,80.13,170.12,0.41,apta
0800029.jpg,train,Handrise-Read-write,100.91,80.62,175.42,0.48,apta
0800030.jpg,train,Handrise-Read-write,98.84,77.84,182.88,0.47,apta
0800031.jpg,train,Handrise-Read-write,91.73,71.49,247.61,0.61,apta
0800032.jpg,train,Handrise-Read-write,88.16,58.17,287.52,0.45,apta
0800033.jpg,train,Handrise-Read-write,111.53,61.43,212.18,0.57,apta
0800034.jpg,train,Handrise-Read-write,110.48,61.54,557.5,0.63,apta
0800035.jpg,train,Handrise-Read-write,106.51,61.44,381.2,0.59,apta
0800036.jpg,train,Handrise-Read-write,95.0,51.36,363.98,0.55,apta
0800037.jpg,train,Handrise-Read-write,59.15,37.19,193.65,0.26,no apta
0800038.jpg,train,Handrise-Read-write,81.79,53.93,340.31,0.62,apta
0800039.jpg,train,Handrise-Read-write,103.84,69.43,534.01,0.7,apta
0800040.jpg,train,Handrise-Read-write,83.19,57.62,911.82,0.72,apta
0800041.jpg,train,Handrise-Read-write,91.67,53.47,391.5,0.54,apta
1000001.jpg,train,Handrise-Read-write,107.66,60.72,739.16,0.72,apta
1000002.jpg,train,Handrise-Read-write,92.99,61.75,1955.83,3.54,apta
1000003.jpg,train,Handrise-Read-write,91.02,60.49,1920.38,3.46,apta
1000004.jpg,train,Handrise-Read-write,93.79,63.19,2057.31,3.64,apta
1000005.jpg,train,Handrise-Read-write,77.16,55.22,489.52,0.8,apta
1000006.jpg,train,Handrise-Read-write,112.83,77.48,176.69,0.35,apta
1000008.jpg,train,Handrise-Read-write,104.75,50.84,136.04,0.29,apta
1000009.jpg,train,Handrise-Read-write,124.95,76.97,324.06,0.44,apta
1000010.jpg,train,Handrise-Read-write,124.39,68.66,475.05,0.62,apta
1000011.jpg,train,Handrise-Read-write,148.37,67.96,577.48,0.83,apta
1000012.jpg,train,Handrise-Read-write,129.96,78.26,258.56,0.47,apta
1000013.jpg,train,Handrise-Read-write,135.83,69.62,325.0,0.4,apta
1000014.jpg,train,Handrise-Read-write,128.15,71.48,699.0,0.53,apta
1000015.jpg,train,Handrise-Read-write,149.17,87.49,335.41,0.45,apta
1000016.jpg,train,Handrise-Read-write,137.06,84.24,280.52,0.47,apta
1000017.jpg,train,Handrise-Read-write,118.13,52.19,697.89,0.75,apta
1000018.jpg,train,Handrise-Read-write,82.16,66.68,474.55,0.51,apta
1000019.jpg,train,Handrise-Read-write,98.06,73.37,391.09,0.49,apta
1000020.jpg,train,Handrise-Read-write,91.9,60.85,850.06,1.1,apta
1000021.jpg,train,Handrise-Read-write,94.92,60.12,981.16,1.15,apta
1000022.jpg,train,Handrise-Read-write,92.56,65.23,936.34,1.63,apta
1000023.jpg,train,Handrise-Read-write,93.21,60.04,861.73,1.12,apta
1000024.jpg,train,Handrise-Read-write,95.69,59.64,1016.81,1.27,apta
1000025.jpg,train,Handrise-Read-write,92.46,64.4,1023.38,1.75,apta
1000026.jpg,train,Handrise-Read-write,95.08,60.13,851.72,1.1,apta
1000027.jpg,train,Handrise-Read-write,89.1,65.44,818.92,1.59,apta
1000028.jpg,train,Handrise-Read-write,109.96,53.57,285.15,0.61,apta
1000030.jpg,train,Handrise-Read-write,111.28,53.24,435.28,0.62,apta
1000031.jpg,train,Handrise-Read-write,168.45,89.6,727.88,0.44,apta
1000032.jpg,train,Handrise-Read-write,117.98,61.11,369.45,0.37,apta
1000036.jpg,train,Handrise-Read-write,100.33,67.13,516.42,0.85,apta
1000037.jpg,train,Handrise-Read-write,103.58,65.48,762.65,0.84,apta
1000038.jpg,train,Handrise-Read-write,102.14,66.56,620.68,0.84,apta
1000039.jpg,train,Handrise-Read-write,97.72,72.39,669.44,0.86,apta
1000040.jpg,train,Handrise-Read-write,80.01,70.86,834.53,0.96,apta
1000041.jpg,train,Handrise-Read-write,103.15,78.15,832.62,0.96,apta
1000043.jpg,train,Handrise-Read-write,125.24,79.41,862.05,0.75,apta
1000044.jpg,train,Handrise-Read-write,121.33,79.55,564.01,0.7,apta
1000046.jpg,train,Handrise-Read-write,124.82,79.0,870.85,0.7,apta
1000047.jpg,train,Handrise-Read-write,126.28,80.71,517.05,0.63,apta
1000048.jpg,train,Handrise-Read-write,119.29,78.21,600.27,0.63,apta
1000049.jpg,train,Handrise-Read-write,94.19,69.06,282.57,0.47,apta
1000050.jpg,train,Handrise-Read-write,91.96,66.68,204.02,0.48,apta
1000051.jpg,train,Handrise-Read-write,87.04,68.78,139.9,0.43,apta
1000052.jpg,train,Handrise-Read-write,91.97,69.13,173.34,0.43,apta
1000053.jpg,train,Handrise-Read-write,117.05,78.2,545.27,0.7,apta
1000054.jpg,train,Handrise-Read-write,108.99,57.22,387.07,0.55,apta
1000055.jpg,train,Handrise-Read-write,125.19,52.34,328.63,0.56,apta
1000056.jpg,train,Handrise-Read-write,100.46,75.65,1701.36,1.17,apta
1000057.jpg,train,Handrise-Read-write,95.69,76.15,1404.2,1.47,apta
1000062.jpg,train,Handrise-Read-write,91.29,73.06,1729.05,0.75,apta
10_000023.jpg,train,BowTurnHead,62.01,59.26,406.03,0.86,apta
10_000059.jpg,train,BowTurnHead,62.53,59.96,413.17,0.85,apta
10_000082.jpg,train,BowTurnHead,74.71,64.23,464.54,0.87,apta
10_000083.jpg,train,BowTurnHead,74.82,64.22,476.47,0.9,apta
10_000084.jpg,train,BowTurnHead,75.07,64.25,477.06,0.9,apta
10_000092.jpg,train,BowTurnHead,62.42,58.42,379.36,0.78,apta
10_000093.jpg,train,BowTurnHead,62.99,59.66,386.61,0.81,apta
10_000175.jpg,val,Handrise-Read-write+BowTurnHead,72.56,61.45,536.52,1.01,apta
10_000176.jpg,train,BowTurnHead,72.47,61.49,535.48,1.01,apta
10_000186.jpg,train,BowTurnHead,73.74,63.74,512.17,0.95,apta
10_000187.jpg,train,BowTurnHead,73.63,63.73,526.94,0.99,apta
10_000199.jpg,val,Handrise-Read-write,62.99,60.87,412.8,0.84,apta
10_000217.jpg,train,BowTurnHead,62.66,60.82,382.73,0.8,apta
10_000251.jpg,val,Handrise-Read-write+BowTurnHead,66.97,58.02,880.11,1.93,apta
10_000252.jpg,val,Handrise-Read-write+BowTurnHead,66.33,57.5,838.8,1.86,apta
10_000253.jpg,train,BowTurnHead,66.56,57.71,895.66,1.96,apta
10_000257.jpg,train,BowTurnHead,66.78,58.07,831.34,1.82,apta
10_000258.jpg,train,BowTurnHead,66.76,57.94,873.03,1.9,apta
10_000259.jpg,train,BowTurnHead,66.49,57.72,884.77,1.93,apta
10_000260.jpg,train,BowTurnHead,66.67,57.92,898.61,1.94,apta
10_000261.jpg,val,Handrise-Read-write,66.47,57.82,916.48,2.0,apta
10_000262.jpg,val,Handrise-Read-write+BowTurnHead,66.66,57.89,894.44,1.96,apta
10_000263.jpg,val,Handrise-Read-write+BowTurnHead,66.68,57.91,919.47,2.0,apta
10_000264.jpg,val,Handrise-Read-write+BowTurnHead,66.45,57.89,938.97,2.04,apta
10_000265.jpg,val,Handrise-Read-write+BowTurnHead,66.21,57.93,947.37,2.05,apta
10_000266.jpg,val,Handrise-Read-write+BowTurnHead,66.33,57.94,950.41,2.06,apta
10_000302.jpg,val,Handrise-Read-write,64.52,61.55,438.67,0.85,apta
10_000303.jpg,val,Handrise-Read-write,63.19,61.14,413.15,0.81,apta
10_000344.jpg,val,Handrise-Read-write,63.37,61.09,461.12,0.92,apta
10_000350.jpg,val,Handrise-Read-write+BowTurnHead,82.94,68.94,1338.82,2.2,apta
10_000351.jpg,val,Handrise-Read-write+BowTurnHead,82.97,68.97,1424.01,2.29,apta
10_000352.jpg,val,Handrise-Read-write+BowTurnHead,82.75,69.02,1441.43,2.33,apta
10_000353.jpg,val,Handrise-Read-write+BowTurnHead,82.48,69.23,1413.74,2.27,apta
10_000354.jpg,val,Handrise-Read-write,82.03,69.28,1431.81,2.29,apta
10_000355.jpg,val,Handrise-Read-write+BowTurnHead,81.03,69.23,1389.01,2.17,apta
10_000356.jpg,train,BowTurnHead,81.98,69.37,1425.62,2.21,apta
10_000407.jpg,val,Handrise-Read-write,67.54,58.43,877.93,1.86,apta
10_000439.jpg,train,BowTurnHead,67.52,58.42,841.45,1.81,apta
10_000440.jpg,train,BowTurnHead,67.64,58.4,910.3,1.93,apta
10_000441.jpg,train,BowTurnHead,67.76,58.4,917.78,1.96,apta
10_000449.jpg,train,BowTurnHead,64.4,61.3,434.59,0.87,apta
10_000545.jpg,val,Handrise-Read-write,64.14,60.24,513.01,0.98,apta
10_000549.jpg,val,Handrise-Read-write,75.41,63.95,510.29,0.94,apta
10_000659.jpg,train,BowTurnHead,67.02,58.1,849.29,1.81,apta
10_000660.jpg,train,BowTurnHead,66.56,57.86,905.55,1.93,apta
10_000661.jpg,val,Handrise-Read-write+BowTurnHead,66.25,57.76,938.35,2.01,apta
10_000670.jpg,val,Handrise-Read-write,64.77,61.93,436.63,0.86,apta
10_000694.jpg,val,Handrise-Read-write,63.82,60.54,481.41,0.95,apta
10_000695.jpg,val,Handrise-Read-write,63.6,60.58,480.16,0.94,apta
10_000696.jpg,train,BowTurnHead,75.2,64.36,464.14,0.85,apta
10_000700.jpg,train,BowTurnHead,66.19,57.95,863.19,1.88,apta
10_000701.jpg,train,BowTurnHead,66.24,58.06,897.7,1.96,apta
10_000702.jpg,train,BowTurnHead,66.33,58.17,942.92,2.04,apta
10_000703.jpg,train,BowTurnHead,66.3,58.12,934.96,2.03,apta
10_000704.jpg,train,BowTurnHead,66.44,58.15,923.38,2.01,apta
10_000706.jpg,val,Handrise-Read-write+BowTurnHead,66.64,58.07,927.91,2.01,apta
10_000722.jpg,val,Handrise-Read-write,63.46,59.87,473.71,0.93,apta
10_000723.jpg,val,Handrise-Read-write,63.74,60.05,473.04,0.91,apta
10_000726.jpg,val,Handrise-Read-write+BowTurnHead,63.64,59.83,470.46,0.95,apta
10_000727.jpg,val,Handrise-Read-write+BowTurnHead,63.67,59.86,473.96,0.96,apta
10_000743.jpg,val,Handrise-Read-write,77.46,65.25,510.73,0.96,apta
10_000746.jpg,val,Handrise-Read-write+BowTurnHead,77.55,65.27,510.09,0.97,apta
10_000748.jpg,val,Handrise-Read-write+BowTurnHead,77.44,65.39,513.69,0.97,apta
10_000749.jpg,val,Handrise-Read-write+BowTurnHead,77.45,65.46,514.53,0.95,apta
10_000828.jpg,val,Handrise-Read-write+BowTurnHead,65.47,56.74,922.98,2.02,apta
10_000853.jpg,val,Handrise-Read-write,63.64,60.42,470.03,0.97,apta
10_000854.jpg,val,Handrise-Read-write,63.97,60.42,472.42,0.97,apta
10_000903.jpg,train,BowTurnHead,63.0,59.89,461.69,0.98,apta
10_000947.jpg,val,Handrise-Read-write+BowTurnHead,63.18,55.45,755.28,1.65,apta
10_000948.jpg,val,Handrise-Read-write+BowTurnHead,63.45,55.76,828.28,1.81,apta
10_000949.jpg,val,Handrise-Read-write+BowTurnHead,63.39,55.63,838.74,1.81,apta
10_000950.jpg,val,Handrise-Read-write+BowTurnHead,63.6,55.85,833.59,1.82,apta
10_000951.jpg,val,Handrise-Read-write+BowTurnHead,63.37,55.64,825.69,1.82,apta
10_000952.jpg,val,Handrise-Read-write+BowTurnHead,63.11,55.47,852.48,1.84,apta
10_000953.jpg,val,Handrise-Read-write+BowTurnHead,63.84,60.35,444.19,0.91,apta
10_000954.jpg,val,Handrise-Read-write+BowTurnHead,64.18,60.3,473.71,0.99,apta
10_000955.jpg,val,Handrise-Read-write+BowTurnHead,63.98,60.25,471.77,0.98,apta
10_000961.jpg,val,Handrise-Read-write+BowTurnHead,62.93,55.56,766.74,1.66,apta
10_000962.jpg,val,Handrise-Read-write+BowTurnHead,63.06,55.64,824.86,1.77,apta
10_000963.jpg,val,Handrise-Read-write+BowTurnHead,63.12,55.81,862.28,1.85,apta
10_000964.jpg,val,Handrise-Read-write+BowTurnHead,63.18,55.77,850.26,1.84,apta
10_000965.jpg,val,Handrise-Read-write+BowTurnHead,62.97,55.7,852.63,1.84,apta
10_000966.jpg,val,Handrise-Read-write+BowTurnHead,63.32,55.96,855.69,1.85,apta
10_000972.jpg,val,Handrise-Read-write+BowTurnHead,64.18,60.25,510.77,1.07,apta
10_000973.jpg,val,Handrise-Read-write+BowTurnHead,64.23,60.25,518.38,1.09,apta
10_000974.jpg,val,Handrise-Read-write+BowTurnHead,64.31,60.27,513.15,1.07,apta
10_000975.jpg,val,Handrise-Read-write+BowTurnHead,62.79,55.64,824.67,1.79,apta
10_000976.jpg,val,Handrise-Read-write+BowTurnHead,63.02,55.84,865.0,1.9,apta
10_000977.jpg,val,Handrise-Read-write+BowTurnHead,62.95,55.9,887.63,1.94,apta
10_000978.jpg,val,Handrise-Read-write+BowTurnHead,63.11,55.91,872.65,1.9,apta
10_000979.jpg,val,Handrise-Read-write+BowTurnHead,63.0,55.68,877.2,1.91,apta
10_000980.jpg,val,Handrise-Read-write+BowTurnHead,63.23,55.97,885.53,1.92,apta
10_000986.jpg,val,Handrise-Read-write+BowTurnHead,64.07,60.14,498.29,1.04,apta
10_000987.jpg,val,Handrise-Read-write+BowTurnHead,64.3,60.21,499.45,1.05,apta
10_000988.jpg,val,Handrise-Read-write+BowTurnHead,64.38,60.31,508.81,1.06,apta
10_000989.jpg,val,Handrise-Read-write+BowTurnHead,64.54,60.3,509.23,1.06,apta
10_000990.jpg,val,Handrise-Read-write+BowTurnHead,63.15,55.8,761.05,1.66,apta
10_000991.jpg,val,Handrise-Read-write+BowTurnHead,63.2,56.0,853.84,1.9,apta
10_000992.jpg,val,Handrise-Read-write+BowTurnHead,63.32,56.18,884.31,1.95,apta
10_000993.jpg,val,Handrise-Read-write+BowTurnHead,63.26,56.03,888.78,1.96,apta
10_000994.jpg,val,Handrise-Read-write+BowTurnHead,63.14,55.98,875.41,1.91,apta
10_000995.jpg,val,Handrise-Read-write+BowTurnHead,63.46,56.22,873.75,1.91,apta
10_001001.jpg,val,Handrise-Read-write+BowTurnHead,64.43,60.17,471.3,0.99,apta
10_001002.jpg,val,Handrise-Read-write+BowTurnHead,64.27,60.25,483.14,1.02,apta
10_001003.jpg,val,Handrise-Read-write+BowTurnHead,64.44,60.28,485.66,1.03,apta
10_001004.jpg,val,Handrise-Read-write+BowTurnHead,63.3,55.85,782.93,1.7,apta
10_001005.jpg,val,Handrise-Read-write+BowTurnHead,63.87,56.49,834.42,1.8,apta
10_001006.jpg,val,Handrise-Read-write+BowTurnHead,64.07,56.82,854.66,1.88,apta
10_001007.jpg,val,Handrise-Read-write+BowTurnHead,64.17,56.79,844.41,1.86,apta
10_001008.jpg,val,Handrise-Read-write+BowTurnHead,63.98,56.58,851.26,1.86,apta
10_001009.jpg,val,Handrise-Read-write+BowTurnHead,64.47,57.0,855.51,1.88,apta
10_001024.jpg,val,Handrise-Read-write+BowTurnHead,64.97,60.73,514.73,1.0,apta
10_001051.jpg,val,Handrise-Read-write+BowTurnHead,64.21,60.52,449.06,0.88,apta
10_001052.jpg,val,Handrise-Read-write+BowTurnHead,64.32,60.51,457.17,0.89,apta
10_001053.jpg,val,Handrise-Read-write,64.39,60.58,471.39,0.94,apta
10_001054.jpg,val,Handrise-Read-write,64.45,60.59,477.32,0.95,apta
10_001055.jpg,val,Handrise-Read-write+BowTurnHead,64.38,60.6,490.26,0.97,apta
10_001060.jpg,val,Handrise-Read-write+BowTurnHead,64.36,60.6,491.9,0.98,apta
10_001061.jpg,val,Handrise-Read-write+BowTurnHead,63.3,60.3,506.69,1.01,apta
10_001062.jpg,val,Handrise-Read-write,63.36,60.32,510.62,1.02,apta
10_001069.jpg,val,Handrise-Read-write,64.1,60.42,477.04,0.95,apta
10_001070.jpg,val,Handrise-Read-write,64.06,60.45,481.12,0.96,apta
10_001071.jpg,val,Handrise-Read-write,64.16,60.44,476.4,0.94,apta
10_001106.jpg,val,Handrise-Read-write,64.13,60.38,494.1,0.99,apta
10_001122.jpg,val,Handrise-Read-write+BowTurnHead,64.96,61.46,417.78,0.83,apta
10_001171.jpg,val,Handrise-Read-write+BowTurnHead,76.0,63.98,461.34,0.81,apta
10_001172.jpg,val,Handrise-Read-write+BowTurnHead,76.11,63.99,477.82,0.86,apta
10_001173.jpg,val,Handrise-Read-write+BowTurnHead,76.2,64.07,492.96,0.9,apta
10_001174.jpg,train,BowTurnHead,64.55,61.3,389.11,0.74,apta
10_001175.jpg,train,BowTurnHead,64.47,61.29,402.21,0.76,apta
10_001176.jpg,val,Handrise-Read-write+BowTurnHead,64.57,61.33,408.87,0.79,apta
10_001177.jpg,val,Handrise-Read-write+BowTurnHead,64.71,61.4,410.4,0.79,apta
10_001178.jpg,val,Handrise-Read-write+BowTurnHead,64.77,61.42,419.99,0.82,apta
10_001219.jpg,val,Handrise-Read-write+BowTurnHead,64.05,60.94,402.46,0.83,apta
10_001220.jpg,val,Handrise-Read-write+BowTurnHead,63.84,60.94,413.35,0.85,apta
10_001241.jpg,val,Handrise-Read-write+BowTurnHead,64.37,61.2,402.71,0.82,apta
10_001274.jpg,val,Handrise-Read-write+BowTurnHead,73.45,62.46,510.51,0.96,apta
10_001275.jpg,train,BowTurnHead,73.65,62.44,514.74,0.96,apta
10_001276.jpg,train,BowTurnHead,73.49,62.41,514.25,0.96,apta
10_001288.jpg,train,BowTurnHead,63.86,61.18,414.33,0.82,apta
10_001357.jpg,val,Handrise-Read-write,63.69,61.11,402.66,0.81,apta
10_001385.jpg,train,BowTurnHead,64.0,60.44,388.25,0.78,apta
10_001490.jpg,val,Handrise-Read-write+BowTurnHead,76.28,64.14,525.21,0.96,apta
10_001491.jpg,val,Handrise-Read-write+BowTurnHead,76.33,64.29,542.94,1.01,apta
10_001492.jpg,val,Handrise-Read-write+BowTurnHead,76.34,64.36,545.05,1.01,apta
10_001493.jpg,train,BowTurnHead,76.43,64.4,551.43,1.02,apta
10_001494.jpg,train,BowTurnHead,76.29,64.34,537.95,0.99,apta
10_001495.jpg,val,Handrise-Read-write+BowTurnHead,65.08,56.83,771.03,1.67,apta
10_001496.jpg,val,Handrise-Read-write+BowTurnHead,65.01,56.94,808.43,1.76,apta
10_001502.jpg,val,Handrise-Read-write+BowTurnHead,83.0,71.76,1361.64,2.13,apta
10_001503.jpg,train,BowTurnHead,64.23,60.9,397.45,0.85,apta
10_001504.jpg,train,BowTurnHead,64.26,61.04,394.02,0.85,apta
10_001505.jpg,train,BowTurnHead,64.46,61.09,377.71,0.83,apta
10_001506.jpg,train,BowTurnHead,74.53,63.41,474.21,0.9,apta
10_001507.jpg,train,BowTurnHead,74.73,63.39,502.38,0.96,apta
10_001515.jpg,train,BowTurnHead,64.23,60.82,407.66,0.89,apta
10_001516.jpg,train,BowTurnHead,64.04,60.85,418.82,0.92,apta
10_001517.jpg,val,Handrise-Read-write+BowTurnHead,64.65,56.73,741.44,1.62,apta
10_001518.jpg,val,Handrise-Read-write+BowTurnHead,64.72,56.76,771.37,1.68,apta
10_001519.jpg,val,Handrise-Read-write+BowTurnHead,64.91,57.03,841.0,1.83,apta
10_001520.jpg,val,Handrise-Read-write+BowTurnHead,65.03,56.88,810.33,1.76,apta
10_001521.jpg,val,Handrise-Read-write+BowTurnHead,64.94,56.88,847.38,1.86,apta
10_001522.jpg,val,Handrise-Read-write+BowTurnHead,65.14,57.08,820.5,1.8,apta
10_001527.jpg,train,BowTurnHead,64.54,60.91,413.28,0.9,apta
10_001530.jpg,train,BowTurnHead,64.45,61.03,406.16,0.89,apta
10_001531.jpg,val,Handrise-Read-write+BowTurnHead,64.64,57.04,801.41,1.75,apta
10_001532.jpg,val,Handrise-Read-write+BowTurnHead,64.53,57.01,844.6,1.84,apta
10_001533.jpg,val,Handrise-Read-write+BowTurnHead,64.84,57.14,835.77,1.82,apta
10_001534.jpg,val,Handrise-Read-write+BowTurnHead,65.4,57.48,823.84,1.8,apta
10_001535.jpg,val,Handrise-Read-write+BowTurnHead,65.14,57.22,831.84,1.8,apta
10_001536.jpg,val,Handrise-Read-write+BowTurnHead,65.18,57.31,858.54,1.88,apta
10_001537.jpg,val,Handrise-Read-write+BowTurnHead,64.88,56.99,833.26,1.82,apta
10_001543.jpg,val,Handrise-Read-write+BowTurnHead,64.62,60.88,392.69,0.84,apta
10_001544.jpg,val,Handrise-Read-write+BowTurnHead,64.4,60.92,406.43,0.89,apta
10_001545.jpg,val,Handrise-Read-write+BowTurnHead,64.21,60.94,411.08,0.89,apta
10_001546.jpg,val,Handrise-Read-write+BowTurnHead,64.34,60.95,412.85,0.9,apta
10_001547.jpg,val,Handrise-Read-write+BowTurnHead,64.03,60.8,407.36,0.89,apta
10_001548.jpg,val,Handrise-Read-write+BowTurnHead,65.15,57.4,840.95,1.82,apta
10_001549.jpg,val,Handrise-Read-write+BowTurnHead,64.82,57.21,799.41,1.74,apta
10_001550.jpg,val,Handrise-Read-write+BowTurnHead,65.07,57.29,830.28,1.8,apta
10_001551.jpg,val,Handrise-Read-write+BowTurnHead,65.01,57.34,834.14,1.82,apta
10_001552.jpg,val,Handrise-Read-write+BowTurnHead,64.89,57.17,825.85,1.81,apta
10_001553.jpg,val,Handrise-Read-write+BowTurnHead,65.01,57.3,853.0,1.87,apta
10_001579.jpg,train,BowTurnHead,83.9,69.93,1380.57,2.19,apta
10_001581.jpg,train,BowTurnHead,83.99,69.75,1333.59,2.15,apta
10_001582.jpg,train,BowTurnHead,85.02,70.27,1404.7,2.27,apta
10_001583.jpg,train,BowTurnHead,83.75,70.31,1399.43,2.23,apta
10_001710.jpg,val,Handrise-Read-write+BowTurnHead,64.51,56.13,798.48,1.73,apta
10_001711.jpg,val,Handrise-Read-write+BowTurnHead,63.87,55.6,793.57,1.75,apta
10_001712.jpg,val,Handrise-Read-write+BowTurnHead,63.54,55.22,778.05,1.72,apta
10_001713.jpg,val,Handrise-Read-write+BowTurnHead,63.63,55.44,802.4,1.77,apta
10_001714.jpg,val,Handrise-Read-write+BowTurnHead,63.41,55.36,803.33,1.78,apta
10_001723.jpg,val,Handrise-Read-write+BowTurnHead,64.38,60.39,400.35,0.88,apta
10_001724.jpg,val,Handrise-Read-write+BowTurnHead,64.43,60.39,385.53,0.83,apta
10_001728.jpg,val,Handrise-Read-write+BowTurnHead,65.43,56.95,699.96,1.52,apta
10_001729.jpg,val,Handrise-Read-write+BowTurnHead,65.63,57.11,758.28,1.63,apta
10_001730.jpg,val,Handrise-Read-write+BowTurnHead,65.52,57.01,783.13,1.69,apta
10_001731.jpg,val,Handrise-Read-write+BowTurnHead,65.52,57.16,810.61,1.8,apta
10_001732.jpg,val,Handrise-Read-write+BowTurnHead,65.27,57.02,829.84,1.85,apta
10_001733.jpg,val,Handrise-Read-write+BowTurnHead,65.31,56.99,843.43,1.85,apta
10_001734.jpg,val,Handrise-Read-write+BowTurnHead,65.37,57.05,834.4,1.83,apta
10_001735.jpg,val,Handrise-Read-write+BowTurnHead,65.29,56.93,844.49,1.84,apta
10_001745.jpg,val,Handrise-Read-write+BowTurnHead,64.35,60.28,407.67,0.87,apta
10_001746.jpg,val,Handrise-Read-write+BowTurnHead,64.67,60.36,415.58,0.89,apta
10_001747.jpg,val,Handrise-Read-write+BowTurnHead,64.38,60.39,418.56,0.9,apta
10_001748.jpg,val,Handrise-Read-write+BowTurnHead,64.48,60.26,363.67,0.75,apta
10_001749.jpg,val,Handrise-Read-write+BowTurnHead,65.98,57.65,730.56,1.61,apta
10_001750.jpg,val,Handrise-Read-write+BowTurnHead,65.75,57.68,772.57,1.69,apta
10_001751.jpg,val,Handrise-Read-write+BowTurnHead,65.88,57.74,797.11,1.76,apta
10_001765.jpg,val,Handrise-Read-write+BowTurnHead,67.32,58.75,777.95,1.7,apta
10_001766.jpg,val,Handrise-Read-write+BowTurnHead,66.81,58.31,764.56,1.67,apta
10_001767.jpg,val,Handrise-Read-write+BowTurnHead,67.3,58.62,786.97,1.71,apta
10_001768.jpg,val,Handrise-Read-write+BowTurnHead,67.19,58.61,822.76,1.8,apta
10_001769.jpg,val,Handrise-Read-write+BowTurnHead,67.16,58.56,801.94,1.73,apta
10_001770.jpg,val,Handrise-Read-write+BowTurnHead,67.35,58.64,826.89,1.78,apta
10_001771.jpg,val,Handrise-Read-write+BowTurnHead,67.29,58.65,818.78,1.78,apta
10_001772.jpg,val,Handrise-Read-write+BowTurnHead,67.29,58.73,826.47,1.79,apta
10_001773.jpg,val,Handrise-Read-write+BowTurnHead,67.46,58.58,798.12,1.74,apta
10_001785.jpg,val,Handrise-Read-write,64.06,61.62,372.0,0.76,apta
10_001786.jpg,val,Handrise-Read-write,64.06,61.7,383.03,0.8,apta
10_001787.jpg,val,Handrise-Read-write,64.34,61.74,382.3,0.79,apta
10_001788.jpg,val,Handrise-Read-write,63.98,61.82,380.88,0.79,apta
10_001789.jpg,val,Handrise-Read-write,64.09,61.99,380.07,0.79,apta
10_001790.jpg,val,Handrise-Read-write,64.35,62.16,368.98,0.76,apta
10_001791.jpg,val,Handrise-Read-write,64.49,62.14,365.7,0.77,apta
10_001792.jpg,val,Handrise-Read-write,64.69,62.23,359.58,0.74,apta
10_001793.jpg,val,Handrise-Read-write,64.8,62.21,370.29,0.77,apta
10_001794.jpg,val,Handrise-Read-write,65.38,62.24,362.58,0.73,apta
10_001795.jpg,val,Handrise-Read-write,65.11,62.11,361.37,0.72,apta
10_001803.jpg,val,Handrise-Read-write,64.26,61.73,401.29,0.84,apta
10_001804.jpg,val,Handrise-Read-write,64.04,61.67,403.74,0.84,apta
10_001805.jpg,val,Handrise-Read-write,64.39,61.71,403.43,0.83,apta
10_001806.jpg,val,Handrise-Read-write,64.11,61.66,397.44,0.84,apta
10_001807.jpg,val,Handrise-Read-write,64.17,61.74,394.2,0.84,apta
10_001808.jpg,val,Handrise-Read-write,64.44,61.76,397.25,0.84,apta
10_001809.jpg,val,Handrise-Read-write,63.99,61.78,403.33,0.85,apta
10_001810.jpg,val,Handrise-Read-write,64.2,61.77,405.4,0.85,apta
10_001811.jpg,val,Handrise-Read-write,63.79,61.81,398.02,0.84,apta
10_001817.jpg,val,Handrise-Read-write,64.01,61.66,384.99,0.82,apta
10_001824.jpg,train,BowTurnHead,64.48,61.8,356.88,0.71,apta
10_001846.jpg,train,BowTurnHead,65.42,56.48,802.5,1.77,apta
10_001847.jpg,train,BowTurnHead,65.39,56.57,832.93,1.82,apta
10_001849.jpg,train,BowTurnHead,65.5,56.7,816.07,1.77,apta
10_001850.jpg,train,BowTurnHead,65.5,56.76,880.11,1.89,apta
10_001851.jpg,train,BowTurnHead,65.59,56.83,909.43,1.97,apta
10_001864.jpg,train,BowTurnHead,65.46,56.71,871.42,1.9,apta
10_001865.jpg,train,BowTurnHead,65.54,56.79,869.74,1.9,apta
10_001866.jpg,train,BowTurnHead,65.45,56.7,884.63,1.94,apta
10_001886.jpg,train,BowTurnHead,65.74,56.87,872.78,1.91,apta
10_001887.jpg,train,BowTurnHead,65.69,56.91,900.19,1.96,apta
10_001888.jpg,train,BowTurnHead,65.65,56.85,932.06,2.03,apta
10_001889.jpg,train,BowTurnHead,65.73,56.95,926.82,2.03,apta
10_001936.jpg,val,Handrise-Read-write+BowTurnHead,74.38,63.7,450.43,0.87,apta
10_001937.jpg,val,Handrise-Read-write+BowTurnHead,74.4,63.74,461.89,0.9,apta
10_001938.jpg,train,BowTurnHead,74.46,63.73,463.6,0.9,apta
10_001939.jpg,val,Handrise-Read-write+BowTurnHead,74.47,63.7,461.49,0.9,apta
10_001940.jpg,train,BowTurnHead,74.47,63.7,458.05,0.89,apta
10_001941.jpg,train,BowTurnHead,74.41,63.69,455.54,0.89,apta
10_001943.jpg,train,BowTurnHead,74.39,63.7,454.47,0.88,apta
10_001945.jpg,train,BowTurnHead,74.42,63.71,453.1,0.88,apta
10_001946.jpg,train,BowTurnHead,74.47,63.74,449.51,0.88,apta
10_001949.jpg,train,BowTurnHead,74.45,63.73,455.99,0.89,apta
10_001950.jpg,train,BowTurnHead,74.49,63.73,453.83,0.88,apta
10_001952.jpg,train,BowTurnHead,74.44,63.65,454.88,0.89,apta
10_001955.jpg,train,BowTurnHead,74.49,63.69,459.14,0.89,apta
10_001957.jpg,train,BowTurnHead,74.43,63.69,458.58,0.89,apta
10_001958.jpg,train,BowTurnHead,74.41,63.7,459.05,0.89,apta
10_002017.jpg,train,BowTurnHead,78.36,65.37,435.78,0.79,apta
10_002026.jpg,train,BowTurnHead,78.65,65.11,463.64,0.87,apta
10_002029.jpg,train,BowTurnHead,62.51,58.06,411.45,0.81,apta
10_002032.jpg,train,BowTurnHead,62.78,58.25,419.98,0.84,apta
10_002033.jpg,train,BowTurnHead,81.28,66.59,454.04,0.83,apta
10_002034.jpg,train,BowTurnHead,81.26,66.64,459.66,0.85,apta
10_002043.jpg,train,BowTurnHead,81.12,66.57,480.67,0.89,apta
10_002045.jpg,train,BowTurnHead,81.14,66.58,474.67,0.88,apta
10_002077.jpg,val,Handrise-Read-write+BowTurnHead,64.22,56.03,734.2,1.64,apta
10_002078.jpg,val,Handrise-Read-write+BowTurnHead,64.05,56.23,745.67,1.66,apta
10_002079.jpg,val,Handrise-Read-write+BowTurnHead,63.68,56.05,790.55,1.76,apta
10_002080.jpg,val,Handrise-Read-write+BowTurnHead,63.93,56.24,796.27,1.77,apta
10_002081.jpg,val,Handrise-Read-write+BowTurnHead,64.02,56.3,800.97,1.8,apta
10_002082.jpg,val,Handrise-Read-write+BowTurnHead,64.31,56.28,785.91,1.74,apta
10_002083.jpg,val,Handrise-Read-write+BowTurnHead,64.48,56.31,808.24,1.8,apta
10_002091.jpg,val,Handrise-Read-write+BowTurnHead,64.23,56.53,811.36,1.82,apta
10_002092.jpg,val,Handrise-Read-write+BowTurnHead,63.98,56.3,821.2,1.85,apta
10_002093.jpg,val,Handrise-Read-write+BowTurnHead,63.86,56.39,816.42,1.84,apta
10_002094.jpg,val,Handrise-Read-write+BowTurnHead,63.67,56.26,809.08,1.82,apta
10_002095.jpg,val,Handrise-Read-write+BowTurnHead,63.9,56.43,816.35,1.84,apta
10_002096.jpg,val,Handrise-Read-write+BowTurnHead,63.94,56.19,796.18,1.8,apta
10_002097.jpg,val,Handrise-Read-write+BowTurnHead,63.92,56.32,815.81,1.84,apta
10_002098.jpg,val,Handrise-Read-write+BowTurnHead,63.77,56.19,801.78,1.81,apta
10_002099.jpg,val,Handrise-Read-write+BowTurnHead,63.95,56.46,800.69,1.8,apta
10_002140.jpg,val,Handrise-Read-write,88.98,73.67,816.74,1.28,apta
10_002141.jpg,val,Handrise-Read-write,89.12,73.67,828.7,1.31,apta
10_002142.jpg,val,Handrise-Read-write+BowTurnHead,89.02,73.75,840.9,1.32,apta
10_002236.jpg,val,Handrise-Read-write,65.62,57.53,678.36,1.13,apta
10_002296.jpg,val,Handrise-Read-write,63.74,61.27,340.64,0.73,apta
10_002304.jpg,val,Handrise-Read-write+BowTurnHead,83.41,71.3,1285.84,2.05,apta
10_002305.jpg,val,Handrise-Read-write+BowTurnHead,82.12,69.78,1249.61,2.03,apta
10_002306.jpg,val,Handrise-Read-write+BowTurnHead,84.74,71.25,1247.26,1.94,apta
10_002355.jpg,train,BowTurnHead,74.56,62.61,423.34,0.81,apta
10_002365.jpg,val,Handrise-Read-write+BowTurnHead,63.24,60.54,320.3,0.67,apta
10_002366.jpg,val,Handrise-Read-write+BowTurnHead,63.39,60.67,337.32,0.73,apta
10_002367.jpg,val,Handrise-Read-write+BowTurnHead,63.1,60.71,349.33,0.75,apta
10_002368.jpg,val,Handrise-Read-write,82.07,69.28,1334.17,2.17,apta
10_002369.jpg,val,Handrise-Read-write,83.87,70.03,1297.45,2.13,apta
10_002370.jpg,val,Handrise-Read-write,82.61,70.1,1313.61,2.15,apta
10_002377.jpg,val,Handrise-Read-write+BowTurnHead,64.18,56.06,741.19,1.65,apta
10_002379.jpg,val,Handrise-Read-write,86.54,72.3,1299.39,2.05,apta
10_002389.jpg,val,Handrise-Read-write+BowTurnHead,64.05,60.74,347.36,0.72,apta
10_002396.jpg,train,BowTurnHead,62.93,60.48,353.24,0.75,apta
10_002410.jpg,train,BowTurnHead,74.99,63.42,439.59,0.85,apta
10_002427.jpg,val,Handrise-Read-write+BowTurnHead,63.98,60.79,337.63,0.73,apta
10_002428.jpg,val,Handrise-Read-write+BowTurnHead,63.65,60.82,332.98,0.71,apta
10_002438.jpg,val,Handrise-Read-write,62.7,60.55,315.56,0.67,apta
10_002439.jpg,val,Handrise-Read-write+BowTurnHead,62.73,60.79,317.24,0.68,apta
10_002440.jpg,val,Handrise-Read-write+BowTurnHead,63.0,60.89,321.63,0.7,apta
10_002441.jpg,val,Handrise-Read-write+BowTurnHead,65.17,56.75,770.65,1.68,apta
10_002442.jpg,val,Handrise-Read-write+BowTurnHead,65.14,56.76,784.27,1.72,apta
10_002443.jpg,val,Handrise-Read-write+BowTurnHead,64.62,56.31,812.6,1.81,apta
10_002444.jpg,val,Handrise-Read-write+BowTurnHead,65.23,56.49,793.32,1.73,apta
10_002586.jpg,train,BowTurnHead,62.94,60.71,362.26,0.73,apta
10_002587.jpg,train,BowTurnHead,63.0,60.72,369.16,0.74,apta
10_002638.jpg,val,Handrise-Read-write+BowTurnHead,84.14,69.03,1239.74,2.04,apta
10_002639.jpg,val,Handrise-Read-write+BowTurnHead,83.08,69.32,1345.03,2.2,apta
10_002640.jpg,val,Handrise-Read-write+BowTurnHead,81.26,68.94,1316.94,2.12,apta
10_002683.jpg,train,BowTurnHead,78.62,65.28,442.77,0.84,apta
10_002684.jpg,train,BowTurnHead,78.66,65.29,444.12,0.85,apta
10_002686.jpg,train,BowTurnHead,78.74,65.36,440.02,0.84,apta
1119001.jpg,val,Handrise-Read-write,105.51,57.98,663.16,0.67,apta
1119002.jpg,val,Handrise-Read-write,109.08,62.37,1134.75,0.73,apta
1119003.jpg,val,Handrise-Read-write,111.39,61.68,792.78,0.73,apta
1119004.jpg,val,Handrise-Read-write,106.98,63.85,720.16,0.71,apta
1119005.jpg,val,Handrise-Read-write,102.12,62.47,472.99,0.66,apta
1119006.jpg,val,Handrise-Read-write,106.4,71.54,451.41,0.53,apta
1119007.jpg,val,Handrise-Read-write,71.84,53.84,1008.59,0.66,apta
1119008.jpg,val,Handrise-Read-write,98.94,53.2,370.29,0.67,apta
1119009.jpg,val,Handrise-Read-write,90.93,51.68,496.02,0.71,apta
1119010.jpg,val,Handrise-Read-write,94.03,59.3,620.4,0.77,apta
1119011.jpg,val,Handrise-Read-write,106.69,61.79,464.77,0.66,apta
1119012.jpg,val,Handrise-Read-write,97.51,55.48,1294.74,0.82,apta
1119013.jpg,val,Handrise-Read-write,101.83,59.5,743.8,1.1,apta
1119014.jpg,val,Handrise-Read-write,102.0,60.19,661.11,1.05,apta
1119015.jpg,val,Handrise-Read-write,103.12,59.71,612.02,1.06,apta
1119016.jpg,val,Handrise-Read-write,99.69,60.23,640.69,1.06,apta
1119017.jpg,val,Handrise-Read-write,104.47,59.04,569.43,1.13,apta
1119018.jpg,val,Handrise-Read-write,105.29,61.22,586.6,1.12,apta
1119019.jpg,val,Handrise-Read-write,105.77,61.0,602.48,1.12,apta
1119020.jpg,val,Handrise-Read-write,103.7,61.2,545.99,1.05,apta
1119021.jpg,val,Handrise-Read-write,102.39,60.79,569.48,1.11,apta
1119022.jpg,val,Handrise-Read-write,99.26,61.72,577.16,1.03,apta
1119023.jpg,val,Handrise-Read-write,131.28,81.24,787.29,1.0,apta
1119024.jpg,val,Handrise-Read-write,137.44,77.92,881.66,1.07,apta
1119025.jpg,val,Handrise-Read-write,137.57,76.83,704.95,0.93,apta
1119026.jpg,val,Handrise-Read-write,99.02,80.6,951.38,1.1,apta
1119027.jpg,val,Handrise-Read-write,92.38,79.21,915.52,1.04,apta
1119028.jpg,val,Handrise-Read-write,128.19,76.23,1412.47,1.44,apta
1119029.jpg,val,Handrise-Read-write,84.47,77.18,869.58,1.01,apta
1119030.jpg,val,Handrise-Read-write,97.79,79.24,863.7,1.0,apta
1119031.jpg,val,Handrise-Read-write,136.36,77.15,779.97,1.08,apta
1119032.jpg,val,Handrise-Read-write,135.05,82.73,696.11,1.03,apta
1119033.jpg,val,Handrise-Read-write,96.73,77.46,886.81,1.07,apta
1119034.jpg,val,Handrise-Read-write,84.89,77.18,959.32,1.08,apta
1119035.jpg,val,Handrise-Read-write,74.84,76.04,540.54,0.6,apta
1119036.jpg,val,Handrise-Read-write,71.8,73.31,402.99,0.55,apta
1119037.jpg,val,Handrise-Read-write,74.83,73.0,398.11,0.55,apta
1119038.jpg,val,Handrise-Read-write,93.88,77.52,1663.24,1.52,apta
1119039.jpg,val,Handrise-Read-write,111.7,82.01,1950.16,1.62,apta
1119040.jpg,val,Handrise-Read-write,92.92,82.72,1501.9,1.27,apta
1119041.jpg,val,Handrise-Read-write,124.79,74.49,1502.07,1.49,apta
1119042.jpg,val,Handrise-Read-write,113.71,85.07,2073.92,1.73,apta
1119043.jpg,val,Handrise-Read-write,111.18,85.7,2410.28,1.83,apta
1119044.jpg,val,Handrise-Read-write,119.9,71.57,1820.68,1.73,apta
1119045.jpg,val,Handrise-Read-write,140.58,68.23,419.69,0.75,apta
1119046.jpg,val,Handrise-Read-write,78.25,53.79,374.14,1.01,apta
1119047.jpg,val,Handrise-Read-write,79.67,64.63,276.5,0.74,apta
1119048.jpg,val,Handrise-Read-write,98.65,70.7,410.48,0.91,apta
1119049.jpg,val,Handrise-Read-write,119.5,72.69,349.59,0.54,apta
1119050.jpg,val,Handrise-Read-write,121.12,69.83,958.67,0.45,apta
1119051.jpg,val,Handrise-Read-write,159.61,76.11,696.68,0.79,apta
1119052.jpg,val,Handrise-Read-write,147.05,79.06,704.29,0.74,apta
1119053.jpg,val,Handrise-Read-write,115.98,59.12,932.05,1.21,apta
1119054.jpg,val,Handrise-Read-write,117.22,68.71,811.14,0.95,apta
1119056.jpg,val,Handrise-Read-write,135.32,74.79,753.79,0.94,apta
1119057.jpg,val,Handrise-Read-write,111.01,64.43,1393.53,1.26,apta
1119058.jpg,val,Handrise-Read-write,127.86,69.55,1479.19,1.69,apta
1119059.jpg,val,Handrise-Read-write,113.0,50.29,392.46,0.64,apta
1120001.jpg,train,Handrise-Read-write,110.89,74.31,256.09,0.4,apta
1120002.jpg,train,Handrise-Read-write,97.72,66.68,352.31,0.56,apta
1120003.jpg,train,Handrise-Read-write,97.49,62.24,332.33,0.57,apta
1120005.jpg,train,Handrise-Read-write,106.27,69.83,381.41,0.6,apta
1120006.jpg,train,Handrise-Read-write,91.6,64.55,294.29,0.53,apta
1120007.jpg,train,Handrise-Read-write,85.3,59.51,1170.44,1.01,apta
1120008.jpg,train,Handrise-Read-write,129.29,73.64,1399.01,1.06,apta
1120009.jpg,train,Handrise-Read-write,135.85,73.34,1326.09,0.99,apta
1120010.jpg,train,Handrise-Read-write,134.56,74.55,1351.29,0.99,apta
1120011.jpg,train,Handrise-Read-write,86.26,63.52,838.66,0.82,apta
1120012.jpg,train,Handrise-Read-write,134.68,75.23,1418.97,1.08,apta
1120013.jpg,train,Handrise-Read-write,85.74,56.85,1184.59,1.12,apta
1120014.jpg,train,Handrise-Read-write,85.54,56.98,1221.41,1.14,apta
1120015.jpg,train,Handrise-Read-write,130.33,75.94,1179.28,0.95,apta
1120016.jpg,train,Handrise-Read-write,129.73,75.82,1347.84,1.04,apta
1120017.jpg,train,Handrise-Read-write,80.06,57.89,1268.42,1.19,apta
1120018.jpg,train,Handrise-Read-write,86.03,56.65,1217.49,1.18,apta
1120020.jpg,train,Handrise-Read-write,95.67,66.24,643.11,0.6,apta
1120021.jpg,train,Handrise-Read-write,81.34,66.53,533.73,0.92,apta
1120022.jpg,train,Handrise-Read-write,75.25,66.41,631.44,1.01,apta
1120023.jpg,train,Handrise-Read-write,66.14,61.58,585.64,0.82,apta
1120024.jpg,train,Handrise-Read-write,61.11,61.61,499.18,0.71,apta
1120025.jpg,train,Handrise-Read-write,60.34,62.82,685.31,0.74,apta
1120026.jpg,train,Handrise-Read-write,63.46,60.9,542.2,0.8,apta
1120027.jpg,train,Handrise-Read-write,77.37,64.77,752.48,1.08,apta
1120028.jpg,train,Handrise-Read-write,92.61,72.0,1397.14,0.97,apta
1120029.jpg,train,Handrise-Read-write,93.1,71.22,1674.33,1.35,apta
1120030.jpg,train,Handrise-Read-write,95.7,72.38,1508.08,1.19,apta
1120031.jpg,train,Handrise-Read-write,99.63,69.73,1342.02,1.12,apta
1120035.jpg,train,Handrise-Read-write,85.26,65.71,878.05,1.34,apta
1120036.jpg,train,Handrise-Read-write,85.17,65.11,827.11,1.31,apta
1120037.jpg,train,Handrise-Read-write,93.73,62.06,835.5,1.03,apta
1120038.jpg,train,Handrise-Read-write,91.88,64.83,930.5,1.25,apta
1120039.jpg,train,Handrise-Read-write,90.31,63.63,745.25,0.98,apta
1120040.jpg,train,Handrise-Read-write,150.51,84.65,944.87,1.09,apta
1120041.jpg,train,Handrise-Read-write,146.65,91.42,2215.72,1.72,apta
1120043.jpg,train,Handrise-Read-write,116.53,66.54,3008.38,1.94,apta
1120044.jpg,train,Handrise-Read-write,124.29,59.6,2649.82,1.87,apta
1120053.jpg,train,Handrise-Read-write,106.64,62.03,773.63,1.54,apta
1120058.jpg,train,Handrise-Read-write,89.47,66.44,295.26,0.53,apta
1120059.jpg,train,Handrise-Read-write,114.4,67.32,1014.02,0.75,apta
1120060.jpg,train,Handrise-Read-write,102.83,67.69,590.32,0.78,apta
1120061.jpg,train,Handrise-Read-write,102.48,63.12,645.51,0.81,apta
1120062.jpg,train,Handrise-Read-write,113.16,66.6,378.22,0.92,apta
1120063.jpg,train,Handrise-Read-write,79.27,57.56,236.74,0.53,apta
1120064.jpg,train,Handrise-Read-write,76.5,61.3,862.34,0.7,apta
1121001.jpg,train,Handrise-Read-write,72.61,77.14,925.27,1.12,apta
1121002.jpg,train,Handrise-Read-write,83.34,74.99,2186.06,1.71,apta
1121003.jpg,train,Handrise-Read-write,67.18,72.91,2214.84,1.86,apta
1121004.jpg,train,Handrise-Read-write,76.12,78.94,1803.33,1.49,apta
1121005.jpg,train,Handrise-Read-write,68.66,74.02,2322.75,1.87,apta
1121006.jpg,train,Handrise-Read-write,92.63,83.38,2613.22,2.36,apta
1121007.jpg,train,Handrise-Read-write,40.15,44.12,941.27,0.93,no apta
1121008.jpg,train,Handrise-Read-write,39.25,43.87,943.96,0.96,no apta
1121009.jpg,train,Handrise-Read-write,41.1,45.81,933.68,0.92,no apta
1121010.jpg,train,Handrise-Read-write,31.16,38.72,920.83,0.87,no apta
1121012.jpg,train,Handrise-Read-write,38.97,46.01,1000.06,1.0,no apta
1121013.jpg,train,Handrise-Read-write,36.49,41.33,919.79,0.89,no apta
1121014.jpg,train,Handrise-Read-write,74.98,74.52,786.63,0.93,apta
1121015.jpg,train,Handrise-Read-write,78.85,77.63,928.89,1.0,apta
1121016.jpg,train,Handrise-Read-write,79.82,76.89,1011.38,1.14,apta
1121019.jpg,train,Handrise-Read-write,83.28,78.76,864.18,0.96,apta
1121020.jpg,train,Handrise-Read-write,102.05,87.0,1084.81,1.03,apta
1121021.jpg,train,Handrise-Read-write,99.65,85.29,1013.52,1.0,apta
1121022.jpg,train,Handrise-Read-write,99.8,85.45,994.12,1.05,apta
1121023.jpg,train,Handrise-Read-write,101.41,86.82,1079.85,1.02,apta
1121024.jpg,train,Handrise-Read-write,86.69,84.28,990.96,0.88,apta
1121027.jpg,train,Handrise-Read-write,97.41,56.6,994.04,1.54,apta
1121028.jpg,train,Handrise-Read-write,113.45,51.6,774.49,1.51,apta
1121029.jpg,train,Handrise-Read-write,89.44,71.25,997.65,1.14,apta
1121030.jpg,train,Handrise-Read-write,78.14,62.68,1023.94,1.06,apta
1121031.jpg,train,Handrise-Read-write,101.79,56.12,1220.17,1.94,apta
1121032.jpg,train,Handrise-Read-write,107.4,64.32,814.91,1.22,apta
1121034.jpg,train,Handrise-Read-write,99.38,71.97,882.96,1.11,apta
1121035.jpg,train,Handrise-Read-write,78.31,73.24,2388.01,1.81,apta
1121038.jpg,train,Handrise-Read-write,76.78,77.77,930.77,1.16,apta
1121040.jpg,train,Handrise-Read-write,72.45,75.65,952.98,1.24,apta
1128002.jpg,train,Handrise-Read-write,117.0,66.88,981.65,1.0,apta
1128003.jpg,train,Handrise-Read-write,118.93,64.94,718.79,0.9,apta
1128004.jpg,train,Handrise-Read-write,115.03,75.76,445.76,0.53,apta
1128005.jpg,train,Handrise-Read-write,112.39,66.17,727.97,0.92,apta
1128006.jpg,train,Handrise-Read-write,153.9,69.2,972.51,1.3,apta
1128007.jpg,train,Handrise-Read-write,155.55,69.83,694.4,1.26,apta
1128008.jpg,train,Handrise-Read-write,146.74,77.99,340.83,0.78,apta
1128009.jpg,train,Handrise-Read-write,156.0,69.1,900.06,1.25,apta
1128010.jpg,train,Handrise-Read-write,157.36,69.07,859.24,0.97,apta
1128011.jpg,train,Handrise-Read-write,150.85,69.03,1252.91,1.26,apta
1128012.jpg,train,Handrise-Read-write,91.06,50.51,788.55,0.87,apta
1128013.jpg,train,Handrise-Read-write,90.36,50.24,550.98,0.86,apta
1128014.jpg,train,Handrise-Read-write,90.97,50.17,644.16,0.87,apta
1128015.jpg,train,Handrise-Read-write,92.21,50.22,618.36,0.84,apta
1128016.jpg,train,Handrise-Read-write,94.44,49.68,430.37,0.82,apta
1128017.jpg,train,Handrise-Read-write,94.52,48.93,607.12,0.84,apta
1128019.jpg,train,Handrise-Read-write,113.06,51.77,249.56,0.48,apta
1128020.jpg,train,Handrise-Read-write,112.14,53.34,174.65,0.62,apta
1128021.jpg,train,Handrise-Read-write,120.06,67.64,410.26,0.69,apta
1128022.jpg,train,Handrise-Read-write,123.22,65.81,302.09,0.65,apta
1128023.jpg,train,Handrise-Read-write,119.46,66.8,312.72,0.65,apta
1128025.jpg,train,Handrise-Read-write,126.42,53.75,481.8,0.7,apta
1128026.jpg,train,Handrise-Read-write,119.09,56.16,420.78,0.6,apta
1128029.jpg,train,Handrise-Read-write,90.03,57.95,693.6,0.83,apta
1128030.jpg,train,Handrise-Read-write,103.63,68.34,1011.68,1.1,apta
1128031.jpg,train,Handrise-Read-write,88.73,63.65,640.66,0.78,apta
1128032.jpg,train,Handrise-Read-write,89.0,61.79,575.09,0.81,apta
1128033.jpg,train,Handrise-Read-write,97.1,62.73,584.97,0.88,apta
1128034.jpg,train,Handrise-Read-write,97.36,63.83,576.89,0.88,apta
1128035.jpg,train,Handrise-Read-write,95.23,62.66,532.21,0.83,apta
1128036.jpg,train,Handrise-Read-write,97.99,60.02,759.7,0.91,apta
1128038.jpg,train,Handrise-Read-write,105.62,73.55,1503.91,1.34,apta
1128040.jpg,train,Handrise-Read-write,122.57,56.51,1234.81,1.23,apta
1128048.jpg,train,Handrise-Read-write,138.91,70.32,1219.04,0.9,apta
1128049.jpg,train,Handrise-Read-write,138.48,73.34,1113.53,0.93,apta
1128051.jpg,train,Handrise-Read-write,90.4,68.84,1124.66,0.91,apta
1128054.jpg,train,Handrise-Read-write,87.21,62.85,1028.72,0.9,apta
1128055.jpg,train,Handrise-Read-write,105.93,71.43,1248.26,1.05,apta
1128056.jpg,train,Handrise-Read-write,98.62,57.5,1589.73,1.16,apta
1130001.jpg,train,Handrise-Read-write,95.13,80.0,418.35,0.63,apta
1130002.jpg,train,Handrise-Read-write,139.42,78.48,589.97,0.48,apta
1130005.jpg,train,Handrise-Read-write,91.32,79.61,1336.87,0.72,apta
1130007.jpg,train,Handrise-Read-write,77.39,72.18,1323.45,1.17,apta
1130008.jpg,train,Handrise-Read-write,96.5,63.67,469.2,0.71,apta
1130010.jpg,train,Handrise-Read-write,98.69,73.09,885.59,1.06,apta
1130011.jpg,train,Handrise-Read-write,134.96,58.79,861.7,0.57,apta
1130014.jpg,train,Handrise-Read-write,111.96,86.37,316.87,0.49,apta
1130015.jpg,train,Handrise-Read-write,112.75,79.07,202.03,0.49,apta
1130017.jpg,train,Handrise-Read-write,142.73,84.27,839.36,0.56,apta
1130018.jpg,train,Handrise-Read-write,155.21,65.07,1751.24,1.6,apta
1130019.jpg,train,Handrise-Read-write,78.74,78.02,895.39,1.0,apta
1130020.jpg,train,Handrise-Read-write,96.43,83.59,864.37,1.01,apta
1130021.jpg,train,Handrise-Read-write,103.43,73.4,1129.63,1.07,apta
1130022.jpg,train,Handrise-Read-write,101.26,73.65,632.14,1.05,apta
1130023.jpg,train,Handrise-Read-write,101.69,72.34,577.3,1.08,apta
1130024.jpg,train,Handrise-Read-write,47.36,60.62,790.96,1.39,no apta
1130025.jpg,train,Handrise-Read-write,45.67,60.19,766.53,1.29,no apta
1130026.jpg,train,Handrise-Read-write,46.53,60.68,779.49,1.33,no apta
1130029.jpg,train,Handrise-Read-write,109.65,59.13,740.38,0.83,apta
1130030.jpg,train,Handrise-Read-write,136.44,56.68,600.67,0.68,apta
1130031.jpg,train,Handrise-Read-write,116.32,76.32,1455.36,0.92,apta
1130032.jpg,train,Handrise-Read-write,116.77,77.75,694.87,0.8,apta
1130038.jpg,train,Handrise-Read-write,87.54,49.76,207.54,0.46,apta
1130040.jpg,train,Handrise-Read-write,166.9,59.72,994.34,1.1,apta
1130041.jpg,train,Handrise-Read-write,148.9,73.08,703.45,0.85,apta
1130042.jpg,train,Handrise-Read-write,144.97,72.23,598.05,0.87,apta
1130043.jpg,train,Handrise-Read-write,162.16,62.22,852.44,0.91,apta
1130044.jpg,train,Handrise-Read-write,151.21,73.45,621.39,0.76,apta
1130045.jpg,train,Handrise-Read-write,158.32,63.09,1285.33,1.12,apta
1130046.jpg,train,Handrise-Read-write,162.27,59.85,983.46,1.2,apta
1130047.jpg,train,Handrise-Read-write,158.69,65.79,1005.09,0.99,apta
1130048.jpg,train,Handrise-Read-write,83.57,78.28,914.41,0.98,apta
1130049.jpg,train,Handrise-Read-write,117.87,56.61,685.36,0.8,apta
1130050.jpg,train,Handrise-Read-write,97.61,62.16,555.45,0.63,apta
1130052.jpg,train,Handrise-Read-write,149.86,94.72,519.96,0.48,apta
1130053.jpg,train,Handrise-Read-write,96.73,57.23,418.75,0.52,apta
1130054.jpg,train,Handrise-Read-write,117.03,50.3,223.0,0.4,apta
1130055.jpg,train,Handrise-Read-write,115.1,55.1,235.62,0.41,apta
1130056.jpg,train,Handrise-Read-write,45.39,52.92,1091.65,0.44,no apta
1130059.jpg,train,Handrise-Read-write,163.35,63.12,1219.05,1.09,apta
1130060.jpg,train,Handrise-Read-write,163.33,63.33,1126.9,1.11,apta
1180001.jpg,val,Handrise-Read-write,106.32,70.54,361.12,0.66,apta
1180002.jpg,val,Handrise-Read-write,102.09,70.44,349.07,0.66,apta
1180003.jpg,val,Handrise-Read-write,105.55,59.68,276.81,0.67,apta
1180004.jpg,val,Handrise-Read-write,106.18,60.18,232.94,0.56,apta
1180005.jpg,val,Handrise-Read-write,109.73,74.83,228.9,0.64,apta
1180006.jpg,val,Handrise-Read-write,111.98,73.72,335.68,0.66,apta
1180007.jpg,val,Handrise-Read-write,106.84,58.44,174.1,0.6,apta
1180008.jpg,val,Handrise-Read-write,105.71,57.71,236.52,0.66,apta
1180009.jpg,val,Handrise-Read-write,109.88,81.15,315.62,0.75,apta
1180013.jpg,val,Handrise-Read-write,108.9,64.25,1447.4,1.66,apta
1180014.jpg,val,Handrise-Read-write,127.93,58.91,1244.17,1.19,apta
1180015.jpg,val,Handrise-Read-write,112.92,96.31,256.03,0.62,apta
1180016.jpg,val,Handrise-Read-write,64.27,81.02,1865.88,1.4,apta
1180018.jpg,val,Handrise-Read-write,93.62,63.01,915.65,0.89,apta
1180019.jpg,val,Handrise-Read-write,81.73,54.65,717.93,0.66,apta
1180021.jpg,val,Handrise-Read-write,127.54,82.64,2258.98,1.86,apta
1180022.jpg,val,Handrise-Read-write,129.55,84.86,3066.25,2.19,apta
1180023.jpg,val,Handrise-Read-write,99.81,75.99,1177.18,1.03,apta
1180024.jpg,val,Handrise-Read-write,100.42,76.56,1354.06,1.3,apta
1180026.jpg,val,Handrise-Read-write,94.79,86.16,579.36,0.52,apta
1180027.jpg,val,Handrise-Read-write,94.57,75.53,1215.86,1.18,apta
1180028.jpg,val,Handrise-Read-write,124.09,63.38,1327.92,1.45,apta
1180029.jpg,val,Handrise-Read-write,124.33,61.3,817.83,1.24,apta
1180030.jpg,val,Handrise-Read-write,122.33,58.71,581.85,0.96,apta
1180031.jpg,val,Handrise-Read-write,119.74,61.93,1465.99,1.16,apta
1180032.jpg,val,Handrise-Read-write,121.1,64.16,1590.35,1.39,apta
1180033.jpg,val,Handrise-Read-write,120.26,54.48,1156.43,1.17,apta
1180034.jpg,val,Handrise-Read-write,125.94,59.88,516.34,1.21,apta
1180035.jpg,val,Handrise-Read-write,97.81,66.42,444.24,0.61,apta
1180036.jpg,val,Handrise-Read-write,100.15,64.45,263.23,0.63,apta
1180037.jpg,val,Handrise-Read-write,97.76,63.25,440.5,0.61,apta
1180039.jpg,val,Handrise-Read-write,111.76,81.58,575.98,0.95,apta
1180040.jpg,val,Handrise-Read-write,86.15,57.61,469.22,0.63,apta
1180041.jpg,val,Handrise-Read-write,98.05,72.36,1210.97,1.87,apta
1180042.jpg,val,Handrise-Read-write,104.91,67.14,1128.03,1.09,apta
1180043.jpg,val,Handrise-Read-write,90.21,72.17,1433.18,2.27,apta
1180044.jpg,val,Handrise-Read-write,120.42,77.76,1274.21,1.51,apta
1180045.jpg,val,Handrise-Read-write,107.27,76.41,1391.13,1.17,apta
1180046.jpg,val,Handrise-Read-write,92.32,77.72,1275.85,1.36,apta
1180047.jpg,val,Handrise-Read-write,102.66,76.63,318.91,0.59,apta
1180048.jpg,val,Handrise-Read-write,81.36,76.82,713.23,0.66,apta
11_000009.jpg,train,Handrise-Read-write+BowTurnHead,77.48,61.38,679.12,1.2,apta
11_000040.jpg,train,BowTurnHead,76.81,62.71,695.1,1.19,apta
11_000057.jpg,train,Handrise-Read-write+BowTurnHead,84.05,51.57,1147.58,2.27,apta
11_000138.jpg,train,BowTurnHead,75.2,59.91,719.18,1.25,apta
11_000408.jpg,train,BowTurnHead,83.73,62.59,707.75,1.31,apta
11_000502.jpg,train,Handrise-Read-write+BowTurnHead,85.16,53.22,1061.75,2.07,apta
11_000503.jpg,train,Handrise-Read-write+BowTurnHead,85.42,52.98,1051.68,2.05,apta
11_000504.jpg,train,Handrise-Read-write+BowTurnHead,85.66,52.74,1066.29,2.1,apta
11_000505.jpg,train,Handrise-Read-write+BowTurnHead,85.82,53.03,1089.56,2.13,apta
11_000506.jpg,train,Handrise-Read-write+BowTurnHead,85.88,52.73,1085.16,2.12,apta
11_000507.jpg,train,Handrise-Read-write+BowTurnHead,85.89,52.64,1084.39,2.13,apta
11_000510.jpg,train,BowTurnHead,80.5,64.69,555.34,1.07,apta
11_000558.jpg,train,Handrise-Read-write+BowTurnHead,86.88,52.84,1113.64,2.16,apta
11_000559.jpg,train,Handrise-Read-write+BowTurnHead,86.76,52.87,1115.56,2.17,apta
11_000561.jpg,train,Handrise-Read-write+BowTurnHead,86.85,52.89,1095.02,2.18,apta
11_000594.jpg,train,Handrise-Read-write+BowTurnHead,87.4,53.75,1091.31,2.1,apta
11_000595.jpg,train,Handrise-Read-write+BowTurnHead,87.61,53.38,1080.75,2.07,apta
11_000597.jpg,train,Handrise-Read-write+BowTurnHead,86.78,53.6,1085.88,2.13,apta
11_000598.jpg,train,BowTurnHead,80.86,64.59,501.72,1.01,apta
11_000725.jpg,train,Handrise-Read-write+BowTurnHead,89.94,53.72,1119.27,2.16,apta
11_000741.jpg,train,BowTurnHead,90.65,54.51,1167.61,2.19,apta
11_000742.jpg,train,Handrise-Read-write+BowTurnHead,90.31,54.39,1160.97,2.18,apta
11_000744.jpg,train,BowTurnHead,90.57,54.32,1149.68,2.19,apta
11_000746.jpg,train,Handrise-Read-write+BowTurnHead,91.47,54.12,1198.57,2.24,apta
11_000765.jpg,train,Handrise-Read-write+BowTurnHead,91.44,54.55,1202.54,2.21,apta
11_000768.jpg,train,BowTurnHead,79.53,63.31,685.88,1.32,apta
11_000780.jpg,train,Handrise-Read-write+BowTurnHead,92.09,54.16,1172.63,2.17,apta
11_000782.jpg,train,Handrise-Read-write+BowTurnHead,91.62,54.38,1167.25,2.17,apta
11_000887.jpg,train,Handrise-Read-write+BowTurnHead,90.51,54.67,1107.66,2.12,apta
11_000889.jpg,train,Handrise-Read-write+BowTurnHead,90.41,54.65,1095.87,2.13,apta
11_000942.jpg,train,Handrise-Read-write+BowTurnHead,90.04,56.15,1012.66,2.01,apta
11_001018.jpg,train,Handrise-Read-write+BowTurnHead,93.45,56.75,1090.43,2.07,apta
11_001019.jpg,train,BowTurnHead,83.42,64.05,611.29,1.13,apta
11_001020.jpg,train,BowTurnHead,83.3,64.5,621.17,1.15,apta
11_001047.jpg,train,Handrise-Read-write+BowTurnHead,91.57,57.85,1041.52,1.98,apta
11_001048.jpg,train,Handrise-Read-write+BowTurnHead,92.56,57.61,1063.94,2.03,apta
11_001053.jpg,train,Handrise-Read-write+BowTurnHead,92.59,57.46,1051.13,2.0,apta
11_001056.jpg,train,Handrise-Read-write+BowTurnHead,92.77,57.49,1086.06,2.07,apta
11_001058.jpg,train,Handrise-Read-write+BowTurnHead,92.86,57.58,1094.49,2.1,apta
11_001059.jpg,train,Handrise-Read-write+BowTurnHead,92.54,57.57,1081.11,2.09,apta
11_001081.jpg,train,BowTurnHead,85.16,63.86,595.88,1.12,apta
11_001082.jpg,train,BowTurnHead,85.17,63.58,601.72,1.16,apta
11_001083.jpg,train,BowTurnHead,84.91,63.02,624.32,1.2,apta
11_001084.jpg,train,BowTurnHead,84.61,62.78,631.78,1.21,apta
11_001111.jpg,train,Handrise-Read-write+BowTurnHead,94.04,57.56,1116.16,2.08,apta
11_001279.jpg,train,Handrise-Read-write+BowTurnHead,93.98,59.44,1031.57,1.82,apta
11_001286.jpg,train,Handrise-Read-write+BowTurnHead,93.65,59.35,989.52,1.78,apta
11_001308.jpg,train,Handrise-Read-write+BowTurnHead,94.15,59.63,1038.17,1.88,apta
11_001315.jpg,train,Handrise-Read-write+BowTurnHead,94.15,59.49,1049.44,1.9,apta
11_001319.jpg,train,Handrise-Read-write+BowTurnHead,94.47,59.63,1037.11,1.87,apta
11_001321.jpg,train,BowTurnHead,83.68,60.49,667.79,1.25,apta
11_001325.jpg,train,BowTurnHead,82.83,59.23,663.92,1.26,apta
11_001474.jpg,train,Handrise-Read-write+BowTurnHead,98.81,61.24,1127.46,2.04,apta
11_001488.jpg,train,BowTurnHead,90.81,65.45,622.6,1.14,apta
11_001546.jpg,train,Handrise-Read-write+BowTurnHead,99.73,61.25,1055.95,1.93,apta
11_001553.jpg,train,Handrise-Read-write+BowTurnHead,100.58,61.02,1094.33,1.98,apta
11_001909.jpg,train,Handrise-Read-write+BowTurnHead,104.16,64.38,1126.56,1.97,apta
11_001979.jpg,train,Handrise-Read-write+BowTurnHead,104.37,65.44,1102.47,1.87,apta
11_001991.jpg,train,BowTurnHead,91.45,63.08,588.61,1.07,apta
11_002000.jpg,train,Handrise-Read-write+BowTurnHead,94.65,46.34,609.91,1.55,apta
11_002018.jpg,train,Handrise-Read-write+BowTurnHead,103.21,65.18,1111.31,1.89,apta
11_002030.jpg,train,Handrise-Read-write+BowTurnHead,104.44,65.18,1130.69,1.94,apta
11_002049.jpg,train,Handrise-Read-write+BowTurnHead,105.23,64.9,1183.32,2.0,apta
11_002126.jpg,train,Handrise-Read-write+BowTurnHead,94.23,64.94,626.0,1.12,apta
1243003.jpg,train,Handrise-Read-write,94.86,71.86,41.26,0.33,no apta
1243005.jpg,train,Handrise-Read-write,106.47,66.69,233.15,0.47,apta
1243006.jpg,train,Handrise-Read-write,91.92,61.11,193.75,0.56,apta
1243007.jpg,train,Handrise-Read-write,125.59,70.87,486.15,1.02,apta
1243008.jpg,train,Handrise-Read-write,105.7,67.32,175.71,0.51,apta
1243009.jpg,train,Handrise-Read-write,115.59,68.36,753.98,1.36,apta
1243010.jpg,train,Handrise-Read-write,122.56,66.25,388.27,0.75,apta
1243011.jpg,train,Handrise-Read-write,88.25,57.12,181.25,0.59,apta
1243012.jpg,train,Handrise-Read-write,126.77,62.16,330.5,0.66,apta
1243013.jpg,train,Handrise-Read-write,138.61,62.05,305.25,0.59,apta
1243014.jpg,train,Handrise-Read-write,104.26,54.97,424.82,0.7,apta
1243015.jpg,train,Handrise-Read-write,106.61,57.95,331.05,0.66,apta
1243017.jpg,train,Handrise-Read-write,100.23,55.35,475.25,0.77,apta
1243019.jpg,train,Handrise-Read-write,126.55,62.85,153.5,0.43,apta
1243021.jpg,train,Handrise-Read-write,85.7,67.31,216.02,0.53,apta
1243022.jpg,train,Handrise-Read-write,93.66,74.99,148.26,0.5,apta
1243027.jpg,train,Handrise-Read-write,123.85,79.34,284.4,0.75,apta
1243028.jpg,train,Handrise-Read-write,118.66,80.59,230.07,0.63,apta
1243029.jpg,train,Handrise-Read-write,115.42,58.34,334.94,0.78,apta
1243030.jpg,train,Handrise-Read-write,105.15,72.81,449.35,0.98,apta
1243031.jpg,train,Handrise-Read-write,102.63,70.53,676.22,1.38,apta
1243032.jpg,train,Handrise-Read-write,91.94,59.35,138.37,0.47,apta
1243033.jpg,train,Handrise-Read-write,117.25,71.74,292.79,0.64,apta
1246002.jpg,train,Handrise-Read-write,124.73,84.43,257.64,0.53,apta
1246015.jpg,train,Handrise-Read-write,120.42,68.48,1361.7,2.3,apta
1246016.jpg,train,Handrise-Read-write,121.8,68.12,996.69,1.81,apta
1246017.jpg,train,Handrise-Read-write,81.9,49.86,80.32,0.4,no apta
1246018.jpg,train,Handrise-Read-write,84.77,46.45,228.37,0.82,apta
1246019.jpg,train,Handrise-Read-write,89.07,45.75,245.01,0.84,apta
1246020.jpg,train,Handrise-Read-write,85.95,54.1,100.3,0.47,apta
1246021.jpg,train,Handrise-Read-write,86.81,53.05,120.04,0.5,apta
1246022.jpg,train,Handrise-Read-write,86.22,47.19,177.55,0.72,apta
1246023.jpg,train,Handrise-Read-write,85.81,48.47,120.53,0.54,apta
1246024.jpg,train,Handrise-Read-write,104.25,69.6,954.6,0.74,apta
1246025.jpg,train,Handrise-Read-write,113.57,69.95,909.34,0.9,apta
1246026.jpg,train,Handrise-Read-write,121.64,75.53,575.54,0.61,apta
1246027.jpg,train,Handrise-Read-write,118.25,69.71,610.17,0.7,apta
1246029.jpg,train,Handrise-Read-write,106.26,66.86,867.05,0.74,apta
1246030.jpg,train,Handrise-Read-write,108.89,69.56,740.19,0.73,apta
1246031.jpg,train,Handrise-Read-write,106.11,68.31,859.73,1.08,apta
1246032.jpg,train,Handrise-Read-write,106.37,65.19,207.45,0.55,apta
1246033.jpg,train,Handrise-Read-write,104.38,62.87,235.92,0.56,apta
1246034.jpg,train,Handrise-Read-write,109.64,64.0,199.17,0.57,apta
1246035.jpg,train,Handrise-Read-write,112.35,66.68,142.28,0.51,apta
1246036.jpg,train,Handrise-Read-write,113.41,70.63,143.12,0.51,apta
1246037.jpg,train,Handrise-Read-write,117.75,72.37,199.06,0.57,apta
1246038.jpg,train,Handrise-Read-write,114.66,61.52,67.89,0.39,no apta
1246039.jpg,train,Handrise-Read-write,114.88,62.15,132.73,0.5,apta
1246040.jpg,train,Handrise-Read-write,122.82,85.12,461.54,0.8,apta
1246044.jpg,train,Handrise-Read-write,99.77,69.29,224.0,0.54,apta
1246045.jpg,train,Handrise-Read-write,101.36,69.02,192.35,0.5,apta
1246046.jpg,train,Handrise-Read-write,96.72,69.42,172.29,0.49,apta
1246047.jpg,train,Handrise-Read-write,94.67,69.82,62.24,0.31,no apta
1246048.jpg,train,Handrise-Read-write,98.66,69.24,135.27,0.43,apta
1246049.jpg,train,Handrise-Read-write,85.8,65.31,536.04,1.13,apta
1246050.jpg,train,Handrise-Read-write,88.58,63.33,292.71,0.82,apta
1249001.jpg,train,Handrise-Read-write,109.57,83.62,822.26,0.92,apta
1249002.jpg,train,Handrise-Read-write,112.42,71.12,818.57,0.66,apta
1249003.jpg,train,Handrise-Read-write,112.44,81.12,1010.8,0.98,apta
1249004.jpg,train,Handrise-Read-write,108.46,82.86,1031.0,1.06,apta
1249005.jpg,train,Handrise-Read-write,106.41,70.51,582.75,0.61,apta
1249006.jpg,train,Handrise-Read-write,109.72,79.26,864.81,0.93,apta
1249007.jpg,train,Handrise-Read-write,108.91,68.9,891.9,0.54,apta
1249008.jpg,train,Handrise-Read-write,107.93,68.92,496.82,0.61,apta
1249009.jpg,train,Handrise-Read-write,88.64,59.83,962.38,1.19,apta
1249010.jpg,train,Handrise-Read-write,95.55,52.82,216.31,0.57,apta
1249011.jpg,train,Handrise-Read-write,95.96,60.65,206.22,0.46,apta
1249012.jpg,train,Handrise-Read-write,77.1,52.61,1341.39,2.15,apta
1249013.jpg,train,Handrise-Read-write,107.87,73.43,424.0,0.5,apta
1249014.jpg,train,Handrise-Read-write,106.12,71.05,314.31,0.52,apta
1249015.jpg,train,Handrise-Read-write,109.24,76.15,1260.16,1.02,apta
1249016.jpg,train,Handrise-Read-write,102.98,68.83,314.82,0.46,apta
1249017.jpg,train,Handrise-Read-write,104.29,66.96,276.06,0.46,apta
1249020.jpg,train,Handrise-Read-write,92.11,63.76,423.97,0.72,apta
1249022.jpg,train,Handrise-Read-write,89.79,64.3,419.04,0.65,apta
1249023.jpg,train,Handrise-Read-write,81.87,60.21,472.93,0.73,apta
1249027.jpg,train,Handrise-Read-write,86.08,67.01,372.11,0.66,apta
1249030.jpg,train,Handrise-Read-write,102.15,52.8,603.73,0.41,apta
1249031.jpg,train,Handrise-Read-write,123.92,71.55,953.45,1.24,apta
1249032.jpg,train,Handrise-Read-write,136.53,73.12,1047.06,0.95,apta
1249033.jpg,train,Handrise-Read-write,124.01,64.54,745.27,0.94,apta
1249034.jpg,train,Handrise-Read-write,131.1,72.21,272.45,0.41,apta
1249035.jpg,train,Handrise-Read-write,144.48,60.86,295.25,0.46,apta
1249036.jpg,train,Handrise-Read-write,134.43,59.45,238.86,0.36,apta
1249037.jpg,train,Handrise-Read-write,136.62,68.44,598.99,0.63,apta
1249038.jpg,train,Handrise-Read-write,110.04,59.48,601.77,1.01,apta
1249039.jpg,train,Handrise-Read-write,106.42,58.51,1021.39,1.01,apta
1249040.jpg,train,Handrise-Read-write,108.83,49.39,386.55,0.63,apta
1249041.jpg,train,Handrise-Read-write,128.89,59.96,427.36,0.58,apta
1249042.jpg,train,Handrise-Read-write,140.05,55.72,398.96,0.49,apta
1249043.jpg,train,Handrise-Read-write,122.62,52.34,349.75,0.6,apta
1249044.jpg,train,Handrise-Read-write,110.58,47.98,322.75,0.56,apta
1249045.jpg,train,Handrise-Read-write,116.8,52.27,468.06,0.71,apta
1249046.jpg,train,Handrise-Read-write,112.71,49.97,315.71,0.64,apta
1249047.jpg,train,Handrise-Read-write,109.38,49.88,322.72,0.65,apta
1249048.jpg,train,Handrise-Read-write,108.92,45.76,380.83,0.57,apta
1249049.jpg,train,Handrise-Read-write,129.27,53.92,613.21,0.57,apta
1249050.jpg,train,Handrise-Read-write,136.24,51.98,413.16,0.54,apta
1249051.jpg,train,Handrise-Read-write,132.41,60.48,484.74,0.57,apta
1249052.jpg,train,Handrise-Read-write,114.74,54.43,410.19,0.71,apta
1249053.jpg,train,Handrise-Read-write,124.81,56.94,535.22,0.77,apta
1249054.jpg,train,Handrise-Read-write,125.05,56.32,518.07,0.74,apta
1249055.jpg,train,Handrise-Read-write,125.54,56.24,553.86,0.74,apta
1249056.jpg,train,Handrise-Read-write,122.63,63.97,942.11,1.14,apta
1249057.jpg,train,Handrise-Read-write,129.57,63.84,1028.05,1.12,apta
1249058.jpg,train,Handrise-Read-write,126.62,62.53,710.32,1.1,apta
1249059.jpg,train,Handrise-Read-write,125.86,65.54,938.17,1.23,apta
1249060.jpg,train,Handrise-Read-write,124.5,64.02,1040.56,1.16,apta
1249061.jpg,train,Handrise-Read-write,125.02,64.0,884.12,1.13,apta
1249062.jpg,train,Handrise-Read-write,86.18,76.34,1602.37,1.33,apta
1249063.jpg,train,Handrise-Read-write,124.03,90.34,1241.18,1.24,apta
1249064.jpg,train,Handrise-Read-write,89.01,78.68,1466.24,1.26,apta
1249065.jpg,train,Handrise-Read-write,86.86,77.6,1705.85,1.25,apta
1249066.jpg,train,Handrise-Read-write,124.3,62.04,425.41,0.76,apta
1249067.jpg,train,Handrise-Read-write,117.76,62.57,418.49,0.68,apta
1249068.jpg,train,Handrise-Read-write,115.9,59.85,285.42,0.58,apta
1252001.jpg,train,Handrise-Read-write,98.51,51.54,369.6,0.62,apta
1252002.jpg,train,Handrise-Read-write,101.43,55.75,597.42,0.97,apta
1252006.jpg,train,Handrise-Read-write,85.04,66.16,2131.25,2.16,apta
1252007.jpg,train,Handrise-Read-write,82.93,66.7,2128.03,2.09,apta
1252008.jpg,train,Handrise-Read-write,81.94,66.29,1898.59,1.95,apta
1252009.jpg,train,Handrise-Read-write,81.03,65.44,1978.38,2.08,apta
1252017.jpg,train,Handrise-Read-write,105.74,57.82,411.05,0.75,apta
1252018.jpg,train,Handrise-Read-write,105.43,57.96,358.05,0.72,apta
1252019.jpg,train,Handrise-Read-write,137.09,66.4,263.99,0.58,apta
1252020.jpg,train,Handrise-Read-write,131.38,67.54,825.62,0.8,apta
1252021.jpg,train,Handrise-Read-write,101.72,56.04,465.81,0.77,apta
1252023.jpg,train,Handrise-Read-write,116.69,63.42,511.53,0.9,apta
1252026.jpg,train,Handrise-Read-write,108.93,66.97,242.48,0.61,apta
1252029.jpg,train,Handrise-Read-write,90.44,42.77,323.59,0.66,apta
1252030.jpg,train,Handrise-Read-write,107.75,78.88,349.67,0.79,apta
1252031.jpg,train,Handrise-Read-write,112.59,58.0,790.71,1.75,apta
1252032.jpg,train,Handrise-Read-write,110.43,64.17,641.46,0.94,apta
1252033.jpg,train,Handrise-Read-write,77.58,72.73,1269.5,1.29,apta
1252034.jpg,train,Handrise-Read-write,112.21,54.19,870.08,1.46,apta
1252035.jpg,train,Handrise-Read-write,78.63,54.16,434.76,0.99,apta
1252036.jpg,train,Handrise-Read-write,125.19,76.41,752.9,0.71,apta
1252038.jpg,train,Handrise-Read-write,105.82,59.19,414.91,0.76,apta
1253001.jpg,train,Handrise-Read-write,95.07,80.41,884.09,0.8,apta
1253017.jpg,train,Handrise-Read-write,87.17,62.35,193.6,0.46,apta
1253018.jpg,train,Handrise-Read-write,89.03,63.93,200.51,0.51,apta
1253020.jpg,train,Handrise-Read-write,128.86,73.63,390.56,0.43,apta
1253028.jpg,train,Handrise-Read-write,63.98,49.47,147.74,0.57,apta
1253034.jpg,train,Handrise-Read-write,86.36,65.54,384.98,0.69,apta
1253044.jpg,train,Handrise-Read-write,97.42,71.06,407.24,0.6,apta
1253045.jpg,train,Handrise-Read-write,88.72,72.75,1096.05,0.82,apta
1253047.jpg,train,Handrise-Read-write,85.67,62.32,230.24,0.41,apta
1253051.jpg,train,Handrise-Read-write,82.29,57.15,314.79,0.37,apta
1253052.jpg,train,Handrise-Read-write,85.78,71.97,251.98,0.44,apta
1253053.jpg,train,Handrise-Read-write,77.18,70.18,255.9,0.56,apta
1253054.jpg,train,Handrise-Read-write,76.08,66.14,265.79,0.43,apta
1253056.jpg,train,Handrise-Read-write,83.22,65.75,428.48,0.48,apta
1253060.jpg,train,Handrise-Read-write,86.48,72.05,794.96,0.89,apta
1253070.jpg,train,Handrise-Read-write,61.0,67.94,352.85,0.56,apta
1253071.jpg,train,Handrise-Read-write,73.85,69.8,239.12,0.62,apta
1253075.jpg,train,Handrise-Read-write,129.77,93.02,3229.64,1.56,apta
1253079.jpg,train,Handrise-Read-write,150.79,93.27,1997.82,1.43,apta
1254002.jpg,val,Handrise-Read-write,85.25,73.72,390.62,0.63,apta
1254004.jpg,val,Handrise-Read-write,86.13,74.12,422.15,0.68,apta
1254011.jpg,val,Handrise-Read-write,104.7,72.14,460.42,0.9,apta
1254012.jpg,val,Handrise-Read-write,115.38,72.19,349.79,0.67,apta
1254013.jpg,val,Handrise-Read-write,114.25,69.03,365.99,0.64,apta
1254014.jpg,val,Handrise-Read-write,101.66,70.76,398.2,0.64,apta
1254015.jpg,val,Handrise-Read-write,106.06,57.39,422.33,0.66,apta
1254016.jpg,val,Handrise-Read-write,67.93,37.22,221.93,0.81,apta
1254017.jpg,val,Handrise-Read-write,114.06,68.63,171.87,0.53,apta
1254021.jpg,val,Handrise-Read-write,111.13,58.43,487.53,1.07,apta
1254022.jpg,val,Handrise-Read-write,104.58,58.03,393.04,0.86,apta
1254026.jpg,val,Handrise-Read-write,63.17,40.8,106.5,0.34,apta
1254030.jpg,val,Handrise-Read-write,89.72,66.83,764.35,1.12,apta
1254031.jpg,val,Handrise-Read-write,86.45,65.23,725.13,1.17,apta
1254032.jpg,val,Handrise-Read-write,86.74,71.2,560.8,0.68,apta
1254033.jpg,val,Handrise-Read-write,107.82,81.64,1489.53,1.46,apta
1254034.jpg,val,Handrise-Read-write,104.91,63.3,699.46,0.87,apta
1254035.jpg,val,Handrise-Read-write,107.1,66.77,808.79,0.89,apta
1254038.jpg,val,Handrise-Read-write,94.7,53.94,315.82,1.0,apta
1255001.jpg,train,Handrise-Read-write,73.59,68.0,794.53,0.92,apta
1255002.jpg,train,Handrise-Read-write,82.16,74.8,946.72,1.01,apta
1255003.jpg,train,Handrise-Read-write,84.05,50.97,769.59,1.24,apta
1255004.jpg,train,Handrise-Read-write,92.27,68.2,575.06,0.76,apta
1255005.jpg,train,Handrise-Read-write,80.71,52.82,723.35,1.19,apta
1255006.jpg,train,Handrise-Read-write,65.92,61.27,542.85,0.7,apta
1255007.jpg,train,Handrise-Read-write,84.59,71.12,1386.16,1.76,apta
1255008.jpg,train,Handrise-Read-write,79.95,67.25,2966.73,2.29,apta
1255009.jpg,train,Handrise-Read-write,82.02,66.04,3067.23,2.79,apta
1255010.jpg,train,Handrise-Read-write,63.54,69.27,1026.3,0.89,apta
1255011.jpg,train,Handrise-Read-write,65.63,70.83,1113.29,0.92,apta
1255012.jpg,train,Handrise-Read-write,84.12,60.62,1026.79,1.71,apta
1255013.jpg,train,Handrise-Read-write,78.0,56.4,1007.9,1.75,apta
1255014.jpg,train,Handrise-Read-write,50.95,49.54,1665.02,1.39,no apta
1255017.jpg,train,Handrise-Read-write,86.14,63.28,1815.55,2.16,apta
1255020.jpg,train,Handrise-Read-write,72.74,64.08,244.23,0.6,apta
1255021.jpg,train,Handrise-Read-write,101.68,77.49,908.08,1.28,apta
1255022.jpg,train,Handrise-Read-write,90.98,76.33,864.34,1.32,apta
1255025.jpg,train,Handrise-Read-write,90.0,77.35,801.53,0.56,apta
1255026.jpg,train,Handrise-Read-write,88.65,72.48,1228.71,0.99,apta
1256001.jpg,train,Handrise-Read-write,103.33,59.87,1059.47,1.11,apta
1256002.jpg,train,Handrise-Read-write,84.51,63.71,1492.25,1.24,apta
1256004.jpg,train,Handrise-Read-write,87.85,63.14,1444.57,1.09,apta
1256006.jpg,train,Handrise-Read-write,85.72,61.77,2009.57,1.84,apta
1256007.jpg,train,Handrise-Read-write,101.62,66.38,1388.79,1.25,apta
1256009.jpg,train,Handrise-Read-write,93.44,60.33,1463.08,1.26,apta
1256010.jpg,train,Handrise-Read-write,98.38,57.54,1590.3,1.49,apta
1256014.jpg,train,Handrise-Read-write,92.91,70.64,1091.63,1.03,apta
1256016.jpg,train,Handrise-Read-write,98.37,58.16,603.62,0.67,apta
1256017.jpg,train,Handrise-Read-write,84.58,67.31,1402.83,1.22,apta
1256027.jpg,train,Handrise-Read-write,116.23,58.77,203.64,0.7,apta
1256028.jpg,train,Handrise-Read-write,114.72,61.92,221.76,0.74,apta
1256029.jpg,train,Handrise-Read-write,49.49,31.47,95.23,0.23,no apta
1256030.jpg,train,Handrise-Read-write,59.03,44.17,121.24,0.3,no apta
1256031.jpg,train,Handrise-Read-write,62.41,50.01,180.07,0.39,apta
1256032.jpg,train,Handrise-Read-write,58.89,44.47,216.25,0.48,no apta
1256033.jpg,train,Handrise-Read-write,55.56,36.09,155.05,0.31,no apta
1256034.jpg,train,Handrise-Read-write,86.7,91.79,479.39,0.47,apta
1256036.jpg,train,Handrise-Read-write,87.23,92.38,504.94,0.52,apta
1256037.jpg,train,Handrise-Read-write,77.24,66.63,609.38,0.57,apta
1256038.jpg,train,Handrise-Read-write,76.0,72.67,740.66,0.71,apta
1256039.jpg,train,Handrise-Read-write,82.59,71.2,797.78,0.73,apta
1256040.jpg,train,Handrise-Read-write,87.41,74.23,1151.25,0.96,apta
1256041.jpg,train,Handrise-Read-write,92.72,78.02,1130.08,1.06,apta
1256043.jpg,train,Handrise-Read-write,90.78,77.41,778.24,0.78,apta
1256044.jpg,train,Handrise-Read-write,84.32,83.92,568.57,0.56,apta
1256045.jpg,train,Handrise-Read-write,104.86,82.82,876.06,0.91,apta
1256046.jpg,train,Handrise-Read-write,101.96,83.78,993.84,0.85,apta
1256048.jpg,train,Handrise-Read-write,97.28,77.56,629.16,0.68,apta
1256049.jpg,train,Handrise-Read-write,88.61,89.34,575.64,0.51,apta
1256050.jpg,train,Handrise-Read-write,96.67,78.5,612.27,0.58,apta
1256051.jpg,train,Handrise-Read-write,112.76,77.31,3832.21,2.21,apta
1256056.jpg,train,Handrise-Read-write,108.08,53.12,56.34,0.44,no apta
1256057.jpg,train,Handrise-Read-write,102.73,66.3,126.21,0.42,apta
1256058.jpg,train,Handrise-Read-write,114.76,73.63,135.67,0.26,apta
1256059.jpg,train,Handrise-Read-write,116.96,62.18,108.79,0.47,apta
1256062.jpg,train,Handrise-Read-write,85.89,71.0,281.96,0.59,apta
1256063.jpg,train,Handrise-Read-write,64.42,62.34,163.82,0.39,apta
1256064.jpg,train,Handrise-Read-write,95.85,77.21,478.94,0.78,apta
1256065.jpg,train,Handrise-Read-write,94.39,76.3,464.84,0.79,apta
1257001.jpg,train,Handrise-Read-write,111.79,66.2,1136.55,1.27,apta
1257002.jpg,train,Handrise-Read-write,105.5,57.84,1484.02,1.55,apta
1257003.jpg,train,Handrise-Read-write,105.45,63.81,967.0,1.43,apta
1257004.jpg,train,Handrise-Read-write,131.45,65.17,2491.49,2.64,apta
1257005.jpg,train,Handrise-Read-write,93.22,59.72,867.44,1.27,apta
1257006.jpg,train,Handrise-Read-write,106.92,64.92,1786.5,3.01,apta
1257007.jpg,train,Handrise-Read-write,122.04,66.75,1894.22,2.15,apta
1257008.jpg,train,Handrise-Read-write,129.56,82.57,3094.95,1.5,apta
1257009.jpg,train,Handrise-Read-write,145.96,79.54,2543.14,1.48,apta
1257010.jpg,train,Handrise-Read-write,108.68,79.6,2268.31,2.15,apta
1257011.jpg,train,Handrise-Read-write,104.28,71.17,1724.25,1.87,apta
1257012.jpg,train,Handrise-Read-write,114.66,82.8,2792.03,2.39,apta
1257013.jpg,train,Handrise-Read-write,106.58,82.62,1563.06,1.72,apta
1257014.jpg,train,Handrise-Read-write,143.29,70.58,2333.3,1.24,apta
1257015.jpg,train,Handrise-Read-write,137.0,69.45,2630.21,1.9,apta
1257016.jpg,train,Handrise-Read-write,167.1,61.55,2054.26,1.4,apta
1257017.jpg,train,Handrise-Read-write,136.99,69.52,2645.8,1.76,apta
1257020.jpg,train,Handrise-Read-write,109.31,64.79,721.29,0.91,apta
1257022.jpg,train,Handrise-Read-write,96.94,62.79,689.66,0.97,apta
1257023.jpg,train,Handrise-Read-write,117.15,68.56,247.09,0.61,apta
1257024.jpg,train,Handrise-Read-write,96.89,61.48,778.53,1.07,apta
1257028.jpg,train,Handrise-Read-write,55.39,64.15,2320.35,2.0,no apta
1257031.jpg,train,Handrise-Read-write,95.6,58.73,453.22,0.69,apta
1257032.jpg,train,Handrise-Read-write,94.55,59.83,332.74,0.69,apta
1257033.jpg,train,Handrise-Read-write,95.97,58.88,343.52,0.7,apta
1257034.jpg,train,Handrise-Read-write,100.29,58.35,417.32,0.79,apta
1257036.jpg,train,Handrise-Read-write,101.14,67.58,493.69,0.94,apta
1257037.jpg,train,Handrise-Read-write,101.57,69.91,499.39,1.03,apta
1257038.jpg,train,Handrise-Read-write,115.15,74.5,458.87,0.78,apta
1257039.jpg,train,Handrise-Read-write,112.87,53.01,671.27,1.32,apta
1257051.jpg,train,Handrise-Read-write,95.19,68.57,494.68,0.52,apta
1262001.jpg,train,Handrise-Read-write,108.4,91.93,437.37,0.5,apta
1262002.jpg,train,Handrise-Read-write,112.79,87.56,925.1,0.77,apta
1262003.jpg,train,Handrise-Read-write,92.3,84.2,432.61,0.53,apta
1262004.jpg,train,Handrise-Read-write,90.65,62.39,366.63,0.63,apta
1262005.jpg,train,Handrise-Read-write,121.76,102.99,308.99,0.39,apta
1262006.jpg,train,Handrise-Read-write,102.46,80.7,635.26,0.77,apta
1262007.jpg,train,Handrise-Read-write,75.77,63.76,328.65,0.6,apta
1262008.jpg,train,Handrise-Read-write,89.05,79.28,331.28,0.66,apta
1262009.jpg,train,Handrise-Read-write,101.76,72.21,356.84,0.67,apta
1262010.jpg,train,Handrise-Read-write,99.48,66.04,197.92,0.65,apta
1262011.jpg,train,Handrise-Read-write,115.84,61.17,121.02,0.37,apta
1262012.jpg,train,Handrise-Read-write,114.2,71.61,204.01,0.67,apta
1262013.jpg,train,Handrise-Read-write,109.65,71.03,243.66,0.63,apta
1262014.jpg,train,Handrise-Read-write,110.23,72.48,249.83,0.62,apta
1262015.jpg,train,Handrise-Read-write,112.51,71.28,201.33,0.65,apta
1262016.jpg,train,Handrise-Read-write,108.73,73.86,276.73,0.68,apta
1262017.jpg,train,Handrise-Read-write,110.36,71.89,267.23,0.67,apta
1262018.jpg,train,Handrise-Read-write,78.28,57.14,302.75,0.92,apta
1262020.jpg,train,Handrise-Read-write,115.62,63.51,425.36,0.51,apta
1262021.jpg,train,Handrise-Read-write,94.02,62.19,278.09,0.87,apta
1262023.jpg,train,Handrise-Read-write,115.85,78.42,987.87,0.6,apta
1262024.jpg,train,Handrise-Read-write,125.05,76.9,354.66,0.82,apta
1262025.jpg,train,Handrise-Read-write,133.61,80.29,222.08,0.6,apta
1262026.jpg,train,Handrise-Read-write,128.02,72.13,322.33,0.52,apta
1262027.jpg,train,Handrise-Read-write,135.42,68.63,528.79,0.61,apta
1262029.jpg,train,Handrise-Read-write,142.16,79.04,520.04,0.67,apta
1262030.jpg,train,Handrise-Read-write,105.47,54.54,686.75,1.11,apta
1262031.jpg,train,Handrise-Read-write,99.4,53.9,340.21,0.7,apta
1265001.jpg,train,Handrise-Read-write,119.32,95.26,438.56,0.55,apta
1265003.jpg,train,Handrise-Read-write,156.82,69.35,378.84,0.53,apta
1265006.jpg,train,Handrise-Read-write,139.27,78.94,679.9,0.73,apta
1265019.jpg,train,Handrise-Read-write,93.34,69.52,1232.79,0.84,apta
1265030.jpg,train,Handrise-Read-write,93.53,86.3,257.27,0.57,apta
1265031.jpg,train,Handrise-Read-write,123.12,94.37,117.86,0.39,apta
1265032.jpg,train,Handrise-Read-write,91.91,68.82,384.7,0.73,apta
1265033.jpg,train,Handrise-Read-write,93.72,70.77,366.11,0.73,apta
1265038.jpg,train,Handrise-Read-write,121.89,60.95,824.03,1.33,apta
1265039.jpg,train,Handrise-Read-write,122.4,59.57,837.34,1.38,apta
1265040.jpg,train,Handrise-Read-write,113.11,41.82,645.97,1.45,apta
1265041.jpg,train,Handrise-Read-write,129.74,42.58,924.25,1.37,apta
1265042.jpg,train,Handrise-Read-write,113.77,43.26,713.02,1.47,apta
1265043.jpg,train,Handrise-Read-write,110.33,57.94,677.57,1.19,apta
1265044.jpg,train,Handrise-Read-write,95.2,75.12,967.5,0.77,apta
1265045.jpg,train,Handrise-Read-write,69.37,51.54,328.49,0.6,apta
1265046.jpg,train,Handrise-Read-write,89.67,47.39,270.44,0.63,apta
1265047.jpg,train,Handrise-Read-write,85.39,49.44,204.75,0.58,apta
1265048.jpg,train,Handrise-Read-write,87.6,50.76,124.42,0.52,apta
1265049.jpg,train,Handrise-Read-write,89.27,46.81,282.22,0.54,apta
1265050.jpg,train,Handrise-Read-write,88.64,46.62,233.44,0.55,apta
1265051.jpg,train,Handrise-Read-write,90.99,47.2,264.91,0.54,apta
1265052.jpg,train,Handrise-Read-write,89.5,46.25,169.61,0.53,apta
1265053.jpg,train,Handrise-Read-write,78.75,44.54,199.92,0.49,apta
1265054.jpg,train,Handrise-Read-write,141.44,61.37,632.25,0.57,apta
1265055.jpg,train,Handrise-Read-write,129.06,63.49,762.54,0.94,apta
1265056.jpg,train,Handrise-Read-write,129.91,61.53,663.8,0.87,apta
1265057.jpg,train,Handrise-Read-write,127.85,63.05,639.84,0.87,apta
1265058.jpg,train,Handrise-Read-write,134.13,64.87,649.5,0.89,apta
1265059.jpg,train,Handrise-Read-write,157.25,55.53,447.9,0.5,apta
1265060.jpg,train,Handrise-Read-write,133.13,64.19,526.84,0.82,apta
1265061.jpg,train,Handrise-Read-write,140.68,65.68,1072.3,1.14,apta
1265062.jpg,train,Handrise-Read-write,152.52,65.34,730.04,0.83,apta
1265063.jpg,train,Handrise-Read-write,145.54,66.61,945.42,1.02,apta
1265064.jpg,train,Handrise-Read-write,142.74,63.94,1119.64,0.98,apta
1265065.jpg,train,Handrise-Read-write,138.59,64.63,715.7,0.66,apta
1265066.jpg,train,Handrise-Read-write,140.7,66.19,454.01,0.55,apta
1265067.jpg,train,Handrise-Read-write,140.37,66.17,398.41,0.52,apta
1265068.jpg,train,Handrise-Read-write,126.85,65.64,767.88,0.89,apta
1265069.jpg,train,Handrise-Read-write,119.25,67.8,804.57,1.44,apta
1265070.jpg,train,Handrise-Read-write,123.92,66.07,1268.94,1.63,apta
1265071.jpg,train,Handrise-Read-write,136.9,70.42,997.35,1.4,apta
1265072.jpg,train,Handrise-Read-write,105.75,67.17,301.64,0.5,apta
1265073.jpg,train,Handrise-Read-write,123.57,83.36,1174.24,0.76,apta
1265074.jpg,train,Handrise-Read-write,116.65,83.63,869.76,0.96,apta
1265075.jpg,train,Handrise-Read-write,124.7,80.42,1732.57,1.48,apta
1265076.jpg,train,Handrise-Read-write,139.03,91.52,1187.2,0.91,apta
1265077.jpg,train,Handrise-Read-write,124.06,82.0,1596.58,1.42,apta
1265080.jpg,train,Handrise-Read-write,164.85,71.29,719.05,0.63,apta
1265081.jpg,train,Handrise-Read-write,111.55,65.27,2584.29,2.04,apta
1265082.jpg,train,Handrise-Read-write,110.45,65.54,2712.38,2.08,apta
1265083.jpg,train,Handrise-Read-write,106.09,70.87,2402.69,2.11,apta
1265084.jpg,train,Handrise-Read-write,109.42,72.76,2840.16,2.25,apta
1265085.jpg,train,Handrise-Read-write,123.59,71.15,2767.75,2.05,apta
1265086.jpg,train,Handrise-Read-write,107.29,69.54,1975.34,1.49,apta
1265087.jpg,train,Handrise-Read-write,115.18,67.54,1911.16,1.53,apta
1265088.jpg,train,Handrise-Read-write,108.52,73.12,1849.37,1.52,apta
1265089.jpg,train,Handrise-Read-write,109.58,74.36,1557.47,1.39,apta
1265090.jpg,train,Handrise-Read-write,129.62,55.65,564.23,0.86,apta
1265091.jpg,train,Handrise-Read-write,143.69,56.26,462.14,0.83,apta
1265092.jpg,train,Handrise-Read-write,133.16,57.03,307.23,0.71,apta
1265093.jpg,train,Handrise-Read-write,134.24,59.49,540.02,0.96,apta
1265094.jpg,train,Handrise-Read-write,135.77,60.5,362.07,0.88,apta
1265095.jpg,train,Handrise-Read-write,131.94,60.02,509.24,0.9,apta
1265096.jpg,train,Handrise-Read-write,91.31,90.94,728.53,0.54,apta
1265097.jpg,train,Handrise-Read-write,77.61,56.43,949.34,1.06,apta
1265099.jpg,train,Handrise-Read-write,126.18,57.59,665.02,0.91,apta
1265100.jpg,train,Handrise-Read-write,118.01,56.61,781.26,1.08,apta
1265101.jpg,train,Handrise-Read-write,117.4,54.8,338.36,0.6,apta
1265102.jpg,train,Handrise-Read-write,121.75,54.46,325.06,0.58,apta
1265103.jpg,train,Handrise-Read-write,118.72,55.43,314.17,0.57,apta
1265104.jpg,train,Handrise-Read-write,113.5,56.8,933.95,1.49,apta
1265105.jpg,train,Handrise-Read-write,76.88,69.04,515.97,1.02,apta
1265106.jpg,train,Handrise-Read-write,129.16,77.76,1439.44,1.43,apta
1265107.jpg,train,Handrise-Read-write,111.04,79.25,658.18,0.8,apta
1265108.jpg,train,Handrise-Read-write,101.17,76.11,805.88,0.85,apta
1265109.jpg,train,Handrise-Read-write,85.67,60.67,1616.16,1.22,apta
1266001.jpg,train,Handrise-Read-write,98.66,57.7,693.21,1.41,apta
1266002.jpg,train,Handrise-Read-write,79.41,44.9,309.62,0.94,apta
1266003.jpg,train,Handrise-Read-write,113.36,62.31,512.02,0.89,apta
1266004.jpg,train,Handrise-Read-write,117.11,60.2,454.39,0.91,apta
1266005.jpg,train,Handrise-Read-write,116.97,67.89,315.35,0.67,apta
1266006.jpg,train,Handrise-Read-write,114.35,66.28,300.95,0.67,apta
1266007.jpg,train,Handrise-Read-write,124.95,72.6,148.53,0.59,apta
1266008.jpg,train,Handrise-Read-write,86.84,61.13,438.82,0.99,apta
1266009.jpg,train,Handrise-Read-write,92.12,71.64,361.32,0.84,apta
1266010.jpg,train,Handrise-Read-write,90.13,68.27,108.55,0.54,apta
1266011.jpg,train,Handrise-Read-write,120.09,59.17,569.87,0.79,apta
1266012.jpg,train,Handrise-Read-write,114.97,67.18,788.27,0.99,apta
1266013.jpg,train,Handrise-Read-write,111.84,60.51,795.87,0.94,apta
1266014.jpg,train,Handrise-Read-write,118.92,60.43,574.08,0.89,apta
1266015.jpg,train,Handrise-Read-write,121.93,63.3,442.21,0.77,apta
1266016.jpg,train,Handrise-Read-write,113.91,62.98,517.42,0.68,apta
1266017.jpg,train,Handrise-Read-write,124.18,61.07,526.14,0.91,apta
1266018.jpg,train,Handrise-Read-write,123.4,60.45,616.56,1.0,apta
1266019.jpg,train,Handrise-Read-write,123.97,61.68,733.25,1.0,apta
1266020.jpg,train,Handrise-Read-write,179.07,69.41,2332.77,1.95,apta
1266021.jpg,train,Handrise-Read-write,136.24,63.5,1352.98,0.91,apta
1266024.jpg,train,Handrise-Read-write,112.52,72.34,305.92,0.46,apta
1266025.jpg,train,Handrise-Read-write,78.01,67.35,596.08,0.81,apta
1266026.jpg,train,Handrise-Read-write,163.38,85.18,422.36,0.45,apta
1266027.jpg,train,Handrise-Read-write,94.8,54.51,509.07,0.91,apta
1266028.jpg,train,Handrise-Read-write,87.34,49.29,279.31,0.46,apta
1266029.jpg,train,Handrise-Read-write,101.17,64.15,451.47,0.69,apta
1266030.jpg,train,Handrise-Read-write,122.09,67.95,1195.8,1.42,apta
1266031.jpg,train,Handrise-Read-write,123.65,67.01,1174.26,1.34,apta
1266032.jpg,train,Handrise-Read-write,120.43,67.41,1004.1,1.33,apta
1266033.jpg,train,Handrise-Read-write,121.7,66.95,1402.58,1.64,apta
1266034.jpg,train,Handrise-Read-write,122.73,68.2,1057.5,1.36,apta
1266035.jpg,train,Handrise-Read-write,123.5,66.72,939.44,1.31,apta
1266036.jpg,train,Handrise-Read-write,115.54,65.58,1031.96,1.53,apta
1266037.jpg,train,Handrise-Read-write,115.49,66.44,1514.54,1.82,apta
1266038.jpg,train,Handrise-Read-write,118.63,69.54,1540.79,1.92,apta
1266039.jpg,train,Handrise-Read-write,119.69,65.66,1371.78,1.77,apta
1266040.jpg,train,Handrise-Read-write,123.55,69.93,891.47,1.17,apta
1266042.jpg,train,Handrise-Read-write,104.89,68.94,731.26,0.79,apta
1266043.jpg,train,Handrise-Read-write,108.32,70.75,506.81,0.67,apta
1266044.jpg,train,Handrise-Read-write,106.21,69.93,394.78,0.74,apta
1266045.jpg,train,Handrise-Read-write,104.09,65.94,663.4,0.76,apta
1266046.jpg,train,Handrise-Read-write,81.69,48.6,433.85,0.84,apta
1266047.jpg,train,Handrise-Read-write,71.41,50.45,232.27,0.76,apta
1266048.jpg,train,Handrise-Read-write,159.45,75.53,1053.52,1.29,apta
1266049.jpg,train,Handrise-Read-write,91.04,58.0,342.5,0.69,apta
1266050.jpg,train,Handrise-Read-write,92.25,57.39,410.05,0.73,apta
1266051.jpg,train,Handrise-Read-write,91.32,59.8,351.63,0.76,apta
1266052.jpg,train,Handrise-Read-write,105.5,72.04,1297.95,1.07,apta
1266053.jpg,train,Handrise-Read-write,113.29,53.6,574.58,1.2,apta
1266054.jpg,train,Handrise-Read-write,125.86,59.24,1846.13,2.83,apta
1266055.jpg,train,Handrise-Read-write,111.17,53.19,1263.25,2.17,apta
1266056.jpg,train,Handrise-Read-write,83.05,67.17,733.48,1.15,apta
1266057.jpg,train,Handrise-Read-write,112.85,57.85,1516.2,2.49,apta
1266058.jpg,train,Handrise-Read-write,137.59,78.96,1472.04,1.9,apta
1266059.jpg,train,Handrise-Read-write,112.4,56.29,832.31,1.52,apta
1266060.jpg,train,Handrise-Read-write,89.88,67.64,861.05,1.34,apta
1266061.jpg,train,Handrise-Read-write,134.57,56.11,1973.95,3.09,apta
1266062.jpg,train,Handrise-Read-write,106.23,50.93,567.71,1.15,apta
1267001.jpg,train,Handrise-Read-write,148.77,71.46,1978.74,1.67,apta
1267002.jpg,train,Handrise-Read-write,143.29,76.33,1560.91,1.39,apta
1267003.jpg,train,Handrise-Read-write,91.03,62.09,379.93,1.11,apta
1267006.jpg,train,Handrise-Read-write,94.33,63.69,45.61,0.44,no apta
1267008.jpg,train,Handrise-Read-write,76.53,62.02,216.23,0.5,apta
1267009.jpg,train,Handrise-Read-write,82.5,72.95,133.03,0.35,apta
1267010.jpg,train,Handrise-Read-write,69.33,53.86,197.3,0.53,apta
1267013.jpg,train,Handrise-Read-write,85.87,68.11,1072.7,1.03,apta
1267014.jpg,train,Handrise-Read-write,83.51,71.02,1888.81,1.7,apta
1267017.jpg,train,Handrise-Read-write,102.36,59.37,733.58,1.09,apta
1267037.jpg,train,Handrise-Read-write,99.63,55.47,1006.5,1.4,apta
1267059.jpg,train,Handrise-Read-write,88.44,73.68,772.66,0.92,apta
1267063.jpg,train,Handrise-Read-write,105.29,68.39,709.19,1.15,apta
1267069.jpg,train,Handrise-Read-write,100.53,69.72,394.21,0.74,apta
1267071.jpg,train,Handrise-Read-write,105.46,64.81,394.56,0.76,apta
1267072.jpg,train,Handrise-Read-write,77.14,66.85,356.23,0.8,apta
1267080.jpg,train,Handrise-Read-write,99.1,61.7,911.67,1.08,apta
1267084.jpg,train,Handrise-Read-write,102.91,68.71,722.02,1.17,apta
1267086.jpg,train,Handrise-Read-write,124.14,62.5,431.83,1.07,apta
1267087.jpg,train,Handrise-Read-write,96.53,54.4,176.47,0.73,apta
1267090.jpg,train,Handrise-Read-write,104.53,48.61,83.3,0.47,no apta
1267112.jpg,train,Handrise-Read-write,118.17,62.1,300.67,1.09,apta
1267114.jpg,train,Handrise-Read-write,106.59,58.62,274.23,0.94,apta
1267115.jpg,train,Handrise-Read-write,106.47,56.62,258.75,0.95,apta
1267119.jpg,train,Handrise-Read-write,101.8,62.17,652.89,0.97,apta
1267120.jpg,train,Handrise-Read-write,89.35,71.18,474.32,1.03,apta
1267121.jpg,train,Handrise-Read-write,122.13,74.48,261.53,0.75,apta
1267122.jpg,train,Handrise-Read-write,155.34,85.66,67.3,0.4,no apta
1267126.jpg,train,Handrise-Read-write,139.52,72.19,2143.91,2.19,apta
1267128.jpg,train,Handrise-Read-write,114.12,75.68,353.88,0.72,apta
1267131.jpg,train,Handrise-Read-write,146.34,74.73,230.61,0.64,apta
1267132.jpg,train,Handrise-Read-write,107.63,81.98,696.91,1.01,apta
1270002.jpg,train,Handrise-Read-write,85.32,57.35,1738.15,1.78,apta
1270003.jpg,train,Handrise-Read-write,94.45,56.05,1711.26,2.49,apta
1270004.jpg,train,Handrise-Read-write,99.99,53.73,1394.16,2.14,apta
1270005.jpg,train,Handrise-Read-write,93.43,50.78,550.85,0.87,apta
1270007.jpg,train,Handrise-Read-write,132.86,66.73,566.83,1.03,apta
1270008.jpg,train,Handrise-Read-write,140.3,60.9,482.71,0.89,apta
1270009.jpg,train,Handrise-Read-write,136.67,63.52,546.13,0.97,apta
1270010.jpg,train,Handrise-Read-write,100.66,49.03,286.65,0.55,apta
1270011.jpg,train,Handrise-Read-write,99.2,53.8,181.02,0.44,apta
1270012.jpg,train,Handrise-Read-write,96.23,55.59,370.55,0.59,apta
1270013.jpg,train,Handrise-Read-write,100.13,50.26,425.83,0.59,apta
1270014.jpg,train,Handrise-Read-write,105.84,49.06,222.21,0.54,apta
1270017.jpg,train,Handrise-Read-write,102.92,72.05,639.61,0.88,apta
1270019.jpg,train,Handrise-Read-write,103.44,78.27,734.43,0.82,apta
1270020.jpg,train,Handrise-Read-write,106.36,81.67,739.52,0.84,apta
1270028.jpg,train,Handrise-Read-write,96.23,52.27,120.15,0.34,apta
1270030.jpg,train,Handrise-Read-write,93.31,55.43,94.51,0.34,no apta
1270032.jpg,train,Handrise-Read-write,91.91,53.8,468.21,0.73,apta
1270033.jpg,train,Handrise-Read-write,110.2,62.3,3522.66,2.47,apta
1270034.jpg,train,Handrise-Read-write,113.58,64.81,2552.45,1.96,apta
1270035.jpg,train,Handrise-Read-write,107.41,67.93,2632.0,1.74,apta
1270042.jpg,train,Handrise-Read-write,132.05,65.56,434.09,0.8,apta
1270043.jpg,train,Handrise-Read-write,104.47,79.24,1632.26,1.47,apta
1270044.jpg,train,Handrise-Read-write,134.14,74.4,1548.92,1.62,apta
1270045.jpg,train,Handrise-Read-write,129.55,76.73,1509.98,1.55,apta
1270046.jpg,train,Handrise-Read-write,118.05,90.57,1607.32,1.42,apta
1270047.jpg,train,Handrise-Read-write,126.06,93.22,1719.89,1.66,apta
1270048.jpg,train,Handrise-Read-write,126.02,92.51,1566.47,1.62,apta
1270049.jpg,train,Handrise-Read-write,120.79,83.37,1651.11,1.7,apta
1270050.jpg,train,Handrise-Read-write,124.64,90.6,902.23,1.05,apta
1270051.jpg,train,Handrise-Read-write,126.42,88.97,1039.14,1.14,apta
1270052.jpg,train,Handrise-Read-write,127.99,92.67,1031.19,1.16,apta
1270053.jpg,train,Handrise-Read-write,130.78,88.68,925.68,1.03,apta
1270054.jpg,train,Handrise-Read-write,131.84,90.16,995.24,1.09,apta
1270055.jpg,train,Handrise-Read-write,127.39,89.1,1892.19,1.72,apta
1270056.jpg,train,Handrise-Read-write,120.25,88.61,1882.84,1.72,apta
1270057.jpg,train,Handrise-Read-write,148.18,81.4,715.61,0.89,apta
1270058.jpg,train,Handrise-Read-write,126.63,89.11,984.56,1.09,apta
1270059.jpg,train,Handrise-Read-write,119.83,90.17,1132.51,1.17,apta
1270061.jpg,train,Handrise-Read-write,68.09,64.22,115.1,0.37,apta
1270062.jpg,train,Handrise-Read-write,96.11,58.95,362.15,0.6,apta
1270063.jpg,train,Handrise-Read-write,100.34,61.23,289.42,0.58,apta
1270064.jpg,train,Handrise-Read-write,99.48,60.39,259.25,0.68,apta
1270065.jpg,train,Handrise-Read-write,74.04,72.67,179.2,0.43,apta
1270066.jpg,train,Handrise-Read-write,85.82,52.32,129.84,0.48,apta
1270067.jpg,train,Handrise-Read-write,104.68,68.96,699.09,0.73,apta
1270068.jpg,train,Handrise-Read-write,102.27,62.68,321.4,0.65,apta
1270069.jpg,train,Handrise-Read-write,97.28,65.41,524.9,0.62,apta
1270070.jpg,train,Handrise-Read-write,93.84,56.92,291.45,0.61,apta
1270072.jpg,train,Handrise-Read-write,97.93,61.01,198.42,0.56,apta
1270073.jpg,train,Handrise-Read-write,104.3,63.34,421.15,0.7,apta
1270074.jpg,train,Handrise-Read-write,97.0,61.59,370.22,0.63,apta
1270075.jpg,train,Handrise-Read-write,86.56,57.38,218.75,0.51,apta
1270076.jpg,train,Handrise-Read-write,89.47,58.77,340.25,0.7,apta
1270077.jpg,train,Handrise-Read-write,107.97,59.23,378.99,0.69,apta
1270078.jpg,train,Handrise-Read-write,112.77,63.39,560.55,0.69,apta
1270079.jpg,train,Handrise-Read-write,90.04,60.37,430.09,0.62,apta
1270080.jpg,train,Handrise-Read-write,94.49,59.94,230.42,0.62,apta
1270081.jpg,train,Handrise-Read-write,101.45,61.57,230.61,0.62,apta
1270082.jpg,train,Handrise-Read-write,71.84,53.33,889.08,1.28,apta
1270083.jpg,train,Handrise-Read-write,71.41,52.15,603.24,1.27,apta
1270084.jpg,train,Handrise-Read-write,69.84,54.12,604.91,1.19,apta
1270085.jpg,train,Handrise-Read-write,74.04,53.22,562.52,1.21,apta
1270086.jpg,train,Handrise-Read-write,71.58,53.29,1006.57,1.49,apta
1270087.jpg,train,Handrise-Read-write,71.58,51.39,807.39,1.66,apta
1270088.jpg,train,Handrise-Read-write,67.42,50.0,875.85,1.62,apta
1270089.jpg,train,Handrise-Read-write,71.38,53.86,785.88,1.61,apta
1270090.jpg,train,Handrise-Read-write,72.8,56.59,825.93,1.4,apta
1270091.jpg,train,Handrise-Read-write,74.74,56.11,744.54,1.52,apta
1270092.jpg,train,Handrise-Read-write,75.99,60.63,925.76,1.47,apta
1270094.jpg,train,Handrise-Read-write,134.58,75.33,741.48,1.13,apta
1270095.jpg,train,Handrise-Read-write,89.61,55.8,350.92,0.6,apta
1270096.jpg,train,Handrise-Read-write,85.94,56.84,238.18,0.46,apta
1270097.jpg,train,Handrise-Read-write,83.43,59.7,362.33,0.59,apta
1270098.jpg,train,Handrise-Read-write,95.77,53.84,316.73,0.62,apta
1270099.jpg,train,Handrise-Read-write,89.83,54.49,307.11,0.63,apta
1270100.jpg,train,Handrise-Read-write,91.32,55.25,258.42,0.57,apta
1274007.jpg,train,Handrise-Read-write,112.75,70.53,442.02,0.71,apta
1274008.jpg,train,Handrise-Read-write,84.07,77.29,1761.28,1.91,apta
1274009.jpg,train,Handrise-Read-write,109.41,77.35,1318.02,1.36,apta
1274010.jpg,train,Handrise-Read-write,103.81,80.8,1766.49,1.68,apta
1274013.jpg,train,Handrise-Read-write,104.16,68.27,158.15,0.48,apta
1274014.jpg,train,Handrise-Read-write,99.13,73.71,326.0,0.57,apta
1274015.jpg,train,Handrise-Read-write,97.2,71.14,230.42,0.49,apta
1274017.jpg,train,Handrise-Read-write,88.92,73.78,190.49,0.54,apta
1274019.jpg,train,Handrise-Read-write,80.79,69.7,838.48,1.24,apta
1274020.jpg,train,Handrise-Read-write,89.13,72.07,679.1,1.06,apta
1274021.jpg,train,Handrise-Read-write,88.24,72.47,528.22,0.73,apta
1274022.jpg,train,Handrise-Read-write,64.43,52.49,607.15,1.13,apta
1274023.jpg,train,Handrise-Read-write,86.63,70.1,376.35,0.79,apta
1274024.jpg,train,Handrise-Read-write,76.39,59.97,1389.83,1.72,apta
1274026.jpg,train,Handrise-Read-write,77.05,69.47,394.71,0.82,apta
1274029.jpg,train,Handrise-Read-write,79.5,66.11,662.93,0.76,apta
1274031.jpg,train,Handrise-Read-write,84.42,77.14,5080.78,3.52,apta
1274032.jpg,train,Handrise-Read-write,86.83,66.56,3759.28,4.6,apta
1274033.jpg,train,Handrise-Read-write,119.61,85.52,4802.4,3.74,apta
1274034.jpg,train,Handrise-Read-write,102.01,75.57,3460.74,3.9,apta
1274042.jpg,train,Handrise-Read-write,88.55,75.48,1640.45,2.1,apta
1274043.jpg,train,Handrise-Read-write,107.17,58.64,947.09,0.81,apta
1274044.jpg,train,Handrise-Read-write,113.35,65.87,764.2,1.2,apta
1274045.jpg,train,Handrise-Read-write,102.97,65.7,414.94,0.96,apta
1274046.jpg,train,Handrise-Read-write,89.99,50.67,1213.09,1.61,apta
1274047.jpg,train,Handrise-Read-write,96.34,53.67,536.46,1.3,apta
1274051.jpg,train,Handrise-Read-write,114.33,60.76,246.1,0.56,apta
1276001.jpg,val,Handrise-Read-write,85.67,67.58,227.33,0.45,apta
1276002.jpg,val,Handrise-Read-write,98.53,76.63,829.45,0.96,apta
1276003.jpg,val,Handrise-Read-write,88.36,70.35,295.92,0.55,apta
1276004.jpg,val,Handrise-Read-write,89.2,68.89,166.79,0.42,apta
12760046.jpg,val,Handrise-Read-write,110.14,64.54,519.9,0.81,apta
1276005.jpg,val,Handrise-Read-write,104.29,78.75,672.18,0.82,apta
1276006.jpg,val,Handrise-Read-write,116.43,78.59,958.76,1.11,apta
1276007.jpg,val,Handrise-Read-write,116.69,75.14,534.75,0.76,apta
1276008.jpg,val,Handrise-Read-write,110.86,81.02,623.73,0.76,apta
1276009.jpg,val,Handrise-Read-write,100.77,75.81,945.09,1.1,apta
1276010.jpg,val,Handrise-Read-write,105.89,75.8,724.68,0.89,apta
1276011.jpg,val,Handrise-Read-write,103.71,73.57,646.09,0.87,apta
1276012.jpg,val,Handrise-Read-write,112.17,80.65,588.02,0.75,apta
1276013.jpg,val,Handrise-Read-write,104.34,77.63,798.01,0.89,apta
1276014.jpg,val,Handrise-Read-write,91.51,74.35,234.52,0.51,apta
1276015.jpg,val,Handrise-Read-write,109.19,76.83,661.8,0.88,apta
1276016.jpg,val,Handrise-Read-write,132.24,63.61,542.84,0.76,apta
1276017.jpg,val,Handrise-Read-write,89.51,79.08,252.38,0.5,apta
1276018.jpg,val,Handrise-Read-write,106.58,78.38,757.89,0.87,apta
1276019.jpg,val,Handrise-Read-write,108.81,77.65,794.78,0.95,apta
1276020.jpg,val,Handrise-Read-write,79.54,78.12,296.29,0.51,apta
1276021.jpg,val,Handrise-Read-write,99.74,69.91,399.69,0.65,apta
1276022.jpg,val,Handrise-Read-write,86.14,77.87,142.02,0.4,apta
1276023.jpg,val,Handrise-Read-write,110.62,71.08,1085.01,0.88,apta
1276024.jpg,val,Handrise-Read-write,101.4,70.5,391.04,0.65,apta
1276025.jpg,val,Handrise-Read-write,112.73,77.43,753.65,0.9,apta
1276026.jpg,val,Handrise-Read-write,80.99,71.41,413.34,0.7,apta
1276027.jpg,val,Handrise-Read-write,106.04,79.33,851.69,0.99,apta
1276028.jpg,val,Handrise-Read-write,102.22,78.24,744.02,0.9,apta
1276029.jpg,val,Handrise-Read-write,103.27,78.36,933.87,1.06,apta
1276030.jpg,val,Handrise-Read-write,100.8,79.36,1281.08,0.98,apta
1276031.jpg,val,Handrise-Read-write,89.18,77.31,1327.07,1.12,apta
1276033.jpg,val,Handrise-Read-write,107.65,77.41,67.16,0.24,no apta
1276034.jpg,val,Handrise-Read-write,87.32,71.81,932.62,0.98,apta
1276035.jpg,val,Handrise-Read-write,85.97,70.54,748.27,0.83,apta
1276036.jpg,val,Handrise-Read-write,87.71,73.84,343.84,0.52,apta
1276037.jpg,val,Handrise-Read-write,124.95,82.83,348.09,0.51,apta
1276038.jpg,val,Handrise-Read-write,103.13,64.19,316.12,0.55,apta
1276039.jpg,val,Handrise-Read-write,101.65,66.1,681.55,0.53,apta
1276040.jpg,val,Handrise-Read-write,104.39,66.49,561.8,0.74,apta
1276041.jpg,val,Handrise-Read-write,124.11,66.09,564.47,0.88,apta
1276042.jpg,val,Handrise-Read-write,126.5,62.5,528.16,0.82,apta
1276043.jpg,val,Handrise-Read-write,122.14,58.8,475.77,0.91,apta
1276044.jpg,val,Handrise-Read-write,119.56,70.93,570.57,0.79,apta
1276045.jpg,val,Handrise-Read-write,120.31,70.91,558.83,0.8,apta
1281001.jpg,train,Handrise-Read-write,113.88,58.97,1038.65,1.81,apta
1281002.jpg,train,Handrise-Read-write,112.01,58.47,817.15,1.26,apta
1281003.jpg,train,Handrise-Read-write,106.39,68.29,531.99,0.55,apta
1281004.jpg,train,Handrise-Read-write,119.21,68.81,778.48,0.5,apta
1281005.jpg,train,Handrise-Read-write,126.52,65.34,972.19,0.8,apta
1281006.jpg,train,Handrise-Read-write,98.62,64.92,526.77,0.47,apta
1281007.jpg,train,Handrise-Read-write,152.36,71.56,677.13,0.71,apta
1281008.jpg,train,Handrise-Read-write,122.53,72.13,1079.05,0.77,apta
1281009.jpg,train,Handrise-Read-write,118.29,73.47,724.84,0.66,apta
1281010.jpg,train,Handrise-Read-write,93.68,53.52,530.71,1.0,apta
1281011.jpg,train,Handrise-Read-write,78.22,49.77,252.65,0.61,apta
1281012.jpg,train,Handrise-Read-write,80.18,51.11,250.15,0.64,apta
1281013.jpg,train,Handrise-Read-write,93.32,52.2,403.45,0.92,apta
1281014.jpg,train,Handrise-Read-write,104.48,67.14,234.97,0.37,apta
1281015.jpg,train,Handrise-Read-write,102.12,74.82,404.05,0.38,apta
1281016.jpg,train,Handrise-Read-write,108.99,71.66,660.5,0.75,apta
1281019.jpg,train,Handrise-Read-write,99.52,69.77,225.85,0.46,apta
1281020.jpg,train,Handrise-Read-write,112.5,72.46,259.45,0.63,apta
1281021.jpg,train,Handrise-Read-write,103.31,64.02,1240.02,1.13,apta
1281022.jpg,train,Handrise-Read-write,113.93,60.17,210.83,0.46,apta
1281023.jpg,train,Handrise-Read-write,115.49,55.95,330.28,0.57,apta
1281025.jpg,train,Handrise-Read-write,103.23,69.28,989.57,0.92,apta
1281026.jpg,train,Handrise-Read-write,109.18,73.0,936.69,0.87,apta
1281027.jpg,train,Handrise-Read-write,105.48,66.17,733.72,0.86,apta
1281028.jpg,train,Handrise-Read-write,107.86,60.25,1494.99,1.31,apta
1281029.jpg,train,Handrise-Read-write,104.28,67.52,706.43,0.74,apta
1281030.jpg,train,Handrise-Read-write,103.1,66.0,829.73,0.96,apta
1281032.jpg,train,Handrise-Read-write,133.6,72.95,288.05,0.4,apta
1281034.jpg,train,Handrise-Read-write,106.82,70.99,702.46,0.4,apta
1281035.jpg,train,Handrise-Read-write,111.52,75.52,635.35,0.41,apta
1281036.jpg,train,Handrise-Read-write,108.73,75.86,278.77,0.47,apta
1281037.jpg,train,Handrise-Read-write,98.87,71.43,753.89,0.43,apta
1281038.jpg,train,Handrise-Read-write,112.09,69.73,868.15,0.95,apta
1281039.jpg,train,Handrise-Read-write,133.8,71.68,1563.01,1.52,apta
1281040.jpg,train,Handrise-Read-write,190.16,65.11,660.02,1.11,apta
1281041.jpg,train,Handrise-Read-write,192.56,63.18,953.5,1.37,apta
1281042.jpg,train,Handrise-Read-write,185.14,67.93,928.84,0.96,apta
1281043.jpg,train,Handrise-Read-write,163.78,73.01,1019.38,0.95,apta
1281044.jpg,train,Handrise-Read-write,177.77,71.06,1198.88,0.9,apta
1281045.jpg,train,Handrise-Read-write,165.13,70.49,1223.82,1.47,apta
1281046.jpg,train,Handrise-Read-write,170.75,68.49,668.11,1.2,apta
1281047.jpg,train,Handrise-Read-write,174.39,66.73,852.33,1.2,apta
1281048.jpg,train,Handrise-Read-write,153.13,77.09,689.23,0.67,apta
1281049.jpg,train,Handrise-Read-write,119.61,63.68,363.77,0.78,apta
1281050.jpg,train,Handrise-Read-write,107.47,68.32,435.3,0.63,apta
1281051.jpg,train,Handrise-Read-write,116.94,60.68,635.24,0.62,apta
1283004.jpg,train,Handrise-Read-write,88.53,68.06,927.4,1.04,apta
1283005.jpg,train,Handrise-Read-write,87.61,67.33,649.59,0.97,apta
1283006.jpg,train,Handrise-Read-write,91.02,68.25,823.72,0.93,apta
1283007.jpg,train,Handrise-Read-write,87.79,70.36,901.68,0.87,apta
1283008.jpg,train,Handrise-Read-write,97.31,72.68,871.98,0.92,apta
1283009.jpg,train,Handrise-Read-write,99.53,74.33,1172.48,0.91,apta
1283010.jpg,train,Handrise-Read-write,99.64,74.03,887.67,0.87,apta
1283012.jpg,train,Handrise-Read-write,47.29,56.9,465.58,0.63,no apta
1283014.jpg,train,Handrise-Read-write,92.26,60.08,1102.45,1.52,apta
1283015.jpg,train,Handrise-Read-write,107.87,52.97,781.29,1.13,apta
1283016.jpg,train,Handrise-Read-write,92.31,69.24,1141.67,0.94,apta
1283017.jpg,train,Handrise-Read-write,100.61,72.36,2406.86,1.76,apta
1283018.jpg,train,Handrise-Read-write,97.48,69.98,713.32,1.04,apta
1283019.jpg,train,Handrise-Read-write,80.76,68.15,484.97,0.73,apta
1283020.jpg,train,Handrise-Read-write,87.1,64.25,570.24,1.01,apta
1283021.jpg,train,Handrise-Read-write,125.29,57.55,651.25,1.14,apta
1283022.jpg,train,Handrise-Read-write,126.45,61.31,525.54,1.15,apta
1283023.jpg,train,Handrise-Read-write,143.47,76.93,956.04,0.73,apta
1283024.jpg,train,Handrise-Read-write,46.35,57.7,240.13,0.45,no apta
1283025.jpg,train,Handrise-Read-write,50.04,64.7,418.73,0.66,no apta
1283026.jpg,train,Handrise-Read-write,116.46,86.44,920.69,0.9,apta
1283028.jpg,train,Handrise-Read-write,140.78,72.97,2266.36,1.63,apta
1283029.jpg,train,Handrise-Read-write,96.94,67.23,978.64,1.39,apta
1283030.jpg,train,Handrise-Read-write,111.55,62.79,1208.04,1.84,apta
1283031.jpg,train,Handrise-Read-write,93.15,68.14,757.8,1.14,apta
1283032.jpg,train,Handrise-Read-write,93.14,77.4,1744.93,1.29,apta
1283033.jpg,train,Handrise-Read-write,96.36,76.92,811.33,0.96,apta
1283034.jpg,train,Handrise-Read-write,67.87,63.83,894.27,0.79,apta
1283035.jpg,train,Handrise-Read-write,99.39,66.78,1124.1,0.88,apta
1283036.jpg,train,Handrise-Read-write,73.25,64.84,759.83,0.68,apta
1283037.jpg,train,Handrise-Read-write,61.7,59.86,1917.47,1.28,apta
1283038.jpg,train,Handrise-Read-write,109.18,68.27,949.62,1.24,apta
1283039.jpg,train,Handrise-Read-write,88.83,63.76,1328.55,1.44,apta
1283040.jpg,train,Handrise-Read-write,97.69,71.16,596.92,0.34,apta
1283041.jpg,train,Handrise-Read-write,82.89,79.25,599.24,0.55,apta
1283042.jpg,train,Handrise-Read-write,89.34,85.61,617.57,0.49,apta
1283043.jpg,train,Handrise-Read-write,95.16,80.86,778.08,0.67,apta
1283044.jpg,train,Handrise-Read-write,96.22,83.05,363.79,0.61,apta
1283045.jpg,train,Handrise-Read-write,83.53,76.8,808.58,0.58,apta
1283046.jpg,train,Handrise-Read-write,109.58,75.26,457.95,0.81,apta
1283048.jpg,train,Handrise-Read-write,105.74,70.77,3754.43,2.39,apta
1283049.jpg,train,Handrise-Read-write,99.77,65.71,3639.69,2.16,apta
1283050.jpg,train,Handrise-Read-write,90.04,63.61,2436.98,1.53,apta
1283051.jpg,train,Handrise-Read-write,108.7,76.25,1538.23,1.41,apta
1283052.jpg,train,Handrise-Read-write,96.33,73.11,1800.28,1.56,apta
1283053.jpg,train,Handrise-Read-write,107.94,74.21,1128.55,1.24,apta
1290001.jpg,train,Handrise-Read-write,69.11,64.98,2316.33,2.92,apta
1290002.jpg,train,Handrise-Read-write,75.31,70.58,1899.16,2.26,apta
1290003.jpg,train,Handrise-Read-write,110.01,64.25,1591.45,2.33,apta
1290004.jpg,train,Handrise-Read-write,72.13,84.26,1943.0,1.63,apta
1290005.jpg,train,Handrise-Read-write,97.82,62.71,1252.52,1.82,apta
1290006.jpg,train,Handrise-Read-write,101.02,90.12,4477.58,3.41,apta
1290007.jpg,train,Handrise-Read-write,52.41,53.82,2270.06,2.94,no apta
1290008.jpg,train,Handrise-Read-write,52.27,53.98,2257.93,2.87,no apta
1290009.jpg,train,Handrise-Read-write,53.94,54.9,2138.44,2.97,no apta
1290010.jpg,train,Handrise-Read-write,50.78,52.67,2182.06,2.76,no apta
1290011.jpg,train,Handrise-Read-write,36.07,46.27,1753.8,1.71,no apta
1290012.jpg,train,Handrise-Read-write,49.88,54.0,2170.8,2.83,no apta
1290013.jpg,train,Handrise-Read-write,53.07,54.39,2046.49,2.82,no apta
1290014.jpg,train,Handrise-Read-write,53.62,54.22,1863.61,2.53,no apta
1290015.jpg,train,Handrise-Read-write,54.2,54.83,2039.37,2.77,no apta
1290016.jpg,train,Handrise-Read-write,74.9,85.71,5133.17,3.04,apta
1290017.jpg,train,Handrise-Read-write,77.81,88.95,5619.94,2.79,apta
1290018.jpg,train,Handrise-Read-write,75.5,70.06,1709.82,1.82,apta
1290019.jpg,train,Handrise-Read-write,73.49,69.27,1857.45,2.02,apta
1292001.jpg,train,Handrise-Read-write,70.31,47.64,215.36,0.69,apta
1292002.jpg,train,Handrise-Read-write,95.07,41.02,382.42,1.13,apta
1292003.jpg,train,Handrise-Read-write,108.03,48.5,459.86,1.26,apta
1292004.jpg,train,Handrise-Read-write,70.4,46.63,289.68,0.95,apta
1292005.jpg,train,Handrise-Read-write,128.3,83.46,4346.61,3.18,apta
1292006.jpg,train,Handrise-Read-write,111.13,65.19,1213.03,1.59,apta
1292007.jpg,train,Handrise-Read-write,115.85,60.58,450.97,0.87,apta
1292008.jpg,train,Handrise-Read-write,112.36,64.14,305.18,0.71,apta
1292010.jpg,train,Handrise-Read-write,110.71,66.58,647.6,1.07,apta
1292011.jpg,train,Handrise-Read-write,115.51,59.22,413.15,0.74,apta
1292012.jpg,train,Handrise-Read-write,111.11,65.0,1196.0,1.6,apta
1292013.jpg,train,Handrise-Read-write,126.63,64.88,283.83,0.61,apta
1292014.jpg,train,Handrise-Read-write,121.59,60.33,505.11,0.89,apta
1292015.jpg,train,Handrise-Read-write,108.03,64.16,894.75,1.24,apta
1292016.jpg,train,Handrise-Read-write,124.55,62.68,475.2,0.82,apta
1292017.jpg,train,Handrise-Read-write,110.0,62.7,270.68,0.57,apta
1292018.jpg,train,Handrise-Read-write,112.64,65.48,279.8,0.62,apta
1292019.jpg,train,Handrise-Read-write,87.59,70.07,4591.12,4.37,apta
1292020.jpg,train,Handrise-Read-write,102.21,65.51,840.75,1.44,apta
1294003.jpg,train,Handrise-Read-write,57.87,55.44,1470.15,1.43,no apta
1294004.jpg,train,Handrise-Read-write,95.34,68.39,1538.88,1.87,apta
1294005.jpg,train,Handrise-Read-write,81.12,61.24,1265.77,1.27,apta
1294006.jpg,train,Handrise-Read-write,96.12,69.38,1176.98,1.6,apta
1294007.jpg,train,Handrise-Read-write,94.52,69.14,1535.36,1.88,apta
1294008.jpg,train,Handrise-Read-write,83.58,58.27,1319.27,1.7,apta
1294009.jpg,train,Handrise-Read-write,112.81,56.35,1050.46,1.8,apta
1294010.jpg,train,Handrise-Read-write,89.87,58.6,1043.06,1.46,apta
1294011.jpg,train,Handrise-Read-write,93.15,56.68,1055.3,1.5,apta
1294012.jpg,train,Handrise-Read-write,97.17,57.69,1006.74,1.52,apta
1294013.jpg,train,Handrise-Read-write,96.07,54.09,975.12,1.4,apta
1294014.jpg,train,Handrise-Read-write,98.47,54.38,908.71,1.3,apta
1294015.jpg,train,Handrise-Read-write,97.19,54.33,898.0,1.29,apta
1294016.jpg,train,Handrise-Read-write,109.63,89.33,1901.85,1.67,apta
1294017.jpg,train,Handrise-Read-write,94.34,84.93,2291.77,2.11,apta
1294018.jpg,train,Handrise-Read-write,100.67,86.35,1809.34,1.62,apta
1294019.jpg,train,Handrise-Read-write,90.17,82.12,2634.17,2.37,apta
1294021.jpg,train,Handrise-Read-write,86.62,80.89,1836.35,1.57,apta
1294024.jpg,train,Handrise-Read-write,83.13,47.76,1934.98,2.86,apta
1294025.jpg,train,Handrise-Read-write,100.65,54.52,2248.45,3.07,apta
1294026.jpg,train,Handrise-Read-write,102.67,55.37,2015.15,3.02,apta
1294027.jpg,train,Handrise-Read-write,93.33,53.8,1757.05,2.8,apta
1295001.jpg,train,Handrise-Read-write,120.84,63.98,172.74,0.6,apta
1295002.jpg,train,Handrise-Read-write,109.66,61.79,409.53,0.85,apta
1295003.jpg,train,Handrise-Read-write,120.69,68.67,254.13,0.67,apta
1295004.jpg,train,Handrise-Read-write,125.87,68.29,141.47,0.36,apta
1295006.jpg,train,Handrise-Read-write,106.45,62.75,798.05,1.21,apta
1295007.jpg,train,Handrise-Read-write,113.01,70.0,698.04,1.05,apta
1295010.jpg,train,Handrise-Read-write,105.81,61.36,284.03,0.63,apta
1295011.jpg,train,Handrise-Read-write,101.51,58.67,599.16,0.96,apta
1295012.jpg,train,Handrise-Read-write,101.98,61.71,669.83,1.05,apta
1295015.jpg,train,Handrise-Read-write,109.22,64.51,1158.57,1.37,apta
1295018.jpg,train,Handrise-Read-write,94.35,66.96,510.33,0.87,apta
1296001.jpg,val,Handrise-Read-write,93.71,62.24,1064.87,1.17,apta
1296002.jpg,val,Handrise-Read-write,101.41,59.97,939.07,1.1,apta
1296003.jpg,val,Handrise-Read-write,110.06,83.99,531.28,1.3,apta
1296004.jpg,val,Handrise-Read-write,103.65,84.96,558.96,1.35,apta
1296005.jpg,val,Handrise-Read-write,119.52,82.34,733.33,1.66,apta
1296006.jpg,val,Handrise-Read-write,117.21,79.35,1187.21,2.51,apta
1296007.jpg,val,Handrise-Read-write,140.49,67.98,1409.18,1.56,apta
1296008.jpg,val,Handrise-Read-write,135.48,69.43,1311.9,1.43,apta
1296009.jpg,val,Handrise-Read-write,139.37,70.17,1534.23,1.59,apta
1296010.jpg,val,Handrise-Read-write,140.28,73.13,819.04,1.1,apta
1296012.jpg,val,Handrise-Read-write,100.39,70.95,738.51,1.25,apta
1296013.jpg,val,Handrise-Read-write,98.28,68.87,858.13,1.51,apta
1296015.jpg,val,Handrise-Read-write,83.38,62.17,241.17,0.72,apta
1296016.jpg,val,Handrise-Read-write,108.31,60.87,469.11,0.89,apta
1296017.jpg,val,Handrise-Read-write,98.65,62.59,730.31,1.07,apta
1296018.jpg,val,Handrise-Read-write,102.81,64.97,413.96,0.8,apta
1296019.jpg,val,Handrise-Read-write,105.61,65.43,594.7,0.85,apta
1296020.jpg,val,Handrise-Read-write,108.94,65.63,634.2,0.89,apta
1296021.jpg,val,Handrise-Read-write,103.86,63.7,806.88,1.09,apta
1296022.jpg,val,Handrise-Read-write,102.36,65.31,315.6,0.53,apta
1296023.jpg,val,Handrise-Read-write,102.04,64.52,548.68,0.71,apta
1296024.jpg,val,Handrise-Read-write,105.7,68.99,606.53,0.77,apta
1296025.jpg,val,Handrise-Read-write,101.29,64.95,353.58,0.64,apta
1296026.jpg,val,Handrise-Read-write,102.34,61.85,412.3,0.63,apta
1296027.jpg,val,Handrise-Read-write,109.45,61.67,264.83,0.52,apta
1296028.jpg,val,Handrise-Read-write,114.07,55.92,204.16,0.42,apta
1296029.jpg,val,Handrise-Read-write,100.73,65.85,463.62,0.75,apta
1296030.jpg,val,Handrise-Read-write,103.2,67.76,393.37,0.66,apta
1296031.jpg,val,Handrise-Read-write,110.35,67.67,360.27,0.58,apta
1296032.jpg,val,Handrise-Read-write,106.04,63.88,296.21,0.57,apta
1296033.jpg,val,Handrise-Read-write,133.39,65.26,508.82,1.17,apta
1296034.jpg,val,Handrise-Read-write,148.95,63.19,519.03,1.16,apta
1296035.jpg,val,Handrise-Read-write,126.27,67.39,423.93,1.08,apta
1296036.jpg,val,Handrise-Read-write,126.13,66.71,363.46,0.99,apta
1297001.jpg,train,Handrise-Read-write,115.67,73.78,122.27,0.35,apta
1297002.jpg,train,Handrise-Read-write,117.63,61.92,928.38,1.22,apta
1297003.jpg,train,Handrise-Read-write,119.3,61.47,828.6,1.12,apta
1297004.jpg,train,Handrise-Read-write,117.95,61.17,855.88,1.18,apta
1297005.jpg,train,Handrise-Read-write,116.82,62.17,692.05,1.03,apta
1297006.jpg,train,Handrise-Read-write,108.91,62.01,743.1,1.17,apta
1297007.jpg,train,Handrise-Read-write,108.2,60.54,450.29,0.79,apta
1297008.jpg,train,Handrise-Read-write,118.3,60.41,590.99,0.93,apta
1297011.jpg,train,Handrise-Read-write,109.37,68.29,1183.16,1.87,apta
1297012.jpg,train,Handrise-Read-write,107.58,67.87,1198.21,1.92,apta
1297013.jpg,train,Handrise-Read-write,98.3,69.15,1145.7,1.88,apta
1297014.jpg,train,Handrise-Read-write,111.11,67.71,1038.29,1.76,apta
1297015.jpg,train,Handrise-Read-write,86.45,67.56,187.55,0.47,apta
1297016.jpg,train,Handrise-Read-write,100.96,67.13,1355.69,2.14,apta
1297017.jpg,train,Handrise-Read-write,104.23,67.65,238.3,0.67,apta
1297027.jpg,train,Handrise-Read-write,96.51,62.35,341.55,0.76,apta
1297028.jpg,train,Handrise-Read-write,100.2,63.5,242.4,0.61,apta
1297029.jpg,train,Handrise-Read-write,97.45,66.99,266.04,0.64,apta
1297030.jpg,train,Handrise-Read-write,90.32,62.68,193.1,0.57,apta
1297031.jpg,train,Handrise-Read-write,89.17,64.98,281.09,0.64,apta
1297032.jpg,train,Handrise-Read-write,93.23,64.95,364.25,0.79,apta
1297033.jpg,train,Handrise-Read-write,94.52,64.47,361.23,0.77,apta
1297034.jpg,train,Handrise-Read-write,89.64,60.43,190.12,0.54,apta
1297035.jpg,train,Handrise-Read-write,108.48,67.92,637.39,0.8,apta
1298001.jpg,train,Handrise-Read-write,65.41,62.43,1444.27,0.33,apta
1298002.jpg,train,Handrise-Read-write,86.53,81.79,1013.07,0.79,apta
1298003.jpg,train,Handrise-Read-write,78.0,73.89,344.39,0.6,apta
1298004.jpg,train,Handrise-Read-write,85.81,70.91,599.46,0.72,apta
1298005.jpg,train,Handrise-Read-write,103.54,76.63,350.6,0.65,apta
1298006.jpg,train,Handrise-Read-write,79.55,68.16,635.33,0.69,apta
1298007.jpg,train,Handrise-Read-write,80.27,68.19,394.27,0.8,apta
1298008.jpg,train,Handrise-Read-write,88.55,69.19,793.03,0.51,apta
1298009.jpg,train,Handrise-Read-write,89.61,75.84,413.03,0.66,apta
1298010.jpg,train,Handrise-Read-write,96.63,75.84,812.9,0.8,apta
1298011.jpg,train,Handrise-Read-write,85.09,73.03,377.61,0.63,apta
1298012.jpg,train,Handrise-Read-write,89.27,71.46,758.29,1.07,apta
1298013.jpg,train,Handrise-Read-write,81.78,63.48,439.25,0.93,apta
1298014.jpg,train,Handrise-Read-write,91.34,72.58,624.28,0.93,apta
1298015.jpg,train,Handrise-Read-write,85.78,68.47,361.78,0.64,apta
1298016.jpg,train,Handrise-Read-write,90.27,73.5,501.02,0.69,apta
1298017.jpg,train,Handrise-Read-write,89.35,69.55,960.86,1.17,apta
1298018.jpg,train,Handrise-Read-write,92.71,78.05,599.43,0.71,apta
1298019.jpg,train,Handrise-Read-write,90.23,72.56,997.3,1.09,apta
1298020.jpg,train,Handrise-Read-write,83.6,66.02,1557.95,1.1,apta
1298021.jpg,train,Handrise-Read-write,80.95,64.21,730.91,1.08,apta
1298022.jpg,train,Handrise-Read-write,83.65,69.92,282.32,0.47,apta
1298023.jpg,train,Handrise-Read-write,99.16,68.33,472.38,0.51,apta
1298024.jpg,train,Handrise-Read-write,84.26,64.58,904.39,0.94,apta
1298025.jpg,train,Handrise-Read-write,83.92,67.56,807.6,1.17,apta
1298027.jpg,train,Handrise-Read-write,85.63,65.4,678.52,1.02,apta
1298028.jpg,train,Handrise-Read-write,87.86,63.74,500.36,0.85,apta
1298029.jpg,train,Handrise-Read-write,83.07,61.57,526.53,0.87,apta
1298030.jpg,train,Handrise-Read-write,91.56,61.12,1646.09,1.61,apta
1298031.jpg,train,Handrise-Read-write,100.34,62.55,1625.16,1.85,apta
1298032.jpg,train,Handrise-Read-write,72.56,69.23,1126.66,0.9,apta
1298033.jpg,train,Handrise-Read-write,89.15,59.66,757.36,1.24,apta
1298034.jpg,train,Handrise-Read-write,98.09,54.77,437.97,0.93,apta
1298035.jpg,train,Handrise-Read-write,100.49,63.35,950.71,1.31,apta
1298036.jpg,train,Handrise-Read-write,79.37,68.67,1850.53,1.22,apta
1298037.jpg,train,Handrise-Read-write,93.74,77.01,2086.71,2.02,apta
1298038.jpg,train,Handrise-Read-write,74.82,68.17,1842.6,1.45,apta
1298039.jpg,train,Handrise-Read-write,87.77,69.03,1900.18,1.36,apta
1298040.jpg,train,Handrise-Read-write,76.52,71.89,1355.26,1.38,apta
1298041.jpg,train,Handrise-Read-write,86.81,56.47,712.4,0.71,apta
1298042.jpg,train,Handrise-Read-write,89.79,58.64,772.5,0.81,apta
1298043.jpg,train,Handrise-Read-write,78.23,61.98,1225.92,1.32,apta
1298044.jpg,train,Handrise-Read-write,97.8,77.13,426.35,0.6,apta
1298045.jpg,train,Handrise-Read-write,102.45,71.57,403.5,0.76,apta
1298046.jpg,train,Handrise-Read-write,100.68,71.61,400.89,0.75,apta
1298047.jpg,train,Handrise-Read-write,101.14,65.19,1255.99,2.1,apta
1298048.jpg,train,Handrise-Read-write,101.42,59.33,377.82,0.64,apta
1298049.jpg,train,Handrise-Read-write,98.67,70.97,1411.98,2.16,apta
1298050.jpg,train,Handrise-Read-write,93.2,75.5,1172.26,1.56,apta
1298051.jpg,train,Handrise-Read-write,94.57,58.07,328.76,0.66,apta
1298052.jpg,train,Handrise-Read-write,88.46,72.81,1114.64,1.45,apta
1298053.jpg,train,Handrise-Read-write,94.25,70.89,1341.53,2.07,apta
1298054.jpg,train,Handrise-Read-write,93.13,59.07,321.98,0.44,apta
1298055.jpg,train,Handrise-Read-write,83.33,62.19,363.78,0.63,apta
1298056.jpg,train,Handrise-Read-write,89.23,64.69,329.77,0.53,apta
1298057.jpg,train,Handrise-Read-write,83.38,71.18,569.38,0.78,apta
1298058.jpg,train,Handrise-Read-write,86.74,72.5,745.73,0.65,apta
1298059.jpg,train,Handrise-Read-write,82.41,76.16,523.32,0.71,apta
12_000083.jpg,train,Handrise-Read-write,90.55,55.25,434.03,0.78,apta
12_000104.jpg,train,BowTurnHead,79.2,55.15,462.11,0.71,apta
12_000174.jpg,train,BowTurnHead,89.37,56.1,440.78,0.77,apta
12_000356.jpg,train,BowTurnHead,110.33,61.8,410.12,0.85,apta
12_000502.jpg,train,Handrise-Read-write+BowTurnHead,114.62,63.51,1107.87,2.04,apta
12_000510.jpg,train,Handrise-Read-write+BowTurnHead,114.23,63.89,1100.71,2.03,apta
12_000513.jpg,train,Handrise-Read-write+BowTurnHead,114.05,63.56,1117.51,2.06,apta
12_000567.jpg,train,BowTurnHead,88.29,56.5,480.85,0.8,apta
12_000714.jpg,train,BowTurnHead,110.26,62.2,401.82,0.85,apta
12_000907.jpg,train,BowTurnHead,112.75,62.75,430.9,0.89,apta
12_000919.jpg,train,BowTurnHead,112.48,63.08,413.58,0.86,apta
12_001088.jpg,train,BowTurnHead,114.61,62.8,423.16,0.89,apta
12_001100.jpg,train,BowTurnHead,114.03,62.99,423.25,0.88,apta
12_001108.jpg,train,BowTurnHead,91.26,53.09,385.9,0.76,apta
12_001120.jpg,train,Handrise-Read-write+BowTurnHead,100.73,45.21,645.44,1.42,apta
12_001129.jpg,train,BowTurnHead,114.28,63.53,429.34,0.89,apta
12_001153.jpg,train,BowTurnHead,115.21,64.3,442.99,0.91,apta
12_001175.jpg,train,BowTurnHead,115.52,64.46,424.31,0.88,apta
12_001259.jpg,train,BowTurnHead,92.31,53.24,418.07,0.78,apta
12_001277.jpg,train,BowTurnHead,113.08,63.74,428.47,0.89,apta
12_001296.jpg,train,BowTurnHead,93.71,54.24,382.65,0.76,apta
12_001317.jpg,train,Handrise-Read-write+BowTurnHead,113.25,61.83,1030.07,1.92,apta
12_001362.jpg,train,Handrise-Read-write+BowTurnHead,112.77,63.06,974.86,1.87,apta
12_001365.jpg,train,Handrise-Read-write+BowTurnHead,103.86,42.18,598.14,1.06,apta
12_001380.jpg,train,Handrise-Read-write+BowTurnHead,112.72,63.39,1058.0,1.96,apta
12_001388.jpg,train,Handrise-Read-write+BowTurnHead,113.33,63.71,1049.25,1.98,apta
12_001425.jpg,train,BowTurnHead,110.26,61.37,391.73,0.84,apta
12_001441.jpg,train,Handrise-Read-write+BowTurnHead,114.54,62.11,1076.8,1.99,apta
12_001463.jpg,train,Handrise-Read-write+BowTurnHead,114.34,62.36,1112.44,2.08,apta
12_001469.jpg,train,Handrise-Read-write+BowTurnHead,115.07,62.51,1117.25,2.08,apta
12_001477.jpg,train,Handrise-Read-write+BowTurnHead,115.66,62.33,1090.88,2.02,apta
12_001543.jpg,train,BowTurnHead,91.15,53.79,499.88,0.76,apta
12_001554.jpg,train,BowTurnHead,78.59,54.21,459.58,1.11,apta
12_001556.jpg,train,BowTurnHead,79.01,55.77,442.68,1.1,apta
12_001568.jpg,train,Handrise-Read-write+BowTurnHead,117.47,63.97,894.77,1.68,apta
12_001586.jpg,train,Handrise-Read-write+BowTurnHead,115.88,66.36,887.31,1.68,apta
12_001612.jpg,train,Handrise-Read-write+BowTurnHead,118.21,64.96,916.16,1.7,apta
12_001630.jpg,train,Handrise-Read-write+BowTurnHead,111.07,62.53,402.67,0.85,apta
12_001651.jpg,train,BowTurnHead,111.33,61.54,370.27,0.8,apta
12_001758.jpg,train,BowTurnHead,109.57,63.48,390.55,0.83,apta
12_001759.jpg,train,BowTurnHead,88.05,55.07,425.9,0.79,apta
12_001764.jpg,train,BowTurnHead,90.11,56.23,436.75,0.81,apta
12_001805.jpg,train,BowTurnHead,112.02,63.37,393.99,0.86,apta
12_001834.jpg,train,BowTurnHead,113.69,62.57,409.3,0.88,apta
12_001894.jpg,train,BowTurnHead,88.82,54.93,477.04,0.88,apta
12_002090.jpg,train,Handrise-Read-write+BowTurnHead,111.71,62.43,887.51,1.76,apta
12_002139.jpg,train,Handrise-Read-write+BowTurnHead,110.68,62.96,932.24,1.79,apta
12_002184.jpg,train,Handrise-Read-write+BowTurnHead,110.97,63.95,941.23,1.81,apta
12_002189.jpg,train,Handrise-Read-write+BowTurnHead,111.59,63.74,947.94,1.79,apta
12_002228.jpg,train,Handrise-Read-write+BowTurnHead,110.68,63.34,902.31,1.72,apta
12_002282.jpg,train,Handrise-Read-write+BowTurnHead,110.88,62.68,908.21,1.74,apta
12_002314.jpg,train,Handrise-Read-write+BowTurnHead,114.64,62.7,919.89,1.76,apta
12_002371.jpg,train,Handrise-Read-write+BowTurnHead,98.63,45.52,720.21,1.08,apta
12_002413.jpg,train,Handrise-Read-write+BowTurnHead,115.41,64.77,904.89,1.73,apta
12_002493.jpg,train,BowTurnHead,89.98,55.25,523.7,0.89,apta
12_002550.jpg,train,Handrise-Read-write+BowTurnHead,117.37,64.69,884.89,1.6,apta
12_002570.jpg,train,Handrise-Read-write+BowTurnHead,115.6,65.4,872.87,1.59,apta
12_002597.jpg,train,Handrise-Read-write+BowTurnHead,116.26,63.79,866.49,1.61,apta
12_002655.jpg,train,BowTurnHead,107.93,59.66,373.05,0.83,apta
1301001.jpg,train,Handrise-Read-write,114.5,81.09,256.61,0.5,apta
1301002.jpg,train,Handrise-Read-write,101.39,63.89,249.6,0.54,apta
1301003.jpg,train,Handrise-Read-write,115.93,59.65,1304.6,1.77,apta
1301006.jpg,train,Handrise-Read-write,105.19,73.36,726.52,0.76,apta
1301007.jpg,train,Handrise-Read-write,103.66,67.64,673.23,0.82,apta
1301009.jpg,train,Handrise-Read-write,95.65,69.81,781.5,1.13,apta
1301011.jpg,train,Handrise-Read-write,115.56,67.91,1298.21,2.62,apta
1301012.jpg,train,Handrise-Read-write,127.04,69.67,1183.8,2.38,apta
1301013.jpg,train,Handrise-Read-write,118.03,68.43,1283.29,2.6,apta
1301014.jpg,train,Handrise-Read-write,83.66,64.21,315.95,0.79,apta
1301015.jpg,train,Handrise-Read-write,78.62,73.04,114.03,0.37,apta
1301016.jpg,train,Handrise-Read-write,83.95,74.07,193.6,0.45,apta
1301017.jpg,train,Handrise-Read-write,109.57,71.1,442.75,0.73,apta
1301018.jpg,train,Handrise-Read-write,101.59,76.8,703.2,0.86,apta
1301019.jpg,train,Handrise-Read-write,114.07,75.56,584.71,0.77,apta
1301020.jpg,train,Handrise-Read-write,110.69,74.36,327.06,0.63,apta
1301021.jpg,train,Handrise-Read-write,115.29,69.46,775.0,0.86,apta
1301022.jpg,train,Handrise-Read-write,88.68,83.91,736.41,0.74,apta
1301023.jpg,train,Handrise-Read-write,104.7,72.44,357.93,0.64,apta
1301025.jpg,train,Handrise-Read-write,79.6,52.48,279.37,0.81,apta
1301026.jpg,train,Handrise-Read-write,77.65,49.43,285.92,0.84,apta
1301028.jpg,train,Handrise-Read-write,89.81,58.42,325.71,0.49,apta
1302002.jpg,train,Handrise-Read-write,110.11,66.8,496.48,0.79,apta
1302006.jpg,train,Handrise-Read-write,101.71,68.47,288.7,0.68,apta
1302007.jpg,train,Handrise-Read-write,132.29,54.44,708.26,0.95,apta
1302008.jpg,train,Handrise-Read-write,128.55,54.62,731.7,1.06,apta
1302010.jpg,train,Handrise-Read-write,127.29,61.24,796.4,1.0,apta
1302011.jpg,train,Handrise-Read-write,122.51,67.44,988.86,1.11,apta
1302013.jpg,train,Handrise-Read-write,125.89,59.31,725.62,1.1,apta
1302014.jpg,train,Handrise-Read-write,99.55,51.66,430.66,0.82,apta
1302015.jpg,train,Handrise-Read-write,100.1,52.22,543.74,0.82,apta
1302016.jpg,train,Handrise-Read-write,100.09,52.67,411.69,0.79,apta
1302017.jpg,train,Handrise-Read-write,109.36,70.11,217.81,0.49,apta
1302018.jpg,train,Handrise-Read-write,111.01,69.08,231.26,0.48,apta
1302020.jpg,train,Handrise-Read-write,96.12,69.67,359.6,0.48,apta
1302021.jpg,train,Handrise-Read-write,126.05,74.66,435.39,0.57,apta
1302023.jpg,train,Handrise-Read-write,104.54,58.41,844.75,1.67,apta
1302024.jpg,train,Handrise-Read-write,104.38,58.26,816.63,1.53,apta
1302025.jpg,train,Handrise-Read-write,105.02,58.13,845.3,1.55,apta
1302026.jpg,train,Handrise-Read-write,104.66,60.44,923.84,1.57,apta
1302027.jpg,train,Handrise-Read-write,107.09,59.29,1082.97,1.55,apta
1302028.jpg,train,Handrise-Read-write,102.79,59.62,879.81,1.62,apta
1302030.jpg,train,Handrise-Read-write,106.43,63.0,496.07,0.88,apta
1302031.jpg,train,Handrise-Read-write,103.31,62.05,627.55,0.89,apta
1302032.jpg,train,Handrise-Read-write,128.74,54.65,723.14,1.36,apta
1302033.jpg,train,Handrise-Read-write,105.79,63.88,505.38,0.91,apta
1302034.jpg,train,Handrise-Read-write,125.57,56.99,510.79,1.19,apta
1302035.jpg,train,Handrise-Read-write,108.23,64.3,402.06,0.71,apta
1302036.jpg,train,Handrise-Read-write,112.16,75.03,1050.6,0.99,apta
1302038.jpg,train,Handrise-Read-write,98.51,70.51,776.41,1.17,apta
1303001.jpg,train,Handrise-Read-write,103.44,62.63,437.71,0.81,apta
1303002.jpg,train,Handrise-Read-write,129.2,54.06,504.24,1.22,apta
1303003.jpg,train,Handrise-Read-write,127.41,55.12,544.67,1.27,apta
1303004.jpg,train,Handrise-Read-write,126.36,46.08,317.82,0.78,apta
1303005.jpg,train,Handrise-Read-write,93.7,67.94,557.19,0.97,apta
1303006.jpg,train,Handrise-Read-write,89.94,63.53,370.54,0.62,apta
1303007.jpg,train,Handrise-Read-write,109.69,66.0,259.39,0.74,apta
1303008.jpg,train,Handrise-Read-write,108.52,64.02,226.16,0.65,apta
1303009.jpg,train,Handrise-Read-write,112.22,68.15,204.13,0.66,apta
1303010.jpg,train,Handrise-Read-write,133.09,59.37,356.7,0.83,apta
1303011.jpg,train,Handrise-Read-write,102.53,61.85,591.33,1.37,apta
1303012.jpg,train,Handrise-Read-write,102.0,58.81,607.2,1.4,apta
1303013.jpg,train,Handrise-Read-write,102.41,58.07,563.76,1.31,apta
1303014.jpg,train,Handrise-Read-write,103.08,59.51,591.36,1.33,apta
1303015.jpg,train,Handrise-Read-write,103.52,58.61,574.59,1.38,apta
1303016.jpg,train,Handrise-Read-write,78.04,56.41,68.94,0.36,no apta
1303017.jpg,train,Handrise-Read-write,69.39,52.6,92.65,0.38,no apta
1303018.jpg,train,Handrise-Read-write,89.37,59.54,69.44,0.38,no apta
1303019.jpg,train,Handrise-Read-write,80.39,63.36,147.08,0.42,apta
1303020.jpg,train,Handrise-Read-write,79.83,64.51,394.99,0.59,apta
1303021.jpg,train,Handrise-Read-write,162.0,75.65,816.25,0.99,apta
1303022.jpg,train,Handrise-Read-write,80.33,58.39,310.48,0.71,apta
1303023.jpg,train,Handrise-Read-write,79.03,68.35,362.32,0.91,apta
1303024.jpg,train,Handrise-Read-write,92.34,69.17,318.86,0.82,apta
1303025.jpg,train,Handrise-Read-write,101.79,73.58,500.55,0.96,apta
1303027.jpg,train,Handrise-Read-write,82.59,41.6,271.51,0.62,apta
1303028.jpg,train,Handrise-Read-write,98.9,51.16,303.03,0.7,apta
1303029.jpg,train,Handrise-Read-write,97.54,51.23,307.61,0.74,apta
1303030.jpg,train,Handrise-Read-write,98.39,52.04,302.31,0.68,apta
1303031.jpg,train,Handrise-Read-write,99.28,51.5,325.46,0.69,apta
1303032.jpg,train,Handrise-Read-write,99.16,51.57,321.83,0.67,apta
1303033.jpg,train,Handrise-Read-write,98.9,51.35,330.02,0.71,apta
1303034.jpg,train,Handrise-Read-write,98.72,51.62,301.02,0.67,apta
1303035.jpg,train,Handrise-Read-write,122.57,52.46,387.05,0.72,apta
1303036.jpg,train,Handrise-Read-write,126.83,58.41,438.17,0.89,apta
1303037.jpg,train,Handrise-Read-write,133.3,58.15,674.74,1.13,apta
1303038.jpg,train,Handrise-Read-write,135.33,59.21,496.37,0.92,apta
1303039.jpg,train,Handrise-Read-write,133.08,60.54,537.87,1.01,apta
1304005.jpg,train,Handrise-Read-write,99.0,88.4,541.78,0.64,apta
1304009.jpg,train,Handrise-Read-write,109.59,69.63,481.58,0.62,apta
1304010.jpg,train,Handrise-Read-write,100.27,71.89,497.52,0.89,apta
1304011.jpg,train,Handrise-Read-write,115.14,61.21,319.26,0.35,apta
1304013.jpg,train,Handrise-Read-write,112.93,57.34,775.04,0.85,apta
1304014.jpg,train,Handrise-Read-write,114.31,56.2,594.76,0.84,apta
1304015.jpg,train,Handrise-Read-write,82.12,53.79,314.93,0.52,apta
1304016.jpg,train,Handrise-Read-write,99.13,61.93,305.54,0.5,apta
1304017.jpg,train,Handrise-Read-write,123.66,67.78,568.85,0.61,apta
1304018.jpg,train,Handrise-Read-write,106.47,67.9,493.87,0.55,apta
1304019.jpg,train,Handrise-Read-write,102.92,67.2,444.18,0.57,apta
1304022.jpg,train,Handrise-Read-write,114.79,65.55,183.05,0.39,apta
1304023.jpg,train,Handrise-Read-write,118.48,67.68,359.84,0.69,apta
1304025.jpg,train,Handrise-Read-write,112.01,64.18,253.4,0.42,apta
1304026.jpg,train,Handrise-Read-write,88.4,61.6,198.38,0.48,apta
1304028.jpg,train,Handrise-Read-write,101.79,59.95,304.89,0.46,apta
1304030.jpg,train,Handrise-Read-write,84.51,52.18,153.53,0.45,apta
1304038.jpg,train,Handrise-Read-write,166.27,75.41,395.27,0.51,apta
1304040.jpg,train,Handrise-Read-write,75.73,68.38,97.83,0.34,no apta
1305001.jpg,train,Handrise-Read-write,114.34,57.15,285.24,0.68,apta
1305002.jpg,train,Handrise-Read-write,124.05,60.22,287.68,0.7,apta
1305003.jpg,train,Handrise-Read-write,124.64,57.74,251.25,0.64,apta
1305004.jpg,train,Handrise-Read-write,133.71,79.94,599.97,0.55,apta
1305005.jpg,train,Handrise-Read-write,154.14,82.54,735.09,0.62,apta
1305006.jpg,train,Handrise-Read-write,116.22,74.97,793.67,1.11,apta
1305007.jpg,train,Handrise-Read-write,118.77,75.49,1285.25,1.39,apta
1305008.jpg,train,Handrise-Read-write,117.34,56.52,1557.17,2.38,apta
1305009.jpg,train,Handrise-Read-write,117.01,54.36,1254.71,2.61,apta
1305011.jpg,train,Handrise-Read-write,106.58,70.89,1112.66,1.16,apta
1305012.jpg,train,Handrise-Read-write,103.22,57.69,870.65,1.57,apta
1305013.jpg,train,Handrise-Read-write,102.85,56.5,538.41,1.19,apta
1305014.jpg,train,Handrise-Read-write,100.78,66.3,390.49,0.45,apta
1305016.jpg,train,Handrise-Read-write,116.68,73.77,817.7,0.69,apta
1305017.jpg,train,Handrise-Read-write,123.49,74.04,957.22,0.83,apta
1305018.jpg,train,Handrise-Read-write,110.43,65.63,1958.44,2.85,apta
1305019.jpg,train,Handrise-Read-write,116.38,59.8,2518.83,5.03,apta
1305020.jpg,train,Handrise-Read-write,115.6,59.9,1880.57,3.11,apta
1305021.jpg,train,Handrise-Read-write,122.18,60.54,2771.86,5.24,apta
1305022.jpg,train,Handrise-Read-write,120.76,62.62,2296.45,3.42,apta
1305023.jpg,train,Handrise-Read-write,115.31,60.41,1794.8,3.07,apta
1307001.jpg,train,Handrise-Read-write,132.39,78.86,461.46,0.52,apta
1307002.jpg,train,Handrise-Read-write,116.1,67.8,739.54,0.86,apta
1307003.jpg,train,Handrise-Read-write,152.68,81.29,674.42,0.73,apta
1307004.jpg,train,Handrise-Read-write,112.22,67.64,976.89,0.84,apta
1307005.jpg,train,Handrise-Read-write,110.87,58.33,442.11,0.78,apta
1307006.jpg,train,Handrise-Read-write,110.38,60.37,166.27,0.46,apta
1307007.jpg,train,Handrise-Read-write,84.2,85.48,736.48,1.03,apta
1307011.jpg,train,Handrise-Read-write,100.32,59.35,965.05,1.41,apta
1307012.jpg,train,Handrise-Read-write,98.54,59.2,886.75,1.44,apta
1307013.jpg,train,Handrise-Read-write,101.49,59.04,914.83,1.23,apta
1307014.jpg,train,Handrise-Read-write,99.51,60.28,764.99,1.34,apta
1307015.jpg,train,Handrise-Read-write,127.49,68.14,1061.96,1.32,apta
1307016.jpg,train,Handrise-Read-write,124.24,65.25,761.03,0.95,apta
1307017.jpg,train,Handrise-Read-write,127.93,66.29,687.86,0.9,apta
1307018.jpg,train,Handrise-Read-write,130.63,66.38,697.62,0.88,apta
1307019.jpg,train,Handrise-Read-write,131.13,62.44,673.78,0.86,apta
1307020.jpg,train,Handrise-Read-write,166.86,65.32,864.57,0.94,apta
1307021.jpg,train,Handrise-Read-write,136.47,66.53,473.96,0.7,apta
1307022.jpg,train,Handrise-Read-write,120.03,65.14,1289.21,1.54,apta
1307032.jpg,train,Handrise-Read-write,105.1,60.31,616.08,0.93,apta
1307033.jpg,train,Handrise-Read-write,95.8,57.21,345.44,0.47,apta
1307034.jpg,train,Handrise-Read-write,92.97,44.61,199.09,0.47,apta
1307035.jpg,train,Handrise-Read-write,84.83,52.6,318.91,0.91,apta
1307036.jpg,train,Handrise-Read-write,94.04,51.37,595.69,1.31,apta
1307040.jpg,train,Handrise-Read-write,89.16,62.43,1048.16,1.08,apta
1307041.jpg,train,Handrise-Read-write,88.1,63.16,511.91,0.73,apta
1307043.jpg,train,Handrise-Read-write,85.7,58.57,453.63,0.78,apta
1307044.jpg,train,Handrise-Read-write,80.49,59.52,326.89,0.66,apta
1307046.jpg,train,Handrise-Read-write,83.83,55.03,786.23,1.46,apta
1307047.jpg,train,Handrise-Read-write,70.44,45.11,609.31,0.89,apta
1307048.jpg,train,Handrise-Read-write,81.66,51.14,807.59,1.41,apta
1307049.jpg,train,Handrise-Read-write,80.59,51.94,776.02,1.36,apta
1307050.jpg,train,Handrise-Read-write,114.54,93.34,1671.37,1.81,apta
1307051.jpg,train,Handrise-Read-write,79.25,40.33,187.98,0.43,apta
1309001.jpg,train,Handrise-Read-write,101.15,67.97,390.06,0.7,apta
1309002.jpg,train,Handrise-Read-write,119.16,60.6,570.98,0.95,apta
1309003.jpg,train,Handrise-Read-write,119.27,59.58,473.39,1.04,apta
1309004.jpg,train,Handrise-Read-write,115.33,62.12,645.25,0.91,apta
1309005.jpg,train,Handrise-Read-write,116.65,61.21,559.52,0.91,apta
1309006.jpg,train,Handrise-Read-write,121.05,60.66,899.5,1.01,apta
1309007.jpg,train,Handrise-Read-write,108.82,63.44,433.53,0.77,apta
1309008.jpg,train,Handrise-Read-write,113.95,60.14,544.95,0.91,apta
1309009.jpg,train,Handrise-Read-write,109.82,66.09,823.81,0.67,apta
1309010.jpg,train,Handrise-Read-write,113.77,64.75,361.42,0.76,apta
1309013.jpg,train,Handrise-Read-write,124.82,60.16,223.36,0.54,apta
1309014.jpg,train,Handrise-Read-write,114.29,58.82,268.1,0.54,apta
1309019.jpg,train,Handrise-Read-write,144.28,56.08,550.14,0.64,apta
1309022.jpg,train,Handrise-Read-write,112.67,81.09,298.27,0.62,apta
1309025.jpg,train,Handrise-Read-write,107.73,64.99,620.17,0.59,apta
1309030.jpg,train,Handrise-Read-write,94.17,78.08,531.97,0.71,apta
1309031.jpg,train,Handrise-Read-write,109.3,80.27,641.58,0.77,apta
1309033.jpg,train,Handrise-Read-write,116.78,66.34,808.36,0.87,apta
1309034.jpg,train,Handrise-Read-write,132.09,81.52,873.34,1.07,apta
1309035.jpg,train,Handrise-Read-write,134.66,79.41,656.2,1.26,apta
1309036.jpg,train,Handrise-Read-write,134.08,64.2,435.75,0.8,apta
1309037.jpg,train,Handrise-Read-write,137.43,66.23,826.41,0.87,apta
130_000033.jpg,train,BowTurnHead,84.72,64.6,1291.03,1.98,apta
130_000042.jpg,train,BowTurnHead,78.92,52.55,1063.87,2.06,apta
130_000044.jpg,train,BowTurnHead,79.12,53.05,1428.98,2.71,apta
130_000046.jpg,train,BowTurnHead,95.51,64.76,1283.71,2.52,apta
130_000048.jpg,train,Handrise-Read-write+BowTurnHead,96.19,65.39,1994.58,3.87,apta
130_000050.jpg,train,Handrise-Read-write+BowTurnHead,95.67,64.28,1249.86,2.46,apta
130_000052.jpg,train,Handrise-Read-write+BowTurnHead,95.06,65.34,1874.12,3.68,apta
130_000057.jpg,train,BowTurnHead,84.28,64.07,1170.14,1.77,apta
130_000059.jpg,train,Handrise-Read-write+BowTurnHead,77.76,53.21,1214.37,2.27,apta
130_000061.jpg,train,BowTurnHead,81.36,62.41,1282.55,1.96,apta
130_000063.jpg,train,BowTurnHead,82.17,62.93,1269.38,1.91,apta
130_000065.jpg,train,BowTurnHead,82.83,62.82,1272.59,1.94,apta
130_000080.jpg,train,BowTurnHead,82.26,62.78,1220.78,1.82,apta
130_000222.jpg,train,Handrise-Read-write+BowTurnHead,93.31,65.17,1828.64,3.57,apta
130_000237.jpg,train,BowTurnHead,78.7,62.13,1019.97,1.63,apta
130_000238.jpg,train,Handrise-Read-write+BowTurnHead,83.5,54.93,1342.59,2.73,apta
130_000240.jpg,train,BowTurnHead,78.21,61.81,899.16,1.38,apta
130_000242.jpg,train,BowTurnHead,78.32,61.79,1035.99,1.66,apta
130_000245.jpg,train,Handrise-Read-write+BowTurnHead,78.02,62.02,1016.45,1.6,apta
130_000252.jpg,train,BowTurnHead,78.59,61.75,1007.54,1.58,apta
130_000254.jpg,train,BowTurnHead,71.22,52.94,1138.38,2.32,apta
130_000256.jpg,train,Handrise-Read-write+BowTurnHead,71.41,52.49,1027.53,2.21,apta
130_000258.jpg,train,Handrise-Read-write+BowTurnHead,70.58,52.95,988.39,2.22,apta
130_000260.jpg,train,Handrise-Read-write+BowTurnHead,92.47,65.02,1841.9,3.66,apta
130_000264.jpg,train,Handrise-Read-write+BowTurnHead,92.46,64.94,1945.35,3.89,apta
130_000274.jpg,train,BowTurnHead,94.22,64.05,1808.77,3.61,apta
130_000276.jpg,train,Handrise-Read-write+BowTurnHead,94.0,64.21,1812.66,3.62,apta
130_000303.jpg,train,Handrise-Read-write+BowTurnHead,92.86,64.4,1601.34,3.16,apta
130_000365.jpg,train,Handrise-Read-write+BowTurnHead,92.29,62.92,1781.53,3.55,apta
130_000366.jpg,train,Handrise-Read-write+BowTurnHead,91.23,63.42,1822.88,3.63,apta
130_000368.jpg,train,Handrise-Read-write+BowTurnHead,91.5,63.34,1852.01,3.66,apta
130_000370.jpg,train,Handrise-Read-write+BowTurnHead,91.48,63.39,1877.28,3.76,apta
130_000399.jpg,train,BowTurnHead,75.92,55.2,992.3,2.16,apta
130_000490.jpg,train,Handrise-Read-write+BowTurnHead,87.52,61.37,1538.96,3.28,apta
130_000492.jpg,train,Handrise-Read-write+BowTurnHead,87.63,61.83,1594.09,3.34,apta
130_000493.jpg,train,Handrise-Read-write+BowTurnHead,88.36,62.26,1627.95,3.42,apta
130_000495.jpg,train,Handrise-Read-write+BowTurnHead,88.97,62.19,1594.34,3.4,apta
130_000496.jpg,train,Handrise-Read-write+BowTurnHead,89.2,62.1,1585.98,3.36,apta
130_000502.jpg,train,Handrise-Read-write+BowTurnHead,88.46,62.26,1602.6,3.42,apta
130_000504.jpg,train,Handrise-Read-write+BowTurnHead,88.89,62.37,1601.31,3.42,apta
130_000514.jpg,train,Handrise-Read-write+BowTurnHead,87.23,62.26,1608.43,3.45,apta
130_000549.jpg,train,Handrise-Read-write+BowTurnHead,77.88,60.55,904.89,1.47,apta
130_000561.jpg,train,Handrise-Read-write+BowTurnHead,86.2,61.7,1575.18,3.32,apta
130_000563.jpg,train,Handrise-Read-write+BowTurnHead,86.52,61.73,1616.53,3.36,apta
130_000565.jpg,train,Handrise-Read-write+BowTurnHead,86.82,61.97,1616.48,3.42,apta
130_000568.jpg,train,Handrise-Read-write+BowTurnHead,86.6,61.85,1603.55,3.42,apta
130_000571.jpg,train,Handrise-Read-write+BowTurnHead,86.01,61.88,1686.95,3.55,apta
130_000578.jpg,train,Handrise-Read-write+BowTurnHead,74.22,53.49,1391.48,3.0,apta
130_000580.jpg,train,Handrise-Read-write+BowTurnHead,74.94,53.42,1351.03,2.93,apta
130_000582.jpg,train,Handrise-Read-write+BowTurnHead,85.62,61.12,1068.39,2.28,apta
130_000657.jpg,train,Handrise-Read-write+BowTurnHead,85.88,61.21,1519.21,3.28,apta
130_000665.jpg,train,Handrise-Read-write+BowTurnHead,84.99,61.69,1587.9,3.45,apta
130_000666.jpg,train,Handrise-Read-write+BowTurnHead,84.61,61.6,1604.76,3.48,apta
130_000668.jpg,train,Handrise-Read-write+BowTurnHead,84.62,61.04,1550.95,3.38,apta
130_000670.jpg,train,Handrise-Read-write+BowTurnHead,84.78,61.2,1512.99,3.26,apta
130_000819.jpg,train,Handrise-Read-write+BowTurnHead,74.84,58.46,874.91,1.51,apta
130_000870.jpg,train,Handrise-Read-write+BowTurnHead,82.93,60.1,1480.96,3.21,apta
130_000901.jpg,train,Handrise-Read-write+BowTurnHead,81.82,60.04,1554.61,3.37,apta
130_000903.jpg,train,Handrise-Read-write+BowTurnHead,81.44,60.12,1601.9,3.46,apta
130_000905.jpg,train,Handrise-Read-write+BowTurnHead,81.17,59.92,1533.49,3.38,apta
130_000907.jpg,train,Handrise-Read-write+BowTurnHead,81.68,60.01,1555.08,3.38,apta
130_000909.jpg,train,Handrise-Read-write+BowTurnHead,81.48,60.2,1550.13,3.39,apta
130_000911.jpg,train,Handrise-Read-write+BowTurnHead,82.16,60.4,1591.1,3.5,apta
130_000915.jpg,train,Handrise-Read-write+BowTurnHead,74.26,53.74,744.36,1.86,apta
130_000920.jpg,train,Handrise-Read-write+BowTurnHead,81.37,60.08,1466.7,3.23,apta
130_000945.jpg,train,Handrise-Read-write+BowTurnHead,71.2,57.12,939.98,1.47,apta
130_000947.jpg,train,Handrise-Read-write+BowTurnHead,71.68,56.98,955.4,1.52,apta
130_000970.jpg,train,Handrise-Read-write+BowTurnHead,61.18,47.2,891.06,1.96,apta
130_001006.jpg,train,Handrise-Read-write+BowTurnHead,80.44,60.02,1415.24,3.22,apta
130_001070.jpg,train,Handrise-Read-write+BowTurnHead,69.65,56.31,767.98,1.4,apta
130_001072.jpg,train,Handrise-Read-write+BowTurnHead,69.41,56.47,754.85,1.37,apta
130_001075.jpg,train,BowTurnHead,69.12,56.15,723.36,1.34,apta
130_001077.jpg,train,BowTurnHead,69.2,55.86,755.2,1.4,apta
130_001087.jpg,train,Handrise-Read-write+BowTurnHead,76.6,58.43,1301.24,3.0,apta
130_001090.jpg,train,Handrise-Read-write+BowTurnHead,76.93,58.55,1186.69,2.7,apta
130_001092.jpg,train,Handrise-Read-write+BowTurnHead,64.05,50.83,609.44,1.51,apta
130_001097.jpg,train,Handrise-Read-write+BowTurnHead,72.88,56.15,618.74,1.61,apta
130_001107.jpg,train,Handrise-Read-write+BowTurnHead,58.33,46.36,744.23,1.83,no apta
130_001111.jpg,train,Handrise-Read-write+BowTurnHead,77.56,57.96,910.51,2.08,apta
130_001115.jpg,train,Handrise-Read-write+BowTurnHead,76.8,58.34,1310.99,2.96,apta
130_001117.jpg,train,Handrise-Read-write+BowTurnHead,76.78,58.46,1450.54,3.25,apta
130_001136.jpg,train,Handrise-Read-write+BowTurnHead,66.91,55.67,751.72,1.34,apta
130_001143.jpg,train,Handrise-Read-write+BowTurnHead,66.81,55.37,741.53,1.33,apta
130_001150.jpg,train,Handrise-Read-write+BowTurnHead,75.79,57.49,1013.81,2.29,apta
130_001152.jpg,train,Handrise-Read-write+BowTurnHead,75.9,58.0,1336.01,3.09,apta
130_001157.jpg,train,Handrise-Read-write+BowTurnHead,76.35,57.93,1389.81,3.18,apta
130_001159.jpg,train,Handrise-Read-write+BowTurnHead,76.37,57.75,1388.15,3.17,apta
130_001169.jpg,train,Handrise-Read-write+BowTurnHead,61.73,46.18,376.35,1.19,apta
130_001179.jpg,train,Handrise-Read-write+BowTurnHead,74.69,57.83,1325.9,3.06,apta
130_001192.jpg,train,BowTurnHead,65.8,54.47,748.59,1.32,apta
130_001194.jpg,train,Handrise-Read-write+BowTurnHead,65.5,54.3,768.52,1.38,apta
130_001203.jpg,train,Handrise-Read-write+BowTurnHead,74.37,57.1,1305.55,3.02,apta
130_001204.jpg,train,Handrise-Read-write+BowTurnHead,74.26,57.24,1346.12,3.11,apta
130_001208.jpg,train,Handrise-Read-write+BowTurnHead,74.41,57.23,1338.55,3.07,apta
130_001210.jpg,train,Handrise-Read-write+BowTurnHead,73.91,57.42,1337.21,3.1,apta
130_001214.jpg,train,Handrise-Read-write+BowTurnHead,74.86,57.24,1380.93,3.16,apta
130_001229.jpg,train,BowTurnHead,64.25,53.27,772.53,1.34,apta
130_001234.jpg,train,BowTurnHead,64.03,53.92,811.14,1.39,apta
130_001236.jpg,train,BowTurnHead,64.0,54.13,812.42,1.39,apta
130_001240.jpg,train,BowTurnHead,63.56,53.86,774.3,1.33,apta
130_001242.jpg,train,BowTurnHead,63.67,53.5,808.59,1.41,apta
130_001244.jpg,train,BowTurnHead,63.62,53.27,820.63,1.45,apta
130_001246.jpg,train,Handrise-Read-write+BowTurnHead,63.27,53.48,802.82,1.4,apta
130_001258.jpg,train,Handrise-Read-write+BowTurnHead,63.19,52.98,857.17,1.44,apta
130_001331.jpg,train,Handrise-Read-write,60.63,50.54,650.4,1.22,apta
130_001341.jpg,train,BowTurnHead,60.15,51.04,667.68,1.34,apta
130_001344.jpg,train,BowTurnHead,59.58,50.22,677.39,1.32,no apta
130_001347.jpg,train,BowTurnHead,60.13,51.44,649.71,1.3,apta
130_001349.jpg,train,BowTurnHead,59.76,50.78,660.29,1.31,no apta
130_001352.jpg,train,BowTurnHead,60.06,50.61,666.05,1.33,apta
130_001353.jpg,train,BowTurnHead,60.31,51.01,657.58,1.33,apta
130_001355.jpg,train,BowTurnHead,60.24,51.24,644.81,1.3,apta
130_001356.jpg,train,BowTurnHead,60.35,51.17,655.85,1.32,apta
130_001367.jpg,train,BowTurnHead,59.7,51.09,657.14,1.33,no apta
130_001424.jpg,train,Handrise-Read-write+BowTurnHead,69.61,54.8,1144.08,2.75,apta
130_001454.jpg,train,Handrise-Read-write+BowTurnHead,69.61,54.88,1218.38,2.94,apta
130_001456.jpg,train,Handrise-Read-write+BowTurnHead,69.67,55.02,1208.39,2.93,apta
130_001459.jpg,train,Handrise-Read-write+BowTurnHead,69.09,54.99,1200.91,2.89,apta
130_001464.jpg,train,Handrise-Read-write+BowTurnHead,68.97,54.81,1195.84,2.89,apta
130_001467.jpg,train,Handrise-Read-write+BowTurnHead,68.43,54.43,923.83,2.22,apta
130_001468.jpg,train,Handrise-Read-write+BowTurnHead,68.8,54.77,1164.72,2.85,apta
130_001477.jpg,train,Handrise-Read-write+BowTurnHead,69.54,55.28,1267.91,3.04,apta
130_001493.jpg,train,BowTurnHead,59.9,52.34,620.24,1.26,no apta
130_001497.jpg,train,BowTurnHead,59.64,52.25,602.33,1.21,no apta
130_001499.jpg,train,BowTurnHead,59.63,52.14,619.09,1.24,no apta
130_001509.jpg,train,Handrise-Read-write+BowTurnHead,68.33,54.5,1136.75,2.78,apta
130_001513.jpg,train,Handrise-Read-write+BowTurnHead,56.52,47.87,691.75,1.75,no apta
130_001520.jpg,train,Handrise-Read-write+BowTurnHead,56.93,48.14,944.25,2.15,no apta
130_001537.jpg,train,BowTurnHead,58.94,52.12,655.95,1.27,no apta
130_001539.jpg,train,BowTurnHead,58.52,51.99,650.25,1.25,no apta
130_001541.jpg,train,Handrise-Read-write+BowTurnHead,58.48,51.48,647.55,1.27,no apta
130_001591.jpg,train,BowTurnHead,59.32,51.64,539.54,1.0,no apta
130_001618.jpg,train,Handrise-Read-write+BowTurnHead,63.29,48.84,868.89,2.08,apta
130_001623.jpg,train,BowTurnHead,57.21,51.03,590.72,1.23,no apta
130_001624.jpg,train,Handrise-Read-write+BowTurnHead,54.04,45.87,715.92,1.68,no apta
130_001626.jpg,train,BowTurnHead,57.47,50.87,599.13,1.23,no apta
130_001628.jpg,train,Handrise-Read-write+BowTurnHead,57.94,50.83,602.16,1.25,no apta
130_001631.jpg,train,Handrise-Read-write+BowTurnHead,57.28,51.34,580.63,1.22,no apta
130_001677.jpg,train,Handrise-Read-write+BowTurnHead,57.01,51.88,563.68,1.22,no apta
130_001684.jpg,train,Handrise-Read-write+BowTurnHead,57.2,52.43,523.37,1.13,no apta
130_001685.jpg,train,Handrise-Read-write+BowTurnHead,65.34,53.52,1147.39,2.73,apta
130_001687.jpg,train,Handrise-Read-write+BowTurnHead,65.43,53.6,1195.95,2.86,apta
130_001689.jpg,train,Handrise-Read-write+BowTurnHead,64.67,53.57,1188.98,2.87,apta
130_001691.jpg,train,Handrise-Read-write+BowTurnHead,64.68,53.45,1221.89,2.93,apta
130_001699.jpg,train,Handrise-Read-write+BowTurnHead,65.29,52.65,1102.62,2.75,apta
130_001707.jpg,train,BowTurnHead,56.55,52.33,519.33,1.15,no apta
130_001708.jpg,train,Handrise-Read-write+BowTurnHead,47.27,43.01,590.76,1.62,no apta
130_001710.jpg,train,BowTurnHead,57.1,52.44,513.98,1.13,no apta
130_001764.jpg,train,BowTurnHead,55.84,49.89,577.17,1.23,no apta
130_001766.jpg,train,BowTurnHead,55.53,49.34,572.01,1.21,no apta
130_001768.jpg,train,BowTurnHead,55.67,49.74,577.07,1.23,no apta
130_001780.jpg,train,Handrise-Read-write+BowTurnHead,62.57,52.36,1181.81,2.89,apta
130_001884.jpg,train,BowTurnHead,57.29,50.36,608.48,1.29,no apta
130_001895.jpg,train,Handrise-Read-write+BowTurnHead,62.24,50.99,963.51,2.35,apta
130_001908.jpg,train,Handrise-Read-write+BowTurnHead,61.85,50.92,1106.69,2.78,apta
130_001909.jpg,train,Handrise-Read-write+BowTurnHead,61.76,50.97,1097.15,2.81,apta
130_001936.jpg,train,Handrise-Read-write+BowTurnHead,60.44,46.9,690.16,1.83,apta
130_001937.jpg,train,Handrise-Read-write+BowTurnHead,61.53,46.86,744.1,1.94,apta
130_001941.jpg,train,Handrise-Read-write+BowTurnHead,61.09,51.47,994.02,2.57,apta
130_001952.jpg,train,Handrise-Read-write+BowTurnHead,61.16,50.98,714.96,1.86,apta
130_001954.jpg,train,Handrise-Read-write+BowTurnHead,61.38,51.19,1107.57,2.85,apta
130_001957.jpg,train,Handrise-Read-write+BowTurnHead,61.66,50.97,1063.44,2.74,apta
130_001958.jpg,train,Handrise-Read-write+BowTurnHead,61.61,51.12,1068.51,2.72,apta
130_001965.jpg,train,Handrise-Read-write+BowTurnHead,62.04,51.51,1034.1,2.68,apta
130_001969.jpg,train,Handrise-Read-write+BowTurnHead,62.83,51.52,1056.52,2.72,apta
130_001977.jpg,train,Handrise-Read-write+BowTurnHead,62.41,51.11,998.36,2.58,apta
130_001983.jpg,train,Handrise-Read-write+BowTurnHead,62.57,46.73,730.19,1.96,apta
130_001985.jpg,train,Handrise-Read-write+BowTurnHead,62.28,51.2,1059.03,2.7,apta
130_001987.jpg,train,Handrise-Read-write+BowTurnHead,62.48,51.14,1056.29,2.71,apta
130_001992.jpg,train,Handrise-Read-write+BowTurnHead,62.64,51.31,1078.92,2.76,apta
130_001997.jpg,train,Handrise-Read-write+BowTurnHead,62.16,51.0,1032.58,2.65,apta
130_002013.jpg,train,Handrise-Read-write,52.33,44.69,489.29,1.14,no apta
130_002015.jpg,train,Handrise-Read-write+BowTurnHead,52.36,44.51,484.87,1.12,no apta
130_002169.jpg,train,BowTurnHead,51.27,44.57,492.53,1.14,no apta
130_002185.jpg,train,BowTurnHead,52.91,46.79,843.91,2.03,no apta
130_002190.jpg,train,BowTurnHead,58.82,51.1,1023.06,2.61,no apta
130_002193.jpg,train,BowTurnHead,59.12,50.9,1019.74,2.6,no apta
130_002203.jpg,train,Handrise-Read-write+BowTurnHead,58.42,50.41,994.25,2.54,no apta
130_002206.jpg,train,Handrise-Read-write+BowTurnHead,58.26,49.68,985.14,2.54,no apta
130_002209.jpg,train,Handrise-Read-write+BowTurnHead,58.73,50.35,959.35,2.53,no apta
130_002211.jpg,train,BowTurnHead,47.22,43.75,652.52,1.72,no apta
130_002450.jpg,train,BowTurnHead,53.63,51.83,503.4,1.11,no apta
1310003.jpg,val,Handrise-Read-write,110.64,59.42,247.57,0.47,apta
1310004.jpg,val,Handrise-Read-write,103.99,70.69,1014.59,1.11,apta
1310005.jpg,val,Handrise-Read-write,89.16,73.42,841.83,1.24,apta
1310006.jpg,val,Handrise-Read-write,102.68,65.49,856.48,0.96,apta
1310007.jpg,val,Handrise-Read-write,102.5,73.38,909.24,1.31,apta
1310008.jpg,val,Handrise-Read-write,88.13,67.29,877.58,1.32,apta
1310009.jpg,val,Handrise-Read-write,96.74,69.01,1027.56,1.35,apta
1310010.jpg,val,Handrise-Read-write,98.25,63.1,838.23,1.05,apta
1310011.jpg,val,Handrise-Read-write,103.08,69.91,878.01,1.36,apta
1310012.jpg,val,Handrise-Read-write,102.58,72.46,1014.83,1.47,apta
1310014.jpg,val,Handrise-Read-write,115.64,88.67,3606.05,2.81,apta
1310015.jpg,val,Handrise-Read-write,81.62,72.48,814.66,0.94,apta
1310016.jpg,val,Handrise-Read-write,131.81,60.39,258.58,0.72,apta
1310017.jpg,val,Handrise-Read-write,121.3,66.03,732.07,1.57,apta
1310018.jpg,val,Handrise-Read-write,115.88,68.61,423.45,0.92,apta
1310019.jpg,val,Handrise-Read-write,131.62,69.97,514.81,1.02,apta
1310020.jpg,val,Handrise-Read-write,148.23,72.59,649.75,0.97,apta
1310021.jpg,val,Handrise-Read-write,152.59,72.13,317.93,0.66,apta
1310022.jpg,val,Handrise-Read-write,154.66,70.76,477.85,0.86,apta
1310023.jpg,val,Handrise-Read-write,115.59,46.7,479.53,1.17,apta
1310024.jpg,val,Handrise-Read-write,97.49,64.33,555.98,0.58,apta
1310025.jpg,val,Handrise-Read-write,106.56,58.46,526.42,0.73,apta
1310026.jpg,val,Handrise-Read-write,104.82,70.06,366.46,0.48,apta
1310034.jpg,val,Handrise-Read-write,102.96,73.04,900.82,0.9,apta
1311001.jpg,train,Handrise-Read-write,127.85,75.06,554.86,0.8,apta
1311009.jpg,train,Handrise-Read-write,137.21,53.0,386.81,0.7,apta
1311010.jpg,train,Handrise-Read-write,134.9,51.24,409.66,0.56,apta
1311011.jpg,train,Handrise-Read-write,107.66,58.66,649.82,1.24,apta
1311012.jpg,train,Handrise-Read-write,106.27,64.0,397.75,1.01,apta
1311013.jpg,train,Handrise-Read-write,93.41,71.36,899.65,1.22,apta
1311014.jpg,train,Handrise-Read-write,92.77,81.28,1047.71,1.01,apta
1311015.jpg,train,Handrise-Read-write,97.97,82.66,1104.69,1.13,apta
1311016.jpg,train,Handrise-Read-write,97.44,82.83,891.46,0.99,apta
1311017.jpg,train,Handrise-Read-write,121.08,77.62,1189.48,1.24,apta
1311018.jpg,train,Handrise-Read-write,130.81,90.4,769.45,0.85,apta
1311019.jpg,train,Handrise-Read-write,123.21,96.66,640.34,0.81,apta
1311020.jpg,train,Handrise-Read-write,105.7,57.59,622.32,0.82,apta
1311023.jpg,train,Handrise-Read-write,98.73,68.94,807.55,0.99,apta
1311024.jpg,train,Handrise-Read-write,105.9,62.85,484.57,0.76,apta
1312003.jpg,train,Handrise-Read-write,103.34,57.69,51.77,0.31,no apta
1312020.jpg,train,Handrise-Read-write,117.65,54.95,110.11,0.4,apta
1312021.jpg,train,Handrise-Read-write,119.15,54.84,115.66,0.42,apta
1312022.jpg,train,Handrise-Read-write,121.95,61.06,168.44,0.45,apta
1312023.jpg,train,Handrise-Read-write,120.3,55.89,68.65,0.34,no apta
1312024.jpg,train,Handrise-Read-write,121.38,59.71,61.93,0.3,no apta
1312025.jpg,train,Handrise-Read-write,118.35,63.63,94.91,0.32,no apta
1312026.jpg,train,Handrise-Read-write,113.88,65.18,77.23,0.33,no apta
1312027.jpg,train,Handrise-Read-write,119.5,61.02,154.15,0.48,apta
1312028.jpg,train,Handrise-Read-write,113.92,66.33,72.88,0.34,no apta
1312029.jpg,train,Handrise-Read-write,111.62,59.82,33.83,0.24,no apta
1312031.jpg,train,Handrise-Read-write,116.38,65.35,61.94,0.3,no apta
1312032.jpg,train,Handrise-Read-write,119.73,60.85,91.44,0.37,no apta
1312034.jpg,train,Handrise-Read-write,115.71,66.21,33.89,0.25,no apta
1312035.jpg,train,Handrise-Read-write,119.85,59.89,148.65,0.45,apta
1312036.jpg,train,Handrise-Read-write,110.3,70.34,357.96,0.87,apta
1312037.jpg,train,Handrise-Read-write,106.05,55.01,92.52,0.45,no apta
1312038.jpg,train,Handrise-Read-write,107.65,70.74,266.28,0.69,apta
1312039.jpg,train,Handrise-Read-write,102.6,71.74,141.85,0.49,apta
1312040.jpg,train,Handrise-Read-write,103.66,68.37,221.26,0.62,apta
1312041.jpg,train,Handrise-Read-write,100.5,58.06,63.45,0.38,no apta
1312042.jpg,train,Handrise-Read-write,106.01,68.77,300.13,0.78,apta
1312043.jpg,train,Handrise-Read-write,109.01,67.53,339.65,0.81,apta
1313011.jpg,train,Handrise-Read-write,142.39,69.66,2981.69,1.47,apta
1313012.jpg,train,Handrise-Read-write,142.05,68.93,2940.11,1.47,apta
1313013.jpg,train,Handrise-Read-write,142.67,71.63,1747.08,1.08,apta
1313014.jpg,train,Handrise-Read-write,135.77,76.3,1220.5,0.92,apta
1313015.jpg,train,Handrise-Read-write,141.32,69.56,1653.2,1.04,apta
1313016.jpg,train,Handrise-Read-write,155.91,75.32,1241.13,1.12,apta
1313018.jpg,train,Handrise-Read-write,132.09,75.05,859.37,0.99,apta
1313019.jpg,train,Handrise-Read-write,141.58,76.42,1393.44,0.97,apta
1313020.jpg,train,Handrise-Read-write,151.54,93.95,2109.88,1.55,apta
1313021.jpg,train,Handrise-Read-write,148.75,93.07,1068.99,0.96,apta
1313022.jpg,train,Handrise-Read-write,110.32,82.75,939.76,1.12,apta
1313023.jpg,train,Handrise-Read-write,106.7,82.55,1139.56,1.46,apta
1313024.jpg,train,Handrise-Read-write,140.05,83.89,1126.56,1.42,apta
1313025.jpg,train,Handrise-Read-write,113.78,82.95,1153.36,1.5,apta
1313026.jpg,train,Handrise-Read-write,148.6,94.83,1731.76,1.51,apta
1313027.jpg,train,Handrise-Read-write,148.82,94.27,2067.35,1.59,apta
1313028.jpg,train,Handrise-Read-write,149.63,93.97,1655.41,1.56,apta
1313029.jpg,train,Handrise-Read-write,149.93,92.45,1158.48,1.21,apta
1313030.jpg,train,Handrise-Read-write,99.72,57.96,460.02,0.95,apta
1313031.jpg,train,Handrise-Read-write,126.05,62.19,1053.48,1.23,apta
1313032.jpg,train,Handrise-Read-write,100.86,65.41,911.09,1.43,apta
1313033.jpg,train,Handrise-Read-write,107.45,59.45,765.0,1.13,apta
1313034.jpg,train,Handrise-Read-write,128.97,53.76,949.03,1.32,apta
1313035.jpg,train,Handrise-Read-write,116.36,62.72,843.33,1.02,apta
1313036.jpg,train,Handrise-Read-write,132.3,56.6,1149.01,1.35,apta
1313037.jpg,train,Handrise-Read-write,127.86,53.85,495.76,1.29,apta
1313038.jpg,train,Handrise-Read-write,126.21,52.7,762.97,1.21,apta
1313039.jpg,train,Handrise-Read-write,101.72,56.18,717.83,1.08,apta
1313040.jpg,train,Handrise-Read-write,120.57,73.92,3128.32,1.88,apta
1313041.jpg,train,Handrise-Read-write,135.6,67.46,3550.07,2.51,apta
1313042.jpg,train,Handrise-Read-write,118.17,73.43,3459.34,1.99,apta
1313043.jpg,train,Handrise-Read-write,109.81,68.66,2248.41,1.54,apta
1313045.jpg,train,Handrise-Read-write,129.98,74.66,3291.58,2.56,apta
1313047.jpg,train,Handrise-Read-write,97.78,67.44,1858.85,1.13,apta
1313048.jpg,train,Handrise-Read-write,98.23,73.74,576.96,0.73,apta
1313050.jpg,train,Handrise-Read-write,96.23,70.22,437.4,0.57,apta
1314001.jpg,train,Handrise-Read-write,105.15,67.31,1632.87,1.55,apta
1314002.jpg,train,Handrise-Read-write,98.94,59.04,1462.35,1.65,apta
1314003.jpg,train,Handrise-Read-write,115.45,71.71,885.65,1.25,apta
1314004.jpg,train,Handrise-Read-write,95.21,79.49,285.75,0.54,apta
1314005.jpg,train,Handrise-Read-write,102.9,62.77,991.24,1.21,apta
1314006.jpg,train,Handrise-Read-write,99.14,78.21,488.43,0.72,apta
1314007.jpg,train,Handrise-Read-write,105.91,61.99,574.78,1.01,apta
1314008.jpg,train,Handrise-Read-write,99.86,78.7,829.9,0.7,apta
1314009.jpg,train,Handrise-Read-write,107.97,64.51,649.39,0.99,apta
1314010.jpg,train,Handrise-Read-write,105.75,80.42,759.79,0.97,apta
1314011.jpg,train,Handrise-Read-write,108.82,75.55,837.59,1.17,apta
1314012.jpg,train,Handrise-Read-write,101.82,71.72,999.14,1.36,apta
1314013.jpg,train,Handrise-Read-write,101.68,69.45,763.82,1.23,apta
1314014.jpg,train,Handrise-Read-write,99.18,70.14,1232.46,2.05,apta
1314015.jpg,train,Handrise-Read-write,99.31,71.46,1337.87,2.04,apta
1314016.jpg,train,Handrise-Read-write,108.48,68.32,501.64,0.74,apta
1314017.jpg,train,Handrise-Read-write,118.91,54.42,222.63,0.51,apta
1314019.jpg,train,Handrise-Read-write,107.31,64.81,505.07,1.05,apta
1314020.jpg,train,Handrise-Read-write,105.77,65.04,561.7,1.06,apta
1314021.jpg,train,Handrise-Read-write,105.05,65.23,625.73,1.08,apta
1314022.jpg,train,Handrise-Read-write,102.49,65.88,652.77,1.03,apta
1314023.jpg,train,Handrise-Read-write,107.66,65.55,529.71,1.1,apta
1314024.jpg,train,Handrise-Read-write,72.87,51.2,1074.4,1.77,apta
1314025.jpg,train,Handrise-Read-write,118.95,70.92,1006.9,1.82,apta
1314026.jpg,train,Handrise-Read-write,70.82,73.2,107.84,0.4,apta
1314027.jpg,train,Handrise-Read-write,62.15,71.64,113.23,0.41,apta
1314028.jpg,train,Handrise-Read-write,69.65,70.87,140.18,0.5,apta
1314029.jpg,train,Handrise-Read-write,67.66,70.63,132.41,0.45,apta
1314031.jpg,train,Handrise-Read-write,57.59,65.02,76.27,0.38,no apta
1314032.jpg,train,Handrise-Read-write,59.37,69.46,99.09,0.38,no apta
1314033.jpg,train,Handrise-Read-write,58.74,69.06,148.54,0.41,no apta
1314034.jpg,train,Handrise-Read-write,59.7,66.56,104.43,0.42,no apta
1314035.jpg,train,Handrise-Read-write,81.63,52.44,569.66,1.08,apta
1314036.jpg,train,Handrise-Read-write,106.96,68.22,398.31,0.54,apta
1314038.jpg,train,Handrise-Read-write,116.18,54.33,337.61,0.71,apta
1314039.jpg,train,Handrise-Read-write,115.98,52.06,195.21,0.56,apta
1314040.jpg,train,Handrise-Read-write,114.22,54.42,255.89,0.68,apta
1314041.jpg,train,Handrise-Read-write,107.66,51.93,142.26,0.47,apta
1314042.jpg,train,Handrise-Read-write,110.85,54.7,203.53,0.64,apta
1314043.jpg,train,Handrise-Read-write,108.95,56.2,160.95,0.61,apta
1314044.jpg,train,Handrise-Read-write,111.97,60.89,230.3,0.52,apta
1314046.jpg,train,Handrise-Read-write,116.01,64.32,189.18,0.47,apta
1314047.jpg,train,Handrise-Read-write,109.96,47.57,159.2,0.48,apta
1314048.jpg,train,Handrise-Read-write,118.56,60.62,150.99,0.52,apta
1314049.jpg,train,Handrise-Read-write,118.96,57.47,215.39,0.58,apta
1314050.jpg,train,Handrise-Read-write,113.29,58.59,237.99,0.54,apta
1314051.jpg,train,Handrise-Read-write,115.75,61.82,161.68,0.51,apta
1314052.jpg,train,Handrise-Read-write,116.95,56.67,118.5,0.43,apta
1314053.jpg,train,Handrise-Read-write,114.0,56.5,290.67,0.68,apta
1314054.jpg,train,Handrise-Read-write,107.33,57.68,158.24,0.47,apta
1314055.jpg,train,Handrise-Read-write,109.97,58.46,226.23,0.54,apta
1314056.jpg,train,Handrise-Read-write,109.4,62.88,239.49,0.57,apta
1314057.jpg,train,Handrise-Read-write,108.42,58.0,210.72,0.56,apta
1315002.jpg,train,Handrise-Read-write,100.06,56.55,32.98,0.41,no apta
1315003.jpg,train,Handrise-Read-write,123.07,62.78,120.63,0.59,apta
1315004.jpg,train,Handrise-Read-write,93.42,59.4,35.13,0.39,no apta
1315017.jpg,train,Handrise-Read-write,96.57,59.93,474.31,0.98,apta
1315019.jpg,train,Handrise-Read-write,91.84,80.82,787.01,1.28,apta
1315020.jpg,train,Handrise-Read-write,133.84,79.54,404.41,0.94,apta
1315031.jpg,train,Handrise-Read-write,107.57,56.53,2320.27,3.5,apta
1315037.jpg,train,Handrise-Read-write,101.42,58.55,97.94,0.38,no apta
1315038.jpg,train,Handrise-Read-write,79.04,62.18,96.52,0.42,no apta
1315039.jpg,train,Handrise-Read-write,70.0,62.94,1447.15,2.51,apta
1315040.jpg,train,Handrise-Read-write,64.06,59.16,159.01,0.59,apta
1315041.jpg,train,Handrise-Read-write,87.52,64.24,1655.21,2.8,apta
1315042.jpg,train,Handrise-Read-write,79.37,70.99,458.54,1.03,apta
1315052.jpg,train,Handrise-Read-write,86.45,49.09,174.85,0.57,apta
1315054.jpg,train,Handrise-Read-write,92.08,48.39,150.17,0.53,apta
13160006.jpg,train,Handrise-Read-write,119.16,43.2,289.53,0.67,apta
13160008.jpg,train,Handrise-Read-write,109.66,62.61,1085.67,1.51,apta
13160009.jpg,train,Handrise-Read-write,96.38,64.88,797.71,0.76,apta
13160010.jpg,train,Handrise-Read-write,107.17,66.52,676.2,1.1,apta
13160011.jpg,train,Handrise-Read-write,114.62,66.3,710.14,1.14,apta
13160012.jpg,train,Handrise-Read-write,117.05,61.68,549.02,0.97,apta
13160013.jpg,train,Handrise-Read-write,99.46,70.64,468.4,0.73,apta
13160014.jpg,train,Handrise-Read-write,98.74,70.46,510.85,0.82,apta
13160015.jpg,train,Handrise-Read-write,75.93,64.15,742.59,1.03,apta
13160016.jpg,train,Handrise-Read-write,86.78,68.08,638.71,0.98,apta
13160017.jpg,train,Handrise-Read-write,94.42,66.36,722.97,0.94,apta
13160018.jpg,train,Handrise-Read-write,82.38,64.0,244.99,0.54,apta
13160019.jpg,train,Handrise-Read-write,77.15,62.65,616.25,0.93,apta
13160020.jpg,train,Handrise-Read-write,111.33,66.2,327.96,0.66,apta
13160021.jpg,train,Handrise-Read-write,123.1,68.67,468.43,0.77,apta
13160022.jpg,train,Handrise-Read-write,102.97,55.63,368.69,0.75,apta
13160023.jpg,train,Handrise-Read-write,109.88,57.45,316.1,0.68,apta
13160024.jpg,train,Handrise-Read-write,105.1,60.2,469.86,0.76,apta
13160025.jpg,train,Handrise-Read-write,101.7,55.91,283.53,0.6,apta
13160026.jpg,train,Handrise-Read-write,101.08,66.28,663.05,1.24,apta
13160027.jpg,train,Handrise-Read-write,133.42,73.37,679.93,0.98,apta
13160028.jpg,train,Handrise-Read-write,72.24,46.01,326.65,0.92,apta
13160029.jpg,train,Handrise-Read-write,71.86,48.16,891.86,2.01,apta
13160030.jpg,train,Handrise-Read-write,135.87,77.8,768.32,1.05,apta
13160031.jpg,train,Handrise-Read-write,143.0,75.24,445.09,0.75,apta
13160032.jpg,train,Handrise-Read-write,78.25,41.05,98.73,0.35,no apta
13160034.jpg,train,Handrise-Read-write,83.5,60.53,1918.26,1.21,apta
13160035.jpg,train,Handrise-Read-write,83.05,58.53,1827.36,1.2,apta
13160036.jpg,train,Handrise-Read-write,84.85,59.19,1808.63,1.14,apta
13160037.jpg,train,Handrise-Read-write,84.59,57.81,1935.86,1.2,apta
13160038.jpg,train,Handrise-Read-write,132.56,72.81,601.76,0.92,apta
13160039.jpg,train,Handrise-Read-write,101.31,65.72,498.64,0.96,apta
13160040.jpg,train,Handrise-Read-write,135.95,71.24,477.11,0.75,apta
13160041.jpg,train,Handrise-Read-write,139.07,69.44,748.06,0.98,apta
13160042.jpg,train,Handrise-Read-write,119.62,73.41,357.37,0.49,apta
13160043.jpg,train,Handrise-Read-write,123.54,66.64,361.12,0.7,apta
13160044.jpg,train,Handrise-Read-write,125.62,69.86,294.54,0.44,apta
13160045.jpg,train,Handrise-Read-write,149.5,66.94,46.41,0.24,no apta
13160046.jpg,train,Handrise-Read-write,104.13,69.06,612.3,1.08,apta
13160047.jpg,train,Handrise-Read-write,130.54,78.67,503.12,0.68,apta
13160048.jpg,train,Handrise-Read-write,118.57,81.87,1182.81,1.12,apta
13160050.jpg,train,Handrise-Read-write,98.47,64.18,676.81,1.31,apta
1317001.jpg,train,Handrise-Read-write,87.15,67.03,928.8,1.09,apta
1317002.jpg,train,Handrise-Read-write,84.22,65.15,665.54,1.03,apta
1317003.jpg,train,Handrise-Read-write,108.77,79.66,1997.95,1.97,apta
1317005.jpg,train,Handrise-Read-write,117.71,94.16,1383.74,1.59,apta
1317006.jpg,train,Handrise-Read-write,103.34,86.22,1015.29,1.4,apta
1317007.jpg,train,Handrise-Read-write,75.7,56.58,203.78,0.52,apta
1317008.jpg,train,Handrise-Read-write,74.76,62.86,590.59,0.81,apta
1317009.jpg,train,Handrise-Read-write,72.86,74.56,392.07,0.73,apta
1317010.jpg,train,Handrise-Read-write,104.76,64.78,205.95,0.47,apta
1317011.jpg,train,Handrise-Read-write,102.17,67.5,245.58,0.51,apta
1317015.jpg,train,Handrise-Read-write,87.85,64.55,1417.36,1.2,apta
1317024.jpg,train,Handrise-Read-write,108.67,73.35,484.78,0.72,apta
1317025.jpg,train,Handrise-Read-write,111.12,78.21,377.23,0.61,apta
1317026.jpg,train,Handrise-Read-write,85.12,65.45,358.93,0.77,apta
1317027.jpg,train,Handrise-Read-write,84.61,64.75,577.02,0.76,apta
1317028.jpg,train,Handrise-Read-write,93.12,61.64,352.94,0.73,apta
1317029.jpg,train,Handrise-Read-write,67.36,69.58,324.74,0.72,apta
1317031.jpg,train,Handrise-Read-write,113.86,58.84,797.15,1.64,apta
1317034.jpg,train,Handrise-Read-write,94.7,67.02,1511.64,1.47,apta
1317036.jpg,train,Handrise-Read-write,88.13,69.95,931.43,1.06,apta
1317044.jpg,train,Handrise-Read-write,97.48,72.41,1092.07,1.13,apta
1317045.jpg,train,Handrise-Read-write,94.47,66.18,967.26,1.06,apta
1317046.jpg,train,Handrise-Read-write,94.11,68.36,1456.74,1.48,apta
1318001.jpg,train,Handrise-Read-write,92.77,55.0,316.41,0.75,apta
1318002.jpg,train,Handrise-Read-write,103.63,67.27,453.6,0.66,apta
1318003.jpg,train,Handrise-Read-write,98.01,67.02,267.95,0.57,apta
1318004.jpg,train,Handrise-Read-write,115.35,62.26,381.72,0.7,apta
1318005.jpg,train,Handrise-Read-write,117.64,59.13,438.14,0.72,apta
1318006.jpg,train,Handrise-Read-write,107.66,64.76,469.09,0.77,apta
1318007.jpg,train,Handrise-Read-write,118.28,59.4,358.69,0.7,apta
1318008.jpg,train,Handrise-Read-write,109.24,63.41,249.27,0.47,apta
1318012.jpg,train,Handrise-Read-write,53.88,48.43,615.67,0.73,no apta
1318013.jpg,train,Handrise-Read-write,54.49,47.04,721.61,0.8,no apta
1318016.jpg,train,Handrise-Read-write,77.3,86.14,1080.49,1.05,apta
1318017.jpg,train,Handrise-Read-write,89.1,80.76,1230.62,1.1,apta
1318018.jpg,train,Handrise-Read-write,87.59,67.22,530.39,0.55,apta
1318019.jpg,train,Handrise-Read-write,113.15,70.82,593.72,0.79,apta
1318020.jpg,train,Handrise-Read-write,93.26,50.85,579.36,0.98,apta
1318021.jpg,train,Handrise-Read-write,93.42,73.43,483.66,0.6,apta
1318022.jpg,train,Handrise-Read-write,92.91,73.48,420.03,0.6,apta
1318023.jpg,train,Handrise-Read-write,82.75,73.36,365.52,0.51,apta
1318025.jpg,train,Handrise-Read-write,113.2,71.25,840.18,1.16,apta
1318026.jpg,train,Handrise-Read-write,58.97,42.12,220.15,0.48,no apta
1318027.jpg,train,Handrise-Read-write,53.42,39.69,322.01,0.64,no apta
1319001.jpg,train,Handrise-Read-write,117.88,60.91,312.83,0.87,apta
1319002.jpg,train,Handrise-Read-write,140.42,72.5,343.81,0.73,apta
1319003.jpg,train,Handrise-Read-write,148.62,65.54,614.79,0.79,apta
1319004.jpg,train,Handrise-Read-write,151.14,69.56,308.63,0.64,apta
1319005.jpg,train,Handrise-Read-write,98.82,60.07,219.51,0.71,apta
1319006.jpg,train,Handrise-Read-write,90.16,65.9,1374.85,1.46,apta
1319007.jpg,train,Handrise-Read-write,91.56,68.34,935.58,1.1,apta
1319008.jpg,train,Handrise-Read-write,92.95,68.27,1085.23,0.91,apta
1319009.jpg,train,Handrise-Read-write,85.06,67.64,1827.94,1.84,apta
1319010.jpg,train,Handrise-Read-write,88.31,66.81,1649.94,1.7,apta
1319011.jpg,train,Handrise-Read-write,93.36,78.82,680.49,0.55,apta
1319012.jpg,train,Handrise-Read-write,94.62,74.85,400.53,0.49,apta
1319013.jpg,train,Handrise-Read-write,107.63,69.29,582.25,0.68,apta
1319015.jpg,train,Handrise-Read-write,104.72,66.48,632.13,0.68,apta
1319019.jpg,train,Handrise-Read-write,131.37,77.12,2645.77,2.81,apta
1319020.jpg,train,Handrise-Read-write,135.38,77.47,2423.15,2.79,apta
1319021.jpg,train,Handrise-Read-write,160.11,63.54,1473.44,2.57,apta
1319022.jpg,train,Handrise-Read-write,159.83,64.16,1954.02,2.69,apta
1319023.jpg,train,Handrise-Read-write,93.67,55.48,290.87,0.59,apta
1319024.jpg,train,Handrise-Read-write,82.4,60.92,361.77,0.71,apta
1319025.jpg,train,Handrise-Read-write,89.28,57.15,330.52,0.58,apta
1319026.jpg,train,Handrise-Read-write,110.26,77.97,1138.87,0.92,apta
1319027.jpg,train,Handrise-Read-write,110.41,77.18,1126.07,0.91,apta
1319028.jpg,train,Handrise-Read-write,109.97,66.95,109.15,0.44,apta
1319029.jpg,train,Handrise-Read-write,82.44,65.53,152.42,0.43,apta
1319030.jpg,train,Handrise-Read-write,115.92,78.4,1423.4,1.15,apta
1319031.jpg,train,Handrise-Read-write,86.64,71.09,152.64,0.41,apta
1319032.jpg,train,Handrise-Read-write,83.92,77.43,586.6,0.93,apta
1319033.jpg,train,Handrise-Read-write,122.74,73.17,147.65,0.5,apta
1319034.jpg,train,Handrise-Read-write,101.35,60.63,181.13,0.57,apta
1319035.jpg,train,Handrise-Read-write,74.14,62.9,138.84,0.4,apta
1319036.jpg,train,Handrise-Read-write,138.34,57.56,109.23,0.48,apta
1319037.jpg,train,Handrise-Read-write,134.3,60.16,176.03,0.47,apta
131_000033.jpg,train,Handrise-Read-write,90.49,65.59,1226.07,1.48,apta
131_000044.jpg,train,Handrise-Read-write,90.63,64.55,878.05,1.03,apta
131_000078.jpg,train,Handrise-Read-write,90.09,64.56,1258.43,1.57,apta
131_000177.jpg,train,Handrise-Read-write,113.23,65.54,1220.43,1.56,apta
131_000259.jpg,train,Handrise-Read-write+BowTurnHead,90.04,64.49,1379.39,1.8,apta
131_000364.jpg,train,Handrise-Read-write+BowTurnHead,89.73,64.41,1366.63,1.78,apta
131_000603.jpg,train,Handrise-Read-write,89.34,64.12,1312.9,1.68,apta
131_000679.jpg,train,Handrise-Read-write,108.33,68.26,1281.08,1.73,apta
131_000823.jpg,train,Handrise-Read-write,87.82,64.17,1354.6,1.76,apta
131_001153.jpg,train,Handrise-Read-write,111.42,65.64,1307.9,1.9,apta
131_001224.jpg,train,Handrise-Read-write,116.3,64.81,1273.61,1.81,apta
131_001520.jpg,train,Handrise-Read-write+BowTurnHead,89.13,64.37,1347.0,1.74,apta
131_001904.jpg,train,Handrise-Read-write,87.52,63.13,1229.02,1.53,apta
131_001908.jpg,train,Handrise-Read-write,111.19,67.85,1118.5,1.62,apta
131_001920.jpg,train,Handrise-Read-write,115.24,63.52,1188.08,1.75,apta
131_001999.jpg,train,Handrise-Read-write+BowTurnHead,85.89,63.85,1349.56,1.72,apta
131_002001.jpg,train,Handrise-Read-write+BowTurnHead,86.04,63.94,1346.89,1.73,apta
131_002259.jpg,train,Handrise-Read-write+BowTurnHead,86.06,63.31,1311.2,1.63,apta
131_002263.jpg,train,Handrise-Read-write,109.59,77.61,387.82,0.42,apta
131_002270.jpg,train,Handrise-Read-write+BowTurnHead,87.0,63.91,1417.1,1.81,apta
131_002350.jpg,train,Handrise-Read-write+BowTurnHead,91.98,64.09,1338.23,1.8,apta
1320014.jpg,train,Handrise-Read-write,139.38,77.03,1807.55,1.49,apta
1320015.jpg,train,Handrise-Read-write,148.39,79.97,1749.53,1.51,apta
1320016.jpg,train,Handrise-Read-write,150.06,77.73,1804.82,1.52,apta
1320017.jpg,train,Handrise-Read-write,143.38,81.99,1761.87,1.38,apta
1320018.jpg,train,Handrise-Read-write,145.89,76.63,1604.63,1.28,apta
1320019.jpg,train,Handrise-Read-write,142.98,80.0,1259.22,1.29,apta
1320020.jpg,train,Handrise-Read-write,141.07,77.92,1540.11,1.45,apta
1320021.jpg,train,Handrise-Read-write,145.23,76.63,1880.96,1.38,apta
1320022.jpg,train,Handrise-Read-write,132.08,77.59,1583.59,1.3,apta
1320023.jpg,train,Handrise-Read-write,133.43,77.73,1223.28,1.2,apta
1320024.jpg,train,Handrise-Read-write,135.23,76.18,986.08,1.2,apta
1320025.jpg,train,Handrise-Read-write,145.45,78.8,968.12,0.86,apta
1320026.jpg,train,Handrise-Read-write,130.38,75.47,870.08,1.06,apta
1320027.jpg,train,Handrise-Read-write,144.14,75.1,1664.45,1.39,apta
1320028.jpg,train,Handrise-Read-write,149.79,74.52,1440.66,1.31,apta
1320029.jpg,train,Handrise-Read-write,146.21,78.24,1666.03,1.2,apta
1320030.jpg,train,Handrise-Read-write,134.46,76.64,1674.0,1.27,apta
1320031.jpg,train,Handrise-Read-write,135.47,74.6,1220.01,1.24,apta
1320032.jpg,train,Handrise-Read-write,136.11,75.59,1246.88,1.21,apta
1320033.jpg,train,Handrise-Read-write,138.41,78.32,1262.3,1.22,apta
1320034.jpg,train,Handrise-Read-write,117.84,69.76,206.34,0.48,apta
1320037.jpg,train,Handrise-Read-write,99.79,72.86,242.73,0.44,apta
1320038.jpg,train,Handrise-Read-write,156.51,57.0,372.6,0.72,apta
1320039.jpg,train,Handrise-Read-write,154.6,57.57,553.23,0.78,apta
1320040.jpg,train,Handrise-Read-write,154.19,57.53,536.25,0.66,apta
1320041.jpg,train,Handrise-Read-write,156.4,58.53,437.98,0.63,apta
1320042.jpg,train,Handrise-Read-write,155.58,60.49,553.25,0.57,apta
1320044.jpg,train,Handrise-Read-write,173.79,61.18,232.14,0.45,apta
1320046.jpg,train,Handrise-Read-write,150.24,62.74,508.75,0.63,apta
1320047.jpg,train,Handrise-Read-write,132.34,64.37,273.7,0.54,apta
1320048.jpg,train,Handrise-Read-write,133.4,88.1,704.54,0.44,apta
1320058.jpg,train,Handrise-Read-write,133.52,78.03,987.44,0.89,apta
1320059.jpg,train,Handrise-Read-write,138.19,79.17,807.59,0.63,apta
1320060.jpg,train,Handrise-Read-write,143.19,81.88,940.99,0.82,apta
1320062.jpg,train,Handrise-Read-write,138.36,81.22,518.25,0.59,apta
13210001.jpg,val,Handrise-Read-write,128.8,66.27,236.12,0.76,apta
13210002.jpg,val,Handrise-Read-write,103.77,74.35,429.47,1.04,apta
13210003.jpg,val,Handrise-Read-write,97.69,79.58,368.0,0.95,apta
13210004.jpg,val,Handrise-Read-write,101.18,70.76,506.3,1.12,apta
13210005.jpg,val,Handrise-Read-write,98.31,76.19,479.69,1.11,apta
13210006.jpg,val,Handrise-Read-write,108.58,76.73,465.07,1.08,apta
13210007.jpg,val,Handrise-Read-write,98.05,77.65,617.15,1.2,apta
13210008.jpg,val,Handrise-Read-write,98.06,78.47,633.5,1.27,apta
13210009.jpg,val,Handrise-Read-write,93.24,75.57,573.77,1.22,apta
13210010.jpg,val,Handrise-Read-write,57.09,47.65,1538.44,1.78,no apta
13210012.jpg,val,Handrise-Read-write,53.8,50.01,2467.02,2.31,no apta
13210013.jpg,val,Handrise-Read-write,47.01,46.75,1646.97,1.93,no apta
13210015.jpg,val,Handrise-Read-write,54.69,44.55,606.57,0.8,no apta
13210017.jpg,val,Handrise-Read-write,97.21,40.33,1934.85,2.61,apta
13210018.jpg,val,Handrise-Read-write,75.71,67.2,1044.17,1.64,apta
13210019.jpg,val,Handrise-Read-write,75.05,67.18,1011.44,1.58,apta
13210020.jpg,val,Handrise-Read-write,68.65,67.26,1197.02,1.6,apta
13210021.jpg,val,Handrise-Read-write,69.79,68.08,1184.12,1.66,apta
13210022.jpg,val,Handrise-Read-write,59.25,62.86,1086.95,1.61,no apta
13210023.jpg,val,Handrise-Read-write,73.24,63.69,1100.03,1.53,apta
13210024.jpg,val,Handrise-Read-write,65.7,64.15,1251.47,1.68,apta
13210027.jpg,val,Handrise-Read-write,81.96,83.39,1825.6,1.5,apta
13210029.jpg,val,Handrise-Read-write,84.68,77.84,402.68,0.75,apta
13210030.jpg,val,Handrise-Read-write,67.05,64.72,713.44,0.95,apta
13210031.jpg,val,Handrise-Read-write,68.51,75.08,606.17,0.89,apta
13210032.jpg,val,Handrise-Read-write,65.49,72.25,625.16,0.85,apta
13210033.jpg,val,Handrise-Read-write,118.74,62.05,790.24,1.56,apta
13210034.jpg,val,Handrise-Read-write,82.7,84.81,1242.55,1.71,apta
13210035.jpg,val,Handrise-Read-write,88.43,79.17,2162.89,1.65,apta
13210036.jpg,val,Handrise-Read-write,80.28,76.01,1663.16,1.44,apta
13210037.jpg,val,Handrise-Read-write,82.47,76.14,1630.07,1.45,apta
13210038.jpg,val,Handrise-Read-write,82.86,81.65,1703.11,1.6,apta
13210039.jpg,val,Handrise-Read-write,104.52,78.41,1331.61,1.23,apta
13210040.jpg,val,Handrise-Read-write,83.35,74.35,1659.54,1.42,apta
13210041.jpg,val,Handrise-Read-write,86.31,81.41,2161.65,1.63,apta
13210042.jpg,val,Handrise-Read-write,102.19,77.03,2265.79,1.85,apta
13210043.jpg,val,Handrise-Read-write,96.84,78.38,2100.23,1.82,apta
13210044.jpg,val,Handrise-Read-write,83.91,83.13,1537.09,1.35,apta
13210046.jpg,val,Handrise-Read-write,83.34,79.91,2250.33,1.71,apta
13210049.jpg,val,Handrise-Read-write,86.46,70.12,407.73,0.71,apta
13210050.jpg,val,Handrise-Read-write,74.04,70.9,956.07,1.17,apta
13210051.jpg,val,Handrise-Read-write,88.84,72.08,1468.16,1.51,apta
13210052.jpg,val,Handrise-Read-write,94.42,72.33,1054.97,1.28,apta
13210053.jpg,val,Handrise-Read-write,93.89,75.24,1423.52,1.53,apta
13210054.jpg,val,Handrise-Read-write,80.48,75.95,449.9,0.5,apta
13210055.jpg,val,Handrise-Read-write,95.53,73.57,2095.72,2.02,apta
13210056.jpg,val,Handrise-Read-write,94.66,73.91,2055.23,1.94,apta
1322001.jpg,train,Handrise-Read-write,138.47,81.72,1393.41,1.27,apta
1322004.jpg,train,Handrise-Read-write,115.29,59.08,824.45,1.56,apta
1322005.jpg,train,Handrise-Read-write,119.49,58.36,529.7,1.2,apta
1322006.jpg,train,Handrise-Read-write,109.96,64.39,643.04,1.29,apta
1322007.jpg,train,Handrise-Read-write,102.61,63.8,618.12,1.25,apta
1322009.jpg,train,Handrise-Read-write,105.59,64.36,810.34,1.12,apta
1322010.jpg,train,Handrise-Read-write,110.91,66.37,1480.09,1.67,apta
1322011.jpg,train,Handrise-Read-write,110.35,64.79,1373.36,1.74,apta
1322012.jpg,train,Handrise-Read-write,111.87,51.96,545.57,1.43,apta
1322013.jpg,train,Handrise-Read-write,89.99,51.96,194.82,0.59,apta
1322014.jpg,train,Handrise-Read-write,110.32,47.69,378.52,1.1,apta
1322015.jpg,train,Handrise-Read-write,60.19,35.99,64.51,0.24,no apta
1322016.jpg,train,Handrise-Read-write,76.02,53.13,306.29,0.86,apta
1322018.jpg,train,Handrise-Read-write,102.92,58.64,1091.9,1.58,apta
1322019.jpg,train,Handrise-Read-write,98.84,59.49,1269.85,1.8,apta
1322020.jpg,train,Handrise-Read-write,96.36,58.36,1366.92,1.92,apta
1322021.jpg,train,Handrise-Read-write,94.9,58.89,1501.25,2.07,apta
1322022.jpg,train,Handrise-Read-write,97.08,61.27,1574.86,2.1,apta
1322024.jpg,train,Handrise-Read-write,112.05,74.06,948.18,1.23,apta
1322025.jpg,train,Handrise-Read-write,118.33,75.3,846.14,1.15,apta
1322026.jpg,train,Handrise-Read-write,121.52,74.73,748.69,1.02,apta
1322027.jpg,train,Handrise-Read-write,115.74,76.02,784.68,1.03,apta
1322028.jpg,train,Handrise-Read-write,109.78,74.15,610.94,0.92,apta
1322031.jpg,train,Handrise-Read-write,111.56,76.67,747.78,0.92,apta
1322033.jpg,train,Handrise-Read-write,154.38,73.03,544.83,1.02,apta
1322034.jpg,train,Handrise-Read-write,118.33,67.42,324.07,0.92,apta
1322039.jpg,train,Handrise-Read-write,67.16,71.56,234.89,0.61,apta
1322042.jpg,train,Handrise-Read-write,119.31,81.07,1440.76,1.2,apta
1322044.jpg,train,Handrise-Read-write,136.31,74.48,247.95,0.57,apta
1325001.jpg,val,Handrise-Read-write,91.68,48.45,904.68,1.04,apta
1325002.jpg,val,Handrise-Read-write,85.26,45.9,2537.57,3.15,apta
1325003.jpg,val,Handrise-Read-write,89.6,43.39,1123.3,1.77,apta
1325004.jpg,val,Handrise-Read-write,84.66,56.45,1098.69,1.13,apta
1325005.jpg,val,Handrise-Read-write,84.97,44.75,1494.93,2.33,apta
1325006.jpg,val,Handrise-Read-write,85.51,44.89,1586.95,2.46,apta
1325015.jpg,val,Handrise-Read-write,99.39,64.47,797.93,0.64,apta
1325017.jpg,val,Handrise-Read-write,100.73,69.57,1129.1,0.9,apta
1325020.jpg,val,Handrise-Read-write,109.95,62.23,890.71,1.07,apta
1325025.jpg,val,Handrise-Read-write,118.36,67.19,539.17,0.83,apta
1325030.jpg,val,Handrise-Read-write,95.32,67.05,844.3,1.0,apta
1325031.jpg,val,Handrise-Read-write,123.71,81.41,579.18,0.63,apta
1325032.jpg,val,Handrise-Read-write,116.13,76.37,625.16,0.73,apta
1325033.jpg,val,Handrise-Read-write,85.89,66.31,856.54,0.97,apta
1325034.jpg,val,Handrise-Read-write,100.87,61.88,206.56,0.5,apta
1325035.jpg,val,Handrise-Read-write,138.47,70.07,290.69,0.4,apta
1325036.jpg,val,Handrise-Read-write,123.42,71.12,344.85,0.72,apta
1325037.jpg,val,Handrise-Read-write,117.45,66.85,1254.39,1.24,apta
1325038.jpg,val,Handrise-Read-write,119.33,67.62,1211.55,1.25,apta
1325039.jpg,val,Handrise-Read-write,118.48,67.46,1163.62,1.16,apta
1325043.jpg,val,Handrise-Read-write,105.46,62.4,891.72,0.69,apta
1325044.jpg,val,Handrise-Read-write,127.51,63.47,891.09,1.09,apta
1325046.jpg,val,Handrise-Read-write,82.73,50.15,334.86,0.7,apta
1325047.jpg,val,Handrise-Read-write,85.21,50.01,300.97,0.63,apta
1325048.jpg,val,Handrise-Read-write,85.51,43.65,215.06,0.57,apta
1325049.jpg,val,Handrise-Read-write,82.45,46.3,564.69,0.58,apta
1325050.jpg,val,Handrise-Read-write,85.29,45.89,248.47,0.59,apta
1325051.jpg,val,Handrise-Read-write,76.9,54.81,431.86,0.5,apta
1325053.jpg,val,Handrise-Read-write,81.53,47.75,299.83,0.59,apta
1325054.jpg,val,Handrise-Read-write,113.97,66.75,862.1,1.12,apta
1329001.jpg,train,Handrise-Read-write,89.57,53.57,1022.8,1.59,apta
1329002.jpg,train,Handrise-Read-write,81.39,56.57,655.64,1.02,apta
1329003.jpg,train,Handrise-Read-write,89.23,66.58,659.96,1.27,apta
1329004.jpg,train,Handrise-Read-write,82.43,59.07,715.05,1.15,apta
1329005.jpg,train,Handrise-Read-write,104.55,55.0,1172.17,2.02,apta
1329006.jpg,train,Handrise-Read-write,126.92,46.04,155.54,0.33,apta
1329007.jpg,train,Handrise-Read-write,125.06,45.74,164.4,0.43,apta
1329008.jpg,train,Handrise-Read-write,120.44,41.28,170.81,0.3,apta
1329010.jpg,train,Handrise-Read-write,115.61,40.93,263.53,0.38,apta
1329011.jpg,train,Handrise-Read-write,129.12,59.16,207.15,0.52,apta
1329012.jpg,train,Handrise-Read-write,128.08,48.26,400.92,0.59,apta
1329013.jpg,train,Handrise-Read-write,136.39,66.84,300.24,0.69,apta
1329014.jpg,train,Handrise-Read-write,134.25,58.53,457.15,0.57,apta
1329015.jpg,train,Handrise-Read-write,136.17,65.61,411.49,0.69,apta
1329016.jpg,train,Handrise-Read-write,135.52,57.56,172.77,0.52,apta
1329017.jpg,train,Handrise-Read-write,134.03,67.72,398.3,0.62,apta
1329018.jpg,train,Handrise-Read-write,127.44,64.02,166.66,0.48,apta
1329019.jpg,train,Handrise-Read-write,127.34,60.36,273.99,0.7,apta
1329020.jpg,train,Handrise-Read-write,109.94,75.06,173.28,0.46,apta
1329021.jpg,train,Handrise-Read-write,124.36,70.1,383.14,0.53,apta
1329022.jpg,train,Handrise-Read-write,150.93,58.03,953.03,1.46,apta
1329024.jpg,train,Handrise-Read-write,109.04,70.11,149.69,0.46,apta
1329025.jpg,train,Handrise-Read-write,90.76,65.63,208.7,0.45,apta
1329042.jpg,train,Handrise-Read-write,82.77,52.34,93.34,0.39,no apta
1329048.jpg,train,Handrise-Read-write,129.27,58.22,1279.55,1.17,apta
1329050.jpg,train,Handrise-Read-write,122.4,73.16,1238.2,1.02,apta
1329051.jpg,train,Handrise-Read-write,151.95,68.31,985.94,0.91,apta
1329052.jpg,train,Handrise-Read-write,127.81,56.12,521.01,0.65,apta
132_000143.jpg,train,Handrise-Read-write,87.95,54.09,997.55,1.82,apta
132_000147.jpg,train,Handrise-Read-write,87.85,54.74,1084.46,1.99,apta
132_000151.jpg,train,BowTurnHead,93.32,62.76,1073.61,1.8,apta
132_000226.jpg,train,BowTurnHead,109.61,68.96,1934.67,3.12,apta
132_000228.jpg,train,BowTurnHead,111.48,68.53,1906.51,3.06,apta
132_000256.jpg,train,BowTurnHead,94.09,64.15,973.75,1.75,apta
132_000258.jpg,train,BowTurnHead,95.2,65.1,1209.84,2.04,apta
132_000260.jpg,train,BowTurnHead,99.02,66.58,1339.7,2.26,apta
132_000282.jpg,train,BowTurnHead,112.97,68.56,1441.66,2.44,apta
132_000570.jpg,train,BowTurnHead,104.72,71.21,2335.6,3.62,apta
132_000572.jpg,train,BowTurnHead,106.29,71.62,2378.79,3.66,apta
132_000574.jpg,train,BowTurnHead,106.34,71.85,2320.01,3.62,apta
132_000728.jpg,train,BowTurnHead,107.89,74.67,1145.75,1.77,apta
132_000736.jpg,train,Handrise-Read-write,102.25,71.14,1244.51,1.84,apta
132_001067.jpg,train,BowTurnHead,106.63,64.07,1496.23,2.72,apta
132_001287.jpg,train,Handrise-Read-write,99.84,55.71,721.29,1.47,apta
132_001555.jpg,train,Handrise-Read-write,99.08,64.56,2049.88,3.6,apta
132_001630.jpg,train,BowTurnHead,89.71,62.97,1738.22,2.75,apta
132_001634.jpg,train,BowTurnHead,96.13,68.03,2179.27,3.04,apta
132_001985.jpg,train,BowTurnHead,104.7,66.73,1529.62,2.55,apta
132_002208.jpg,train,BowTurnHead,118.04,60.15,1806.34,3.16,apta
132_002532.jpg,train,BowTurnHead,116.54,68.68,1682.17,3.02,apta
1330001.jpg,train,Handrise-Read-write,78.17,69.44,3031.85,1.32,apta
1330005.jpg,train,Handrise-Read-write,85.76,74.61,4702.72,1.72,apta
1330007.jpg,train,Handrise-Read-write,78.41,62.57,3098.71,1.33,apta
1330009.jpg,train,Handrise-Read-write,56.03,52.22,654.27,0.76,no apta
1330010.jpg,train,Handrise-Read-write,75.05,68.11,431.78,0.68,apta
1330011.jpg,train,Handrise-Read-write,71.36,66.46,416.3,0.71,apta
1330012.jpg,train,Handrise-Read-write,71.37,66.6,346.58,0.71,apta
1330013.jpg,train,Handrise-Read-write,69.55,66.6,391.12,0.69,apta
1330014.jpg,train,Handrise-Read-write,107.43,85.71,546.73,0.54,apta
1330015.jpg,train,Handrise-Read-write,109.67,81.06,441.78,0.64,apta
1330016.jpg,train,Handrise-Read-write,125.18,71.33,407.37,0.51,apta
1330024.jpg,train,Handrise-Read-write,125.33,72.18,3780.67,2.87,apta
1330025.jpg,train,Handrise-Read-write,136.74,65.21,1242.01,0.59,apta
1330026.jpg,train,Handrise-Read-write,125.78,71.34,3615.72,2.85,apta
1330027.jpg,train,Handrise-Read-write,131.93,72.43,3056.76,2.54,apta
1330028.jpg,train,Handrise-Read-write,128.45,72.33,3456.11,2.83,apta
1330030.jpg,train,Handrise-Read-write,104.62,72.68,350.31,0.69,apta
1330031.jpg,train,Handrise-Read-write,102.5,72.13,339.13,0.71,apta
1330032.jpg,train,Handrise-Read-write,98.25,72.69,343.32,0.67,apta
1330034.jpg,train,Handrise-Read-write,127.29,100.98,1669.04,1.21,apta
1330035.jpg,train,Handrise-Read-write,154.99,92.26,3199.8,1.91,apta
1330036.jpg,train,Handrise-Read-write,150.47,96.41,2114.0,1.31,apta
1330037.jpg,train,Handrise-Read-write,130.75,59.77,318.5,0.61,apta
1330038.jpg,train,Handrise-Read-write,136.5,61.55,283.01,0.58,apta
1330039.jpg,train,Handrise-Read-write,121.44,79.15,1095.6,0.86,apta
1330040.jpg,train,Handrise-Read-write,82.31,63.8,682.26,0.75,apta
1330041.jpg,train,Handrise-Read-write,116.07,71.3,2715.8,1.78,apta
1330042.jpg,train,Handrise-Read-write,108.8,69.33,707.88,0.84,apta
1330043.jpg,train,Handrise-Read-write,108.28,65.63,1090.71,0.86,apta
1330044.jpg,train,Handrise-Read-write,102.76,56.13,583.76,0.96,apta
1330045.jpg,train,Handrise-Read-write,110.59,60.53,797.44,1.67,apta
1330047.jpg,train,Handrise-Read-write,115.14,71.52,2559.62,1.33,apta
1330048.jpg,train,Handrise-Read-write,93.52,73.33,2692.01,2.33,apta
1330049.jpg,train,Handrise-Read-write,105.53,65.12,1719.2,1.18,apta
1330050.jpg,train,Handrise-Read-write,99.26,75.39,3205.2,2.31,apta
1331001.jpg,train,Handrise-Read-write,76.36,54.64,194.58,0.57,apta
1331002.jpg,train,Handrise-Read-write,81.34,53.88,236.06,0.6,apta
1331003.jpg,train,Handrise-Read-write,75.9,56.86,128.06,0.48,apta
1331004.jpg,train,Handrise-Read-write,89.44,63.38,688.28,0.81,apta
1331005.jpg,train,Handrise-Read-write,108.43,47.45,193.36,0.4,apta
1331006.jpg,train,Handrise-Read-write,109.26,61.42,344.34,0.55,apta
1331008.jpg,train,Handrise-Read-write,105.71,79.92,1062.05,1.13,apta
1331009.jpg,train,Handrise-Read-write,107.61,79.51,777.39,0.66,apta
1331010.jpg,train,Handrise-Read-write,104.83,79.62,1569.09,1.13,apta
1331011.jpg,train,Handrise-Read-write,109.91,70.04,792.73,1.18,apta
1331012.jpg,train,Handrise-Read-write,113.53,86.92,787.05,0.64,apta
1331013.jpg,train,Handrise-Read-write,105.67,61.33,639.04,0.99,apta
1331014.jpg,train,Handrise-Read-write,108.18,61.02,1008.67,1.12,apta
1331015.jpg,train,Handrise-Read-write,107.62,62.49,910.94,1.2,apta
1331016.jpg,train,Handrise-Read-write,97.17,49.01,66.65,0.29,no apta
1331017.jpg,train,Handrise-Read-write,129.65,69.92,188.6,0.57,apta
1331018.jpg,train,Handrise-Read-write,123.2,85.78,4151.44,2.68,apta
1331019.jpg,train,Handrise-Read-write,111.33,74.03,2927.33,2.22,apta
1331022.jpg,train,Handrise-Read-write,95.3,74.84,693.34,0.88,apta
1331023.jpg,train,Handrise-Read-write,111.71,71.03,1388.48,1.25,apta
1331024.jpg,train,Handrise-Read-write,93.52,66.24,1392.33,0.97,apta
1331025.jpg,train,Handrise-Read-write,112.37,63.92,1065.5,1.07,apta
1331026.jpg,train,Handrise-Read-write,130.67,64.71,772.62,0.49,apta
1331027.jpg,train,Handrise-Read-write,133.93,71.16,246.98,0.43,apta
1331028.jpg,train,Handrise-Read-write,134.31,59.6,274.51,0.53,apta
1331029.jpg,train,Handrise-Read-write,103.06,75.19,1136.81,1.05,apta
1331032.jpg,train,Handrise-Read-write,94.69,62.74,888.15,1.25,apta
1331033.jpg,train,Handrise-Read-write,99.75,64.98,1018.93,1.31,apta
1331034.jpg,train,Handrise-Read-write,98.23,60.27,2090.66,2.98,apta
1331035.jpg,train,Handrise-Read-write,98.37,64.82,372.3,0.42,apta
1331036.jpg,train,Handrise-Read-write,104.07,78.43,273.73,0.5,apta
1331037.jpg,train,Handrise-Read-write,104.5,73.35,883.44,1.01,apta
1331038.jpg,train,Handrise-Read-write,93.36,70.37,522.9,0.64,apta
1331041.jpg,train,Handrise-Read-write,147.33,72.56,1594.39,0.83,apta
1331042.jpg,train,Handrise-Read-write,90.82,61.01,790.82,1.13,apta
1331043.jpg,train,Handrise-Read-write,84.26,60.78,723.63,1.37,apta
1331044.jpg,train,Handrise-Read-write,84.17,62.2,770.51,1.35,apta
1331045.jpg,train,Handrise-Read-write,85.62,61.62,881.5,1.31,apta
1331046.jpg,train,Handrise-Read-write,83.46,72.75,227.18,0.56,apta
1331047.jpg,train,Handrise-Read-write,81.87,65.18,284.86,0.76,apta
1331048.jpg,train,Handrise-Read-write,77.36,59.78,299.56,0.79,apta
1332001.jpg,train,Handrise-Read-write,134.71,68.32,4224.24,3.43,apta
1332002.jpg,train,Handrise-Read-write,125.6,73.52,2273.58,1.96,apta
1332003.jpg,train,Handrise-Read-write,116.8,78.18,2845.59,1.99,apta
1332004.jpg,train,Handrise-Read-write,72.18,77.15,1434.96,1.43,apta
1332005.jpg,train,Handrise-Read-write,70.62,75.49,1217.47,1.15,apta
1332006.jpg,train,Handrise-Read-write,69.68,75.17,1102.14,1.18,apta
1332007.jpg,train,Handrise-Read-write,74.24,79.2,1306.76,1.25,apta
1332008.jpg,train,Handrise-Read-write,73.74,78.27,1286.92,1.18,apta
1332009.jpg,train,Handrise-Read-write,70.0,73.97,1138.72,1.11,apta
1332010.jpg,train,Handrise-Read-write,65.02,69.76,863.86,0.91,apta
1332011.jpg,train,Handrise-Read-write,74.61,79.02,1397.68,1.31,apta
1332012.jpg,train,Handrise-Read-write,73.38,75.09,1076.49,0.83,apta
1332013.jpg,train,Handrise-Read-write,76.0,79.63,1664.78,1.45,apta
1332014.jpg,train,Handrise-Read-write,73.3,73.75,1351.33,1.43,apta
1332015.jpg,train,Handrise-Read-write,75.58,72.45,1575.47,1.59,apta
1332016.jpg,train,Handrise-Read-write,81.86,72.94,2882.34,2.52,apta
1332017.jpg,train,Handrise-Read-write,86.25,74.46,2000.7,1.92,apta
1332018.jpg,train,Handrise-Read-write,91.23,74.43,1495.41,1.56,apta
1332019.jpg,train,Handrise-Read-write,90.27,72.99,1660.28,1.73,apta
1332020.jpg,train,Handrise-Read-write,93.04,74.34,2158.65,2.01,apta
1332021.jpg,train,Handrise-Read-write,91.4,73.14,2288.69,2.11,apta
1332022.jpg,train,Handrise-Read-write,97.72,72.01,882.26,0.99,apta
1332023.jpg,train,Handrise-Read-write,89.82,70.13,2357.03,1.99,apta
1332024.jpg,train,Handrise-Read-write,90.24,77.91,1597.67,1.72,apta
1332025.jpg,train,Handrise-Read-write,79.6,76.29,1699.27,2.11,apta
1332026.jpg,train,Handrise-Read-write,79.52,75.8,1774.31,2.12,apta
1332027.jpg,train,Handrise-Read-write,82.91,78.38,1031.25,1.45,apta
1332028.jpg,train,Handrise-Read-write,77.35,73.05,1651.17,2.12,apta
1332029.jpg,train,Handrise-Read-write,77.21,72.29,1578.59,1.99,apta
1332030.jpg,train,Handrise-Read-write,76.83,71.69,1644.05,2.1,apta
1332031.jpg,train,Handrise-Read-write,98.58,89.53,292.14,0.61,apta
1332032.jpg,train,Handrise-Read-write,90.94,83.51,410.89,0.92,apta
1332033.jpg,train,Handrise-Read-write,90.71,90.97,191.21,0.31,apta
1332034.jpg,train,Handrise-Read-write,99.06,90.31,340.24,0.68,apta
1332035.jpg,train,Handrise-Read-write,101.81,93.72,318.0,0.61,apta
1332036.jpg,train,Handrise-Read-write,78.0,74.11,338.21,0.84,apta
1332037.jpg,train,Handrise-Read-write,103.05,93.62,329.23,0.61,apta
1332038.jpg,train,Handrise-Read-write,101.51,93.64,269.32,0.56,apta
1332039.jpg,train,Handrise-Read-write,81.11,74.96,361.37,0.89,apta
1332040.jpg,train,Handrise-Read-write,87.31,89.31,205.01,0.25,apta
1332041.jpg,train,Handrise-Read-write,81.31,79.46,1624.82,1.41,apta
1332042.jpg,train,Handrise-Read-write,80.11,79.62,1733.6,1.49,apta
1332043.jpg,train,Handrise-Read-write,81.19,80.76,1346.8,1.19,apta
1332044.jpg,train,Handrise-Read-write,81.99,63.41,456.93,0.73,apta
1332045.jpg,train,Handrise-Read-write,83.44,60.95,320.01,0.6,apta
1332046.jpg,train,Handrise-Read-write,78.62,65.42,402.16,0.61,apta
1332047.jpg,train,Handrise-Read-write,73.96,61.01,500.72,0.78,apta
1332048.jpg,train,Handrise-Read-write,86.02,61.36,212.17,0.39,apta
1332049.jpg,train,Handrise-Read-write,105.9,56.4,218.66,0.78,apta
1332050.jpg,train,Handrise-Read-write,107.18,53.65,241.39,1.04,apta
1333007.jpg,train,Handrise-Read-write,107.0,56.4,683.77,0.94,apta
1333008.jpg,train,Handrise-Read-write,100.47,54.25,243.67,0.51,apta
1333009.jpg,train,Handrise-Read-write,109.46,56.85,855.11,1.01,apta
1333010.jpg,train,Handrise-Read-write,105.84,55.72,906.34,1.08,apta
1333011.jpg,train,Handrise-Read-write,106.63,54.44,330.64,0.64,apta
1333012.jpg,train,Handrise-Read-write,105.07,55.51,446.41,0.74,apta
1333022.jpg,train,Handrise-Read-write,117.2,52.59,297.98,0.76,apta
1333024.jpg,train,Handrise-Read-write,126.95,81.18,971.51,0.81,apta
1333026.jpg,train,Handrise-Read-write,130.69,71.51,1190.76,1.02,apta
1333031.jpg,train,Handrise-Read-write,111.74,72.83,1120.8,1.09,apta
1333034.jpg,train,Handrise-Read-write,116.78,73.38,1059.45,1.1,apta
1333035.jpg,train,Handrise-Read-write,126.21,78.65,1242.17,1.02,apta
1333036.jpg,train,Handrise-Read-write,125.13,78.61,1281.1,1.06,apta
1333037.jpg,train,Handrise-Read-write,126.4,78.05,1166.17,1.02,apta
1333038.jpg,train,Handrise-Read-write,126.38,77.78,1192.45,0.99,apta
1333039.jpg,train,Handrise-Read-write,132.78,78.93,1087.52,0.99,apta
1333041.jpg,train,Handrise-Read-write,128.46,78.49,1073.01,1.01,apta
1333042.jpg,train,Handrise-Read-write,117.13,81.91,753.22,0.77,apta
1333043.jpg,train,Handrise-Read-write,124.85,84.49,710.31,0.77,apta
1333044.jpg,train,Handrise-Read-write,127.41,78.37,1079.62,1.02,apta
1333045.jpg,train,Handrise-Read-write,128.62,79.55,1073.97,1.0,apta
1333048.jpg,train,Handrise-Read-write,133.06,78.6,1062.59,0.98,apta
1333049.jpg,train,Handrise-Read-write,130.52,78.63,1141.35,1.04,apta
1333050.jpg,train,Handrise-Read-write,131.63,77.74,1199.22,1.05,apta
1335002.jpg,val,Handrise-Read-write,84.89,70.67,1926.74,2.1,apta
1335003.jpg,val,Handrise-Read-write,88.88,68.44,1769.08,1.9,apta
1335004.jpg,val,Handrise-Read-write,88.6,70.88,2408.54,2.45,apta
1335005.jpg,val,Handrise-Read-write,91.39,69.61,2304.62,2.06,apta
1335010.jpg,val,Handrise-Read-write,96.94,74.71,1183.06,1.4,apta
1335011.jpg,val,Handrise-Read-write,119.31,78.05,1151.59,0.96,apta
1335012.jpg,val,Handrise-Read-write,131.21,80.26,2402.09,2.01,apta
1335013.jpg,val,Handrise-Read-write,114.26,59.53,967.7,0.92,apta
1335015.jpg,val,Handrise-Read-write,81.1,71.51,838.22,1.35,apta
1335016.jpg,val,Handrise-Read-write,99.01,53.99,786.28,1.39,apta
1335017.jpg,val,Handrise-Read-write,106.86,52.3,765.73,1.52,apta
1335018.jpg,val,Handrise-Read-write,106.15,53.97,681.5,1.45,apta
1335020.jpg,val,Handrise-Read-write,65.91,42.16,552.17,0.97,apta
1335021.jpg,val,Handrise-Read-write,82.56,51.29,938.6,1.4,apta
1335022.jpg,val,Handrise-Read-write,87.95,61.04,1218.17,1.73,apta
133_000104.jpg,val,BowTurnHead,104.42,56.72,9082.49,7.63,apta
133_000170.jpg,train,Handrise-Read-write,110.4,59.92,6770.98,6.33,apta
133_000263.jpg,val,Handrise-Read-write+BowTurnHead,132.47,67.83,10335.44,10.78,no apta
133_000384.jpg,val,Handrise-Read-write+BowTurnHead,112.3,61.65,7845.41,8.93,apta
133_000402.jpg,val,Handrise-Read-write+BowTurnHead,109.98,60.69,6972.81,8.17,apta
133_000468.jpg,train,Handrise-Read-write,98.06,64.94,7490.67,5.36,apta
133_000499.jpg,train,Handrise-Read-write,95.05,64.01,9129.21,6.06,apta
133_000511.jpg,val,Handrise-Read-write+BowTurnHead,110.75,62.06,7802.43,8.84,apta
133_000524.jpg,val,Handrise-Read-write+BowTurnHead,100.46,55.83,5170.96,6.59,apta
133_000552.jpg,val,Handrise-Read-write+BowTurnHead,113.86,62.15,8199.87,9.24,apta
133_000648.jpg,val,Handrise-Read-write+BowTurnHead,147.56,70.58,9021.33,9.55,apta
133_000651.jpg,val,Handrise-Read-write+BowTurnHead,147.07,71.1,9978.66,10.46,no apta
133_000663.jpg,val,Handrise-Read-write+BowTurnHead,127.81,66.07,9009.22,9.7,apta
133_000731.jpg,val,Handrise-Read-write+BowTurnHead,125.3,65.45,9574.6,10.18,no apta
133_000734.jpg,val,Handrise-Read-write+BowTurnHead,132.02,67.01,8983.23,9.53,apta
133_000892.jpg,val,Handrise-Read-write+BowTurnHead,114.25,65.45,4429.4,3.01,apta
133_000904.jpg,val,Handrise-Read-write+BowTurnHead,140.26,69.98,9349.8,9.97,apta
133_000918.jpg,val,Handrise-Read-write+BowTurnHead,140.64,70.0,8980.83,9.61,apta
133_000929.jpg,val,Handrise-Read-write+BowTurnHead,139.4,70.31,9864.75,10.31,no apta
133_000951.jpg,val,Handrise-Read-write+BowTurnHead,123.87,67.59,8721.76,9.43,apta
133_000957.jpg,val,Handrise-Read-write+BowTurnHead,135.59,69.85,8558.95,9.23,apta
133_000965.jpg,val,Handrise-Read-write+BowTurnHead,132.63,67.16,8259.64,8.88,apta
133_000995.jpg,val,Handrise-Read-write+BowTurnHead,107.71,60.35,7295.0,8.3,apta
133_001002.jpg,val,Handrise-Read-write+BowTurnHead,109.04,60.83,7379.91,8.38,apta
133_001032.jpg,val,Handrise-Read-write+BowTurnHead,104.05,57.27,6805.31,7.96,apta
133_001045.jpg,val,Handrise-Read-write+BowTurnHead,102.46,56.57,7298.88,8.41,apta
133_001095.jpg,val,Handrise-Read-write+BowTurnHead,103.85,57.35,7247.17,8.29,apta
133_001099.jpg,val,Handrise-Read-write+BowTurnHead,105.0,57.77,7228.59,8.2,apta
133_001112.jpg,val,Handrise-Read-write+BowTurnHead,105.65,58.26,8175.08,9.19,apta
133_001129.jpg,val,Handrise-Read-write+BowTurnHead,106.26,58.42,7172.58,8.12,apta
133_001176.jpg,val,Handrise-Read-write+BowTurnHead,99.19,55.25,6425.75,7.61,apta
133_001192.jpg,val,Handrise-Read-write+BowTurnHead,104.24,59.27,7795.42,8.69,apta
133_001301.jpg,val,Handrise-Read-write+BowTurnHead,105.72,60.18,5728.72,7.02,apta
133_001349.jpg,train,Handrise-Read-write,98.47,66.09,5625.69,4.28,apta
133_001364.jpg,val,Handrise-Read-write+BowTurnHead,106.91,60.67,7938.48,8.92,apta
133_001444.jpg,val,Handrise-Read-write+BowTurnHead,95.97,55.94,7186.68,8.39,apta
133_001484.jpg,val,Handrise-Read-write+BowTurnHead,102.08,59.37,6950.47,8.06,apta
133_001493.jpg,val,Handrise-Read-write+BowTurnHead,102.55,60.78,7464.62,8.53,apta
133_001515.jpg,val,BowTurnHead,100.63,60.01,7276.2,8.26,apta
133_001544.jpg,val,BowTurnHead,94.9,62.17,1978.57,1.93,apta
133_001637.jpg,val,Handrise-Read-write+BowTurnHead,101.99,58.06,7394.28,8.52,apta
133_001681.jpg,val,Handrise-Read-write+BowTurnHead,103.51,58.15,7447.58,8.69,apta
133_001685.jpg,val,Handrise-Read-write+BowTurnHead,103.36,58.81,7765.45,8.89,apta
133_001694.jpg,val,Handrise-Read-write+BowTurnHead,102.9,58.1,7847.88,8.97,apta
133_001711.jpg,val,Handrise-Read-write+BowTurnHead,105.12,61.02,7670.76,8.61,apta
133_001720.jpg,val,Handrise-Read-write+BowTurnHead,104.77,60.65,7458.35,8.54,apta
133_001721.jpg,val,Handrise-Read-write+BowTurnHead,104.17,59.18,7382.15,8.47,apta
133_001722.jpg,val,Handrise-Read-write+BowTurnHead,103.05,58.13,7369.92,8.43,apta
133_001723.jpg,val,Handrise-Read-write+BowTurnHead,102.88,58.59,7540.35,8.57,apta
133_001727.jpg,val,Handrise-Read-write+BowTurnHead,103.54,58.94,8152.2,9.14,apta
133_001740.jpg,val,Handrise-Read-write+BowTurnHead,103.3,58.72,8075.72,9.01,apta
133_001768.jpg,val,Handrise-Read-write+BowTurnHead,106.44,61.02,8107.6,9.14,apta
133_001773.jpg,val,Handrise-Read-write+BowTurnHead,106.18,60.92,7775.03,8.87,apta
133_001778.jpg,val,Handrise-Read-write+BowTurnHead,103.73,58.84,7234.76,8.3,apta
133_001790.jpg,val,Handrise-Read-write+BowTurnHead,103.02,59.87,7918.41,8.89,apta
133_001824.jpg,val,BowTurnHead,88.82,62.38,6720.31,4.79,apta
133_001825.jpg,val,BowTurnHead,88.86,62.35,6744.21,4.82,apta
133_001826.jpg,val,BowTurnHead,88.97,61.94,6674.17,4.72,apta
133_001827.jpg,val,BowTurnHead,89.02,61.79,6663.01,4.7,apta
133_001839.jpg,val,BowTurnHead,87.65,61.89,6550.49,4.64,apta
133_001902.jpg,val,Handrise-Read-write+BowTurnHead,110.08,62.78,7904.01,8.81,apta
133_001908.jpg,val,Handrise-Read-write+BowTurnHead,110.34,63.36,8609.67,9.49,apta
133_001914.jpg,val,Handrise-Read-write+BowTurnHead,109.76,63.59,8355.42,9.37,apta
133_001932.jpg,val,Handrise-Read-write+BowTurnHead,109.72,61.26,7914.93,8.74,apta
133_002068.jpg,val,Handrise-Read-write+BowTurnHead,110.47,61.85,7784.02,8.75,apta
133_002073.jpg,val,Handrise-Read-write+BowTurnHead,110.3,61.2,7726.95,8.73,apta
133_002079.jpg,val,Handrise-Read-write+BowTurnHead,110.27,62.16,7728.73,8.74,apta
133_002093.jpg,val,Handrise-Read-write+BowTurnHead,111.67,61.92,8070.61,9.05,apta
133_002110.jpg,val,Handrise-Read-write+BowTurnHead,110.92,62.38,8136.46,9.12,apta
133_002130.jpg,val,Handrise-Read-write+BowTurnHead,109.76,61.85,8145.1,9.11,apta
133_002131.jpg,val,Handrise-Read-write+BowTurnHead,109.33,61.98,8229.89,9.14,apta
133_002132.jpg,val,Handrise-Read-write+BowTurnHead,109.34,61.72,8152.95,9.11,apta
133_002229.jpg,val,Handrise-Read-write+BowTurnHead,103.19,59.13,7029.63,8.1,apta
133_002235.jpg,val,Handrise-Read-write+BowTurnHead,106.38,60.29,7719.49,8.76,apta
133_002236.jpg,val,Handrise-Read-write+BowTurnHead,105.9,60.35,7759.13,8.83,apta
133_002338.jpg,val,Handrise-Read-write+BowTurnHead,109.5,60.84,6501.01,7.82,apta
133_002340.jpg,val,Handrise-Read-write+BowTurnHead,110.84,61.82,7269.92,8.38,apta
1340001.jpg,train,Handrise-Read-write,120.83,86.18,630.61,0.83,apta
1340002.jpg,train,Handrise-Read-write,103.45,72.76,330.09,0.78,apta
1340003.jpg,train,Handrise-Read-write,116.71,87.54,808.11,0.83,apta
1340004.jpg,train,Handrise-Read-write,110.33,85.67,278.55,0.7,apta
1340005.jpg,train,Handrise-Read-write,107.35,88.04,222.35,0.62,apta
1340006.jpg,train,Handrise-Read-write,99.77,86.8,206.79,0.63,apta
1340007.jpg,train,Handrise-Read-write,93.79,68.87,92.54,0.45,no apta
1340008.jpg,train,Handrise-Read-write,118.07,79.75,286.26,0.73,apta
1340009.jpg,train,Handrise-Read-write,114.61,81.81,342.81,0.78,apta
1340010.jpg,train,Handrise-Read-write,101.14,66.28,223.42,0.6,apta
1340011.jpg,train,Handrise-Read-write,116.47,97.86,228.08,0.58,apta
1340012.jpg,train,Handrise-Read-write,120.72,96.22,407.45,0.85,apta
1340013.jpg,train,Handrise-Read-write,103.07,69.59,128.5,0.46,apta
1340014.jpg,train,Handrise-Read-write,112.18,72.4,77.19,0.49,no apta
1340015.jpg,train,Handrise-Read-write,116.47,85.87,431.63,0.9,apta
1340016.jpg,train,Handrise-Read-write,109.58,97.64,317.24,0.76,apta
1340017.jpg,train,Handrise-Read-write,102.46,79.52,431.05,0.93,apta
1340018.jpg,train,Handrise-Read-write,114.15,86.84,433.04,0.91,apta
1340019.jpg,train,Handrise-Read-write,135.09,62.5,919.19,1.1,apta
1340020.jpg,train,Handrise-Read-write,77.75,49.66,161.07,0.5,apta
1340021.jpg,train,Handrise-Read-write,83.17,50.17,173.47,0.54,apta
134_000029.jpg,train,BowTurnHead,112.72,73.49,1511.69,2.35,apta
134_000037.jpg,train,BowTurnHead,112.49,74.75,1731.61,2.62,apta
134_000103.jpg,train,BowTurnHead,113.71,74.41,1642.23,2.48,apta
134_000120.jpg,train,BowTurnHead,113.92,74.17,1786.53,2.68,apta
134_000141.jpg,train,Handrise-Read-write,117.01,71.6,759.04,1.56,apta
134_000146.jpg,train,Handrise-Read-write+BowTurnHead,122.38,72.88,950.34,1.43,apta
134_000162.jpg,train,BowTurnHead,127.18,72.25,787.26,1.3,apta
134_000168.jpg,train,BowTurnHead,127.75,73.59,959.91,1.48,apta
134_000175.jpg,train,BowTurnHead,128.03,73.81,1026.22,1.59,apta
134_000209.jpg,train,BowTurnHead,123.49,74.15,973.03,1.59,apta
134_000218.jpg,train,BowTurnHead,127.38,74.36,1026.78,1.63,apta
134_000227.jpg,train,Handrise-Read-write+BowTurnHead,126.16,73.56,1060.47,1.69,apta
134_000288.jpg,train,Handrise-Read-write+BowTurnHead,98.55,70.92,1109.74,1.93,apta
134_000293.jpg,train,BowTurnHead,97.66,70.44,1034.11,1.86,apta
134_000306.jpg,train,BowTurnHead,100.03,70.84,913.51,1.64,apta
134_000312.jpg,train,BowTurnHead,101.63,71.7,1007.98,1.84,apta
134_000341.jpg,train,Handrise-Read-write+BowTurnHead,128.09,78.44,1024.62,1.71,apta
134_000352.jpg,train,BowTurnHead,127.04,78.42,1133.2,1.88,apta
134_000360.jpg,train,BowTurnHead,126.85,78.74,1138.15,1.88,apta
134_000371.jpg,train,Handrise-Read-write+BowTurnHead,125.44,78.38,1047.99,1.75,apta
134_000376.jpg,train,BowTurnHead,125.0,77.66,1112.39,1.87,apta
134_000395.jpg,train,Handrise-Read-write+BowTurnHead,117.19,76.39,1597.57,2.24,apta
134_000402.jpg,train,Handrise-Read-write+BowTurnHead,120.56,76.54,1851.32,2.57,apta
134_000410.jpg,train,Handrise-Read-write+BowTurnHead,120.59,76.62,1835.09,2.57,apta
134_000419.jpg,train,BowTurnHead,120.29,77.73,1889.43,2.62,apta
134_000427.jpg,train,BowTurnHead,120.46,78.01,1776.62,2.53,apta
134_000433.jpg,train,BowTurnHead,120.57,78.04,1822.25,2.57,apta
134_000459.jpg,train,BowTurnHead,126.2,73.21,809.37,1.42,apta
134_000467.jpg,train,BowTurnHead,123.4,72.28,881.38,1.56,apta
134_000483.jpg,train,Handrise-Read-write+BowTurnHead,125.04,71.37,943.99,1.63,apta
134_000488.jpg,train,BowTurnHead,121.97,74.67,927.0,1.6,apta
134_000493.jpg,train,BowTurnHead,124.17,76.09,1019.36,1.72,apta
134_000499.jpg,train,BowTurnHead,125.45,75.74,1073.45,1.8,apta
134_000544.jpg,train,BowTurnHead,126.47,71.87,717.65,1.35,apta
134_000750.jpg,train,BowTurnHead,111.87,71.68,1921.09,2.91,apta
134_000974.jpg,train,Handrise-Read-write+BowTurnHead,110.2,73.39,1778.73,2.71,apta
134_001093.jpg,train,BowTurnHead,92.69,64.74,1351.82,2.12,apta
134_001112.jpg,train,BowTurnHead,94.63,66.99,1231.31,2.04,apta
134_001122.jpg,train,Handrise-Read-write+BowTurnHead,97.47,67.03,1395.16,2.23,apta
134_001131.jpg,train,Handrise-Read-write+BowTurnHead,95.68,65.28,1328.7,2.2,apta
134_001165.jpg,train,Handrise-Read-write+BowTurnHead,115.26,76.73,1529.87,2.23,apta
134_001222.jpg,train,BowTurnHead,105.13,71.26,1618.03,2.41,apta
134_001229.jpg,train,BowTurnHead,106.14,71.54,1448.11,2.21,apta
134_001342.jpg,train,BowTurnHead,116.29,73.85,1778.39,2.43,apta
134_001366.jpg,train,Handrise-Read-write+BowTurnHead,114.23,74.72,1496.28,2.23,apta
134_001375.jpg,train,BowTurnHead,118.52,75.09,1490.64,2.22,apta
134_001384.jpg,train,BowTurnHead,116.24,74.83,1905.78,2.78,apta
134_001402.jpg,train,BowTurnHead,106.45,69.57,1215.24,1.96,apta
134_001412.jpg,train,BowTurnHead,99.79,67.38,1471.83,2.31,apta
134_001510.jpg,train,BowTurnHead,121.08,75.48,1129.53,1.72,apta
134_001544.jpg,train,Handrise-Read-write+BowTurnHead,119.43,75.87,1176.02,1.79,apta
134_001561.jpg,train,BowTurnHead,120.97,75.5,1248.17,1.89,apta
134_001578.jpg,train,Handrise-Read-write,121.09,75.24,1215.5,1.89,apta
134_001704.jpg,train,BowTurnHead,112.52,72.23,1048.74,1.63,apta
134_001712.jpg,train,BowTurnHead,110.43,74.26,1024.82,1.6,apta
134_001797.jpg,train,BowTurnHead,118.23,75.05,1189.92,1.99,apta
134_001836.jpg,train,BowTurnHead,118.59,74.1,1178.03,1.95,apta
134_001843.jpg,train,Handrise-Read-write+BowTurnHead,118.22,74.82,1278.35,2.08,apta
134_001862.jpg,train,Handrise-Read-write+BowTurnHead,125.0,74.03,1241.72,2.12,apta
134_001874.jpg,train,Handrise-Read-write+BowTurnHead,124.07,72.08,1165.46,1.97,apta
134_001882.jpg,train,BowTurnHead,123.94,72.23,1247.48,2.08,apta
134_001935.jpg,train,Handrise-Read-write,120.41,76.21,1109.33,1.84,apta
1358001.jpg,train,Handrise-Read-write,110.62,56.99,862.23,1.6,apta
1358002.jpg,train,Handrise-Read-write,126.26,74.51,281.71,0.87,apta
1358003.jpg,train,Handrise-Read-write,122.77,72.63,213.38,0.81,apta
1358004.jpg,train,Handrise-Read-write,121.19,75.27,306.24,0.6,apta
1358005.jpg,train,Handrise-Read-write,116.75,54.25,277.01,0.48,apta
1358006.jpg,train,Handrise-Read-write,102.38,63.38,456.58,0.81,apta
1358007.jpg,train,Handrise-Read-write,126.95,75.8,302.61,0.78,apta
1358008.jpg,train,Handrise-Read-write,124.96,77.78,344.2,0.75,apta
1358009.jpg,train,Handrise-Read-write,135.69,64.32,259.54,0.76,apta
1358010.jpg,train,Handrise-Read-write,113.2,73.66,285.49,0.93,apta
1358011.jpg,train,Handrise-Read-write,104.98,80.35,814.44,0.85,apta
1358012.jpg,train,Handrise-Read-write,127.94,61.12,1369.91,1.24,apta
1358013.jpg,train,Handrise-Read-write,164.23,68.27,1761.3,1.27,apta
1358014.jpg,train,Handrise-Read-write,164.07,68.09,1382.3,1.05,apta
1358015.jpg,train,Handrise-Read-write,103.31,69.71,706.33,0.82,apta
1358016.jpg,train,Handrise-Read-write,114.55,68.25,896.67,0.86,apta
1358018.jpg,train,Handrise-Read-write,103.49,59.95,75.03,0.4,no apta
1358019.jpg,train,Handrise-Read-write,69.05,60.58,770.96,0.85,apta
1358020.jpg,train,Handrise-Read-write,71.02,62.25,669.01,0.89,apta
135_000203.jpg,train,BowTurnHead,102.07,59.88,1446.1,2.52,apta
135_000509.jpg,train,BowTurnHead,101.86,60.24,1828.78,2.94,apta
135_001046.jpg,train,BowTurnHead,101.33,61.11,1707.4,2.74,apta
135_001055.jpg,train,BowTurnHead,101.51,61.06,1708.56,2.75,apta
135_001487.jpg,train,BowTurnHead,100.79,60.01,1743.36,2.85,apta
135_001542.jpg,train,BowTurnHead,102.28,60.14,1703.26,2.81,apta
135_001643.jpg,train,BowTurnHead,103.31,59.49,1700.52,2.81,apta
135_001662.jpg,train,BowTurnHead,100.37,60.44,1728.5,2.81,apta
135_001845.jpg,train,BowTurnHead,101.5,60.81,1678.22,2.77,apta
135_001846.jpg,train,BowTurnHead,101.39,60.7,1666.46,2.77,apta
135_001847.jpg,train,BowTurnHead,101.19,60.69,1697.42,2.79,apta
135_001922.jpg,train,BowTurnHead,102.54,59.32,1701.6,2.82,apta
135_002152.jpg,train,BowTurnHead,103.43,60.19,1742.83,2.88,apta
135_002153.jpg,train,BowTurnHead,103.25,60.17,1742.9,2.89,apta
135_002154.jpg,train,BowTurnHead,103.19,60.12,1748.6,2.89,apta
135_002228.jpg,train,BowTurnHead,100.46,59.25,1594.01,2.64,apta
135_002237.jpg,train,BowTurnHead,99.56,59.22,1609.64,2.69,apta
135_002257.jpg,train,BowTurnHead,104.33,59.31,1730.3,2.91,apta
135_002358.jpg,train,BowTurnHead,97.31,59.39,1116.68,1.94,apta
135_002383.jpg,train,BowTurnHead,98.72,58.82,1099.58,1.93,apta
135_002437.jpg,train,BowTurnHead,103.93,58.58,1704.93,2.89,apta
135_002461.jpg,train,BowTurnHead,102.54,59.44,1627.62,2.7,apta
135_002463.jpg,train,BowTurnHead,101.75,59.73,1607.78,2.68,apta
135_002566.jpg,train,BowTurnHead,101.19,59.39,1702.38,2.81,apta
135_002567.jpg,train,BowTurnHead,101.5,59.3,1669.08,2.8,apta
1363001.jpg,train,Handrise-Read-write,122.01,65.49,559.91,1.29,apta
1363002.jpg,train,Handrise-Read-write,102.79,78.05,472.32,0.8,apta
1363003.jpg,train,Handrise-Read-write,80.87,54.45,715.45,1.51,apta
1363005.jpg,train,Handrise-Read-write,125.71,65.32,951.93,1.7,apta
1363008.jpg,train,Handrise-Read-write,101.37,73.82,516.48,0.96,apta
1363012.jpg,train,Handrise-Read-write,105.36,56.99,366.24,0.82,apta
1363017.jpg,train,Handrise-Read-write,88.37,58.62,548.79,1.14,apta
1363018.jpg,train,Handrise-Read-write,83.17,65.63,372.32,0.95,apta
1363019.jpg,train,Handrise-Read-write,95.49,62.79,85.64,0.49,no apta
1363023.jpg,train,Handrise-Read-write,94.7,47.02,382.4,1.17,apta
1363024.jpg,train,Handrise-Read-write,86.17,64.87,196.48,0.66,apta
1363025.jpg,train,Handrise-Read-write,93.87,72.77,296.16,0.79,apta
1363026.jpg,train,Handrise-Read-write,92.36,70.54,109.42,0.48,apta
1363027.jpg,train,Handrise-Read-write,84.4,60.76,34.84,0.35,no apta
1363028.jpg,train,Handrise-Read-write,106.31,58.0,313.96,0.71,apta
1363029.jpg,train,Handrise-Read-write,136.11,61.33,152.5,0.5,apta
1363030.jpg,train,Handrise-Read-write,129.83,62.27,953.35,1.4,apta
1363032.jpg,train,Handrise-Read-write,132.08,67.61,402.97,0.79,apta
1363033.jpg,train,Handrise-Read-write,138.95,75.3,453.94,0.81,apta
1363034.jpg,train,Handrise-Read-write,108.16,68.19,667.51,1.0,apta
1363035.jpg,train,Handrise-Read-write,137.76,74.62,411.29,0.85,apta
1363036.jpg,train,Handrise-Read-write,122.93,61.83,249.74,0.77,apta
1363037.jpg,train,Handrise-Read-write,132.5,60.22,29.82,0.35,no apta
1363038.jpg,train,Handrise-Read-write,130.23,58.49,54.53,0.44,no apta
1363040.jpg,train,Handrise-Read-write,125.37,61.02,154.19,0.57,apta
1363041.jpg,train,Handrise-Read-write,115.64,57.51,197.71,0.66,apta
1363042.jpg,train,Handrise-Read-write,90.72,40.78,49.39,0.47,no apta
1367001.jpg,train,Handrise-Read-write,95.48,72.75,520.35,0.8,apta
1367002.jpg,train,Handrise-Read-write,99.4,73.14,476.92,0.75,apta
1367003.jpg,train,Handrise-Read-write,112.03,73.9,453.53,0.75,apta
1367004.jpg,train,Handrise-Read-write,116.51,71.8,612.53,0.74,apta
1367005.jpg,train,Handrise-Read-write,112.44,69.64,507.93,0.7,apta
1367006.jpg,train,Handrise-Read-write,180.89,73.76,224.61,0.48,apta
1367007.jpg,train,Handrise-Read-write,100.45,61.85,1816.87,2.87,apta
1367011.jpg,train,Handrise-Read-write,100.71,61.88,186.2,0.49,apta
1367014.jpg,train,Handrise-Read-write,82.65,64.25,215.52,0.56,apta
1367018.jpg,train,Handrise-Read-write,84.52,65.83,212.03,0.56,apta
1367024.jpg,train,Handrise-Read-write,114.77,69.08,466.22,0.67,apta
1367030.jpg,train,Handrise-Read-write,79.54,62.87,169.04,0.53,apta
1367031.jpg,train,Handrise-Read-write,112.32,72.49,183.01,0.58,apta
136_000121.jpg,train,BowTurnHead,70.65,53.69,494.94,0.98,apta
136_000238.jpg,train,BowTurnHead,73.63,53.92,489.69,0.94,apta
136_000289.jpg,train,BowTurnHead,70.15,54.32,504.82,1.04,apta
136_000297.jpg,train,BowTurnHead,70.6,54.76,500.71,1.01,apta
136_000413.jpg,train,BowTurnHead,69.26,54.49,489.92,0.97,apta
136_000426.jpg,train,BowTurnHead,70.03,54.37,490.94,0.96,apta
136_000435.jpg,train,BowTurnHead,69.8,54.27,492.95,0.97,apta
136_000442.jpg,train,BowTurnHead,69.6,54.3,498.89,0.99,apta
136_000447.jpg,train,BowTurnHead,69.74,54.13,494.01,0.99,apta
136_000448.jpg,train,BowTurnHead,69.31,54.22,493.52,0.99,apta
136_000457.jpg,train,BowTurnHead,69.26,54.3,483.33,0.94,apta
136_000466.jpg,train,BowTurnHead,68.9,54.28,483.87,0.95,apta
136_000476.jpg,train,BowTurnHead,69.05,54.1,487.12,0.96,apta
136_000515.jpg,train,BowTurnHead,90.32,48.59,873.14,1.68,apta
136_000521.jpg,train,BowTurnHead,90.27,48.97,853.28,1.67,apta
136_000530.jpg,train,BowTurnHead,90.6,48.69,793.63,1.6,apta
136_000536.jpg,train,BowTurnHead,89.97,48.36,815.22,1.6,apta
136_000563.jpg,train,BowTurnHead,87.29,48.47,785.84,1.57,apta
136_000596.jpg,train,BowTurnHead,70.33,53.93,480.3,0.94,apta
136_000609.jpg,train,BowTurnHead,70.27,54.01,479.12,0.94,apta
136_000627.jpg,train,BowTurnHead,71.67,53.79,485.72,0.94,apta
136_000635.jpg,train,BowTurnHead,71.17,53.89,496.99,0.98,apta
136_000645.jpg,train,BowTurnHead,71.87,54.9,476.36,0.92,apta
136_000655.jpg,train,BowTurnHead,72.81,54.97,482.56,0.93,apta
136_000664.jpg,train,BowTurnHead,72.02,55.03,481.42,0.92,apta
136_000744.jpg,train,BowTurnHead,69.09,54.13,495.64,0.98,apta
136_000751.jpg,train,BowTurnHead,68.67,54.81,500.53,1.0,apta
136_000767.jpg,train,BowTurnHead,69.76,54.95,491.05,0.97,apta
136_000778.jpg,train,BowTurnHead,68.82,54.96,475.6,0.91,apta
136_000789.jpg,train,BowTurnHead,68.87,54.02,488.99,0.94,apta
136_000807.jpg,train,BowTurnHead,73.08,54.93,475.68,0.92,apta
136_000815.jpg,train,BowTurnHead,73.64,55.3,484.63,0.94,apta
136_000985.jpg,train,BowTurnHead,72.13,54.08,489.27,0.96,apta
136_001002.jpg,train,BowTurnHead,69.64,54.53,487.26,0.98,apta
136_001032.jpg,train,BowTurnHead,70.59,53.69,492.9,0.96,apta
136_001064.jpg,train,BowTurnHead,70.05,54.42,484.25,0.94,apta
136_001079.jpg,train,BowTurnHead,69.45,54.72,475.94,0.93,apta
136_001088.jpg,train,BowTurnHead,69.54,54.34,483.37,0.95,apta
136_001123.jpg,train,BowTurnHead,71.32,54.86,483.55,0.95,apta
136_001135.jpg,train,BowTurnHead,70.63,53.61,500.4,1.0,apta
136_001140.jpg,train,BowTurnHead,69.86,53.91,495.27,0.99,apta
136_001202.jpg,train,BowTurnHead,70.16,54.25,491.05,0.97,apta
136_001431.jpg,train,BowTurnHead,69.17,54.58,489.18,0.99,apta
136_001438.jpg,train,BowTurnHead,69.34,54.36,491.24,0.99,apta
136_001449.jpg,train,BowTurnHead,69.19,54.57,487.03,0.97,apta
136_001457.jpg,train,BowTurnHead,68.92,54.53,483.57,0.95,apta
136_001486.jpg,train,BowTurnHead,69.59,53.75,504.61,1.0,apta
136_001493.jpg,train,BowTurnHead,69.47,53.94,508.2,1.02,apta
136_001513.jpg,train,BowTurnHead,70.06,54.29,509.99,1.04,apta
136_001527.jpg,train,BowTurnHead,69.16,53.93,500.72,1.0,apta
136_001537.jpg,train,BowTurnHead,69.31,53.9,498.21,1.0,apta
136_001544.jpg,train,BowTurnHead,69.53,53.9,503.88,1.02,apta
136_001584.jpg,train,BowTurnHead,70.6,54.97,483.22,0.96,apta
136_001591.jpg,train,BowTurnHead,70.56,54.97,486.56,0.99,apta
136_001603.jpg,train,BowTurnHead,70.74,55.13,482.68,0.96,apta
136_001684.jpg,train,BowTurnHead,72.64,54.53,499.61,0.99,apta
136_001689.jpg,train,BowTurnHead,72.72,54.48,496.26,0.98,apta
136_001753.jpg,train,BowTurnHead,70.76,54.27,503.47,1.01,apta
136_001764.jpg,train,BowTurnHead,70.65,54.11,492.53,0.98,apta
136_001771.jpg,train,BowTurnHead,70.29,54.27,503.54,1.01,apta
136_002101.jpg,train,BowTurnHead,95.54,50.11,915.01,1.84,apta
136_002122.jpg,train,BowTurnHead,91.26,48.97,854.17,1.72,apta
136_002130.jpg,train,BowTurnHead,93.0,49.75,866.15,1.71,apta
136_002164.jpg,train,BowTurnHead,70.97,53.63,484.77,0.96,apta
136_002379.jpg,train,BowTurnHead,69.4,53.06,501.99,1.03,apta
136_002398.jpg,train,BowTurnHead,91.21,48.73,841.71,1.69,apta
1379003.jpg,train,Handrise-Read-write,127.9,78.77,756.64,0.95,apta
1379026.jpg,train,Handrise-Read-write,141.65,74.49,1353.82,1.73,apta
1379035.jpg,train,Handrise-Read-write,133.01,67.11,2013.13,2.05,apta
1379038.jpg,train,Handrise-Read-write,95.73,64.09,1743.88,1.9,apta
137_000182.jpg,train,BowTurnHead,81.97,68.3,6203.94,5.28,apta
137_000287.jpg,train,BowTurnHead,82.01,68.49,6622.67,4.98,apta
137_000786.jpg,train,BowTurnHead,78.24,68.58,5071.69,4.95,apta
137_000903.jpg,train,BowTurnHead,81.27,70.0,8944.37,6.82,apta
137_000911.jpg,train,BowTurnHead,76.54,67.72,8333.82,6.61,apta
137_000923.jpg,train,BowTurnHead,76.28,67.74,8313.15,6.6,apta
137_001200.jpg,train,BowTurnHead,104.31,72.76,9936.63,10.42,no apta
137_001211.jpg,train,BowTurnHead,83.06,69.21,7404.34,5.79,apta
137_001236.jpg,train,BowTurnHead,105.87,72.86,9113.34,9.81,apta
137_001246.jpg,train,BowTurnHead,105.57,72.93,8791.33,9.35,apta
137_001257.jpg,train,BowTurnHead,105.01,73.07,9058.66,9.87,apta
137_001261.jpg,train,BowTurnHead,105.39,72.83,8924.13,9.71,apta
137_001320.jpg,train,BowTurnHead,83.26,69.56,8025.05,6.66,apta
137_001376.jpg,train,BowTurnHead,105.78,72.67,9523.85,10.24,no apta
137_001385.jpg,train,BowTurnHead,105.97,72.88,9228.0,9.98,apta
137_001637.jpg,train,BowTurnHead,78.85,68.06,7001.53,6.18,apta
137_001683.jpg,train,BowTurnHead,82.35,68.66,7274.76,6.19,apta
137_001710.jpg,train,BowTurnHead,82.6,68.29,6188.85,5.53,apta
137_002004.jpg,train,BowTurnHead,105.97,72.24,7870.73,8.65,apta
137_002010.jpg,train,BowTurnHead,105.71,72.35,8604.1,9.24,apta
137_002053.jpg,train,BowTurnHead,106.52,72.65,8358.06,8.98,apta
137_002063.jpg,train,BowTurnHead,106.73,72.57,7918.44,8.69,apta
137_002085.jpg,train,BowTurnHead,107.3,72.93,8020.02,8.6,apta
137_002093.jpg,train,BowTurnHead,106.26,72.21,7716.36,8.4,apta
137_002099.jpg,train,BowTurnHead,107.02,72.72,8039.78,8.72,apta
137_002115.jpg,train,BowTurnHead,107.5,72.9,8378.02,9.05,apta
137_002121.jpg,train,BowTurnHead,107.7,72.75,8373.62,9.02,apta
137_002133.jpg,train,BowTurnHead,107.36,72.49,8386.79,9.13,apta
137_002216.jpg,train,BowTurnHead,106.47,72.17,8107.29,8.7,apta
137_002220.jpg,train,BowTurnHead,106.6,72.4,7823.59,8.45,apta
137_002225.jpg,train,BowTurnHead,106.29,72.33,7946.73,8.71,apta
137_002266.jpg,train,BowTurnHead,104.43,71.56,6992.1,7.76,apta
137_002270.jpg,train,BowTurnHead,84.79,69.22,9134.57,7.36,apta
137_002277.jpg,train,BowTurnHead,84.46,69.62,9406.08,7.37,apta
137_002285.jpg,train,BowTurnHead,85.32,69.47,9242.06,7.2,apta
137_002294.jpg,train,BowTurnHead,85.55,69.15,9203.67,7.07,apta
137_002306.jpg,train,BowTurnHead,86.35,69.95,9575.89,7.56,apta
137_002314.jpg,train,BowTurnHead,85.87,69.65,9398.5,7.49,apta
137_002327.jpg,train,BowTurnHead,103.53,72.02,8812.01,9.37,apta
137_002332.jpg,train,BowTurnHead,85.2,69.62,9409.25,7.49,apta
137_002381.jpg,train,BowTurnHead,84.4,68.78,9039.2,7.12,apta
137_002439.jpg,train,BowTurnHead,100.79,72.58,8527.24,9.4,apta
137_002488.jpg,train,BowTurnHead,104.67,72.47,9139.64,9.87,apta
137_002516.jpg,train,BowTurnHead,105.6,72.56,8955.95,9.76,apta
137_002573.jpg,train,BowTurnHead,102.22,73.77,8699.19,9.45,apta
137_002580.jpg,train,BowTurnHead,102.78,72.65,9267.86,9.84,apta
137_002589.jpg,train,BowTurnHead,105.32,68.89,5948.6,6.83,apta
137_002794.jpg,train,BowTurnHead,82.35,69.46,6813.76,5.63,apta
137_002795.jpg,train,BowTurnHead,82.66,69.55,6867.15,5.8,apta
138_001832.jpg,train,Handrise-Read-write,107.26,58.03,2064.92,3.85,apta
138_001853.jpg,train,Handrise-Read-write,110.87,56.37,2299.68,4.47,apta
138_001980.jpg,train,Handrise-Read-write,109.4,57.14,2089.43,3.92,apta
138_002079.jpg,train,Handrise-Read-write,118.86,78.52,2494.19,2.08,apta
138_002648.jpg,train,Handrise-Read-write,104.96,61.5,1732.69,3.4,apta
1395001.jpg,train,Handrise-Read-write,147.62,72.29,774.02,1.1,apta
1395002.jpg,train,Handrise-Read-write,151.13,71.2,646.39,1.13,apta
1395003.jpg,train,Handrise-Read-write,149.58,73.5,686.77,1.15,apta
1395004.jpg,train,Handrise-Read-write,122.75,51.5,522.6,0.86,apta
1395005.jpg,train,Handrise-Read-write,121.42,51.78,420.46,0.86,apta
1395006.jpg,train,Handrise-Read-write,120.01,51.65,495.63,0.84,apta
1395007.jpg,train,Handrise-Read-write,147.82,73.79,678.63,1.11,apta
1395008.jpg,train,Handrise-Read-write,122.58,50.53,417.62,0.86,apta
1395009.jpg,train,Handrise-Read-write,111.99,58.19,453.43,0.71,apta
1395010.jpg,train,Handrise-Read-write,112.46,57.31,688.9,0.91,apta
1395011.jpg,train,Handrise-Read-write,117.59,64.47,688.88,1.16,apta
1395012.jpg,train,Handrise-Read-write,127.35,65.38,577.67,1.17,apta
1395013.jpg,train,Handrise-Read-write,127.16,66.2,540.27,1.13,apta
1395014.jpg,train,Handrise-Read-write,125.47,65.79,557.19,1.11,apta
1395015.jpg,train,Handrise-Read-write,111.63,65.04,496.36,0.83,apta
1395016.jpg,train,Handrise-Read-write,104.25,60.85,460.93,0.88,apta
1395017.jpg,train,Handrise-Read-write,112.29,70.25,886.3,0.97,apta
1395018.jpg,train,Handrise-Read-write,108.17,61.3,829.34,1.19,apta
1395019.jpg,train,Handrise-Read-write,126.67,68.3,827.63,1.0,apta
1395020.jpg,train,Handrise-Read-write,108.53,63.9,1019.6,1.3,apta
1395021.jpg,train,Handrise-Read-write,120.68,68.44,510.08,0.97,apta
1399006.jpg,train,Handrise-Read-write,107.77,68.9,249.21,0.76,apta
1399007.jpg,train,Handrise-Read-write,108.42,55.66,139.36,0.54,apta
1399008.jpg,train,Handrise-Read-write,107.76,67.93,160.27,0.63,apta
1399009.jpg,train,Handrise-Read-write,104.58,65.89,302.92,0.96,apta
1399010.jpg,train,Handrise-Read-write,101.15,60.09,311.0,1.0,apta
1399011.jpg,train,Handrise-Read-write,92.9,77.14,345.71,0.66,apta
1399013.jpg,train,Handrise-Read-write,87.66,79.19,254.58,0.48,apta
1399014.jpg,train,Handrise-Read-write,112.77,58.63,126.78,0.54,apta
1399016.jpg,train,Handrise-Read-write,136.9,60.21,481.75,0.9,apta
1399017.jpg,train,Handrise-Read-write,118.73,59.81,350.79,0.85,apta
1399018.jpg,train,Handrise-Read-write,132.51,59.72,561.32,1.01,apta
1399019.jpg,train,Handrise-Read-write,117.75,55.2,398.32,0.86,apta
1399020.jpg,train,Handrise-Read-write,118.5,58.84,1030.94,1.34,apta
1399021.jpg,train,Handrise-Read-write,106.34,65.68,4634.1,6.64,apta
1399022.jpg,train,Handrise-Read-write,117.62,67.06,285.81,0.76,apta
1399023.jpg,train,Handrise-Read-write,122.34,70.18,427.75,0.75,apta
1399025.jpg,train,Handrise-Read-write,111.8,72.33,302.43,0.7,apta
1399026.jpg,train,Handrise-Read-write,120.22,71.42,160.35,0.6,apta
1399027.jpg,train,Handrise-Read-write,110.25,65.82,197.58,0.63,apta
139_001444.jpg,train,Handrise-Read-write,105.11,65.03,2341.55,3.73,apta
140_000212.jpg,train,BowTurnHead,107.66,55.39,2573.71,3.46,apta
140_000224.jpg,train,BowTurnHead,107.48,55.1,2500.55,3.36,apta
140_000236.jpg,train,BowTurnHead,85.82,37.41,1092.8,2.29,apta
140_000240.jpg,train,BowTurnHead,109.16,55.55,2578.63,3.48,apta
140_000472.jpg,train,BowTurnHead,111.55,60.19,2474.5,3.44,apta
140_000486.jpg,train,BowTurnHead,86.63,38.84,1136.92,2.35,apta
140_000487.jpg,train,BowTurnHead,86.6,38.85,1135.92,2.33,apta
140_000514.jpg,train,BowTurnHead,112.22,59.97,2538.98,3.4,apta
140_000592.jpg,train,BowTurnHead,111.7,59.7,2620.44,3.51,apta
140_000593.jpg,train,BowTurnHead,112.02,59.52,2533.78,3.38,apta
140_000594.jpg,train,BowTurnHead,112.37,59.5,2641.17,3.5,apta
140_000595.jpg,train,BowTurnHead,112.3,59.23,2562.17,3.48,apta
140_000600.jpg,train,BowTurnHead,111.06,59.68,2549.53,3.45,apta
140_000606.jpg,train,BowTurnHead,111.56,59.78,2609.19,3.49,apta
140_000632.jpg,train,BowTurnHead,86.63,38.7,1146.41,2.37,apta
140_000636.jpg,train,BowTurnHead,111.93,59.51,2536.13,3.4,apta
140_000671.jpg,train,BowTurnHead,111.57,59.3,2690.61,3.62,apta
140_000681.jpg,train,BowTurnHead,109.75,59.17,2676.37,3.59,apta
140_000696.jpg,train,BowTurnHead,86.42,38.48,1121.33,2.31,apta
140_000804.jpg,train,BowTurnHead,120.57,61.98,3460.01,4.06,apta
140_000906.jpg,train,BowTurnHead,125.49,64.52,3326.24,3.81,apta
140_000907.jpg,train,BowTurnHead,125.18,64.68,3495.79,3.98,apta
140_000909.jpg,train,BowTurnHead,125.37,64.67,3524.48,3.97,apta
140_000934.jpg,train,BowTurnHead,123.29,64.8,3789.36,4.36,apta
140_000961.jpg,train,BowTurnHead,111.75,59.51,2551.14,3.39,apta
140_000968.jpg,train,BowTurnHead,86.78,38.62,1084.92,2.27,apta
140_001337.jpg,train,BowTurnHead,103.7,54.72,2321.3,2.67,apta
140_001807.jpg,train,BowTurnHead,117.22,55.9,2371.26,2.34,apta
141_000084.jpg,val,BowTurnHead,155.4,59.99,2197.08,3.71,apta
141_000100.jpg,val,BowTurnHead,154.36,59.79,2219.04,3.83,apta
141_000406.jpg,val,BowTurnHead,154.06,59.67,2264.88,3.89,apta
141_000418.jpg,val,BowTurnHead,155.9,59.42,2127.62,3.67,apta
141_000425.jpg,val,BowTurnHead,154.06,59.63,2146.75,3.76,apta
141_000716.jpg,val,BowTurnHead,156.1,59.62,2186.17,3.83,apta
141_000725.jpg,val,BowTurnHead,155.8,59.47,2186.03,3.8,apta
141_000817.jpg,val,BowTurnHead,154.26,59.87,2162.63,3.81,apta
141_000823.jpg,val,BowTurnHead,154.22,59.86,2162.25,3.8,apta
141_000834.jpg,val,BowTurnHead,155.19,59.6,2128.41,3.73,apta
141_000869.jpg,val,BowTurnHead,124.67,41.77,767.49,1.03,apta
141_000886.jpg,val,BowTurnHead,154.81,60.36,2170.65,3.78,apta
141_000896.jpg,val,BowTurnHead,155.17,60.5,2216.49,3.85,apta
141_000907.jpg,val,BowTurnHead,155.2,60.47,2173.58,3.76,apta
141_000961.jpg,val,BowTurnHead,154.48,59.62,2095.44,3.67,apta
141_000979.jpg,val,BowTurnHead,154.24,60.08,2167.1,3.76,apta
141_001213.jpg,val,BowTurnHead,153.35,58.99,2121.7,3.71,apta
141_001258.jpg,val,BowTurnHead,153.81,59.36,2066.46,3.63,apta
141_001270.jpg,val,BowTurnHead,154.51,59.51,2040.22,3.6,apta
141_001381.jpg,val,BowTurnHead,151.0,59.93,2158.65,3.86,apta
141_001389.jpg,val,BowTurnHead,151.38,59.93,2132.05,3.73,apta
141_001667.jpg,val,BowTurnHead,152.37,59.18,2041.86,3.65,apta
141_001670.jpg,val,BowTurnHead,152.23,59.45,2102.88,3.76,apta
141_001896.jpg,val,BowTurnHead,153.42,59.57,2151.17,3.79,apta
141_002220.jpg,val,BowTurnHead,154.06,60.56,2091.35,3.64,apta
141_002316.jpg,val,BowTurnHead,153.45,60.28,2133.66,3.67,apta
141_002409.jpg,val,BowTurnHead,152.67,59.48,2083.88,3.66,apta
141_002415.jpg,val,BowTurnHead,149.99,60.25,2118.68,3.73,apta
141_002438.jpg,val,BowTurnHead,150.48,60.39,2141.86,3.79,apta
141_002446.jpg,val,BowTurnHead,153.22,59.5,2095.1,3.69,apta
141_002502.jpg,val,BowTurnHead,152.1,60.07,2023.42,3.62,apta
141_002526.jpg,val,BowTurnHead,153.91,60.41,2005.58,3.49,apta
141_002537.jpg,val,BowTurnHead,122.14,42.31,1020.91,1.54,apta
141_002559.jpg,val,BowTurnHead,153.73,59.46,1836.41,3.19,apta
1424001.jpg,train,Handrise-Read-write,107.92,58.69,1461.63,2.11,apta
1424002.jpg,train,Handrise-Read-write,105.34,59.62,1142.09,1.97,apta
1424003.jpg,train,Handrise-Read-write,105.74,58.59,1034.66,1.75,apta
1424004.jpg,train,Handrise-Read-write,125.28,64.84,2845.76,2.83,apta
1424005.jpg,train,Handrise-Read-write,116.83,63.16,1422.9,1.88,apta
1424006.jpg,train,Handrise-Read-write,127.61,64.15,1734.17,1.91,apta
1424007.jpg,train,Handrise-Read-write,123.69,62.7,1164.82,1.69,apta
1424008.jpg,train,Handrise-Read-write,122.22,65.19,3147.24,3.07,apta
1424009.jpg,train,Handrise-Read-write,129.76,64.82,2421.53,2.29,apta
1424010.jpg,train,Handrise-Read-write,130.0,61.19,1716.16,1.57,apta
1424011.jpg,train,Handrise-Read-write,125.93,62.88,250.09,0.71,apta
1424012.jpg,train,Handrise-Read-write,119.56,58.02,349.33,0.61,apta
1424013.jpg,train,Handrise-Read-write,120.99,60.01,276.86,0.7,apta
1424014.jpg,train,Handrise-Read-write,121.08,60.1,343.45,0.68,apta
1424015.jpg,train,Handrise-Read-write,123.25,62.59,334.29,0.66,apta
1424016.jpg,train,Handrise-Read-write,120.72,62.87,325.09,0.7,apta
1424017.jpg,train,Handrise-Read-write,94.25,64.77,1044.96,1.06,apta
1424018.jpg,train,Handrise-Read-write,99.88,64.05,1245.67,1.48,apta
1424019.jpg,train,Handrise-Read-write,97.42,57.75,1236.66,1.3,apta
1424020.jpg,train,Handrise-Read-write,93.13,58.63,1234.67,1.44,apta
1424034.jpg,train,Handrise-Read-write,110.41,68.42,800.41,1.17,apta
1424035.jpg,train,Handrise-Read-write,98.08,69.63,943.21,1.16,apta
1424036.jpg,train,Handrise-Read-write,85.25,66.0,821.97,1.68,apta
1424037.jpg,train,Handrise-Read-write,86.52,65.09,860.64,1.66,apta
1424038.jpg,train,Handrise-Read-write,104.54,66.23,684.75,1.12,apta
1427002.jpg,train,Handrise-Read-write,89.49,58.92,724.65,1.03,apta
1427007.jpg,train,Handrise-Read-write,95.28,53.08,576.56,1.13,apta
1427011.jpg,train,Handrise-Read-write,117.92,74.22,550.84,0.84,apta
1429002.jpg,train,Handrise-Read-write,65.29,53.28,409.52,0.79,apta
1429003.jpg,train,Handrise-Read-write,88.73,56.8,293.79,0.78,apta
1429004.jpg,train,Handrise-Read-write,110.43,46.89,349.23,0.63,apta
1429005.jpg,train,Handrise-Read-write,110.81,47.49,253.11,0.64,apta
1429007.jpg,train,Handrise-Read-write,78.25,82.33,179.76,0.46,apta
1429013.jpg,train,Handrise-Read-write,111.02,62.81,365.83,1.06,apta
1429014.jpg,train,Handrise-Read-write,134.66,60.33,188.99,0.63,apta
1429015.jpg,train,Handrise-Read-write,104.59,43.41,281.95,0.65,apta
1429016.jpg,train,Handrise-Read-write,112.94,69.87,750.41,0.78,apta
1429017.jpg,train,Handrise-Read-write,117.58,48.94,436.39,1.15,apta
1429018.jpg,train,Handrise-Read-write,80.88,43.83,200.8,0.81,apta
1429019.jpg,train,Handrise-Read-write,93.82,53.28,873.32,1.56,apta
1429020.jpg,train,Handrise-Read-write,109.23,56.66,476.87,0.77,apta
1429021.jpg,train,Handrise-Read-write,114.43,63.59,921.74,1.62,apta
1429022.jpg,train,Handrise-Read-write,111.03,67.81,861.82,1.31,apta
1429023.jpg,train,Handrise-Read-write,115.4,60.3,493.2,0.79,apta
1429024.jpg,train,Handrise-Read-write,113.06,64.55,522.82,0.79,apta
1429025.jpg,train,Handrise-Read-write,107.77,59.14,688.45,0.99,apta
1429026.jpg,train,Handrise-Read-write,98.39,64.79,1571.47,1.54,apta
1429027.jpg,train,Handrise-Read-write,92.9,64.65,1576.05,1.63,apta
1429028.jpg,train,Handrise-Read-write,97.92,66.73,756.17,1.19,apta
1429029.jpg,train,Handrise-Read-write,115.17,46.8,921.01,1.2,apta
1429031.jpg,train,Handrise-Read-write,137.52,74.41,1462.04,1.99,apta
1429033.jpg,train,Handrise-Read-write,147.35,72.62,1777.08,2.11,apta
1429036.jpg,train,Handrise-Read-write,75.78,76.58,151.84,0.43,apta
1429037.jpg,train,Handrise-Read-write,66.7,76.44,123.98,0.38,apta
1429038.jpg,train,Handrise-Read-write,64.72,67.69,854.59,0.68,apta
1429039.jpg,train,Handrise-Read-write,63.45,71.14,205.03,0.62,apta
1429041.jpg,train,Handrise-Read-write,142.98,79.47,2634.11,2.43,apta
1429042.jpg,train,Handrise-Read-write,143.93,79.38,3883.51,3.26,apta
142_000873.jpg,train,BowTurnHead,91.16,67.59,3760.83,4.71,apta
142_000882.jpg,train,BowTurnHead,90.11,67.85,3607.92,4.54,apta
142_000893.jpg,train,BowTurnHead,89.96,67.85,3587.44,4.46,apta
142_000916.jpg,train,BowTurnHead,89.98,67.63,3515.39,4.48,apta
1431001.jpg,train,Handrise-Read-write,115.95,64.31,178.33,0.46,apta
1431002.jpg,train,Handrise-Read-write,95.24,68.08,434.08,0.74,apta
1431003.jpg,train,Handrise-Read-write,98.0,68.98,243.03,0.52,apta
1431004.jpg,train,Handrise-Read-write,100.72,54.55,552.95,1.02,apta
1431005.jpg,train,Handrise-Read-write,89.9,55.41,260.17,0.7,apta
1431007.jpg,train,Handrise-Read-write,105.5,81.15,533.4,0.71,apta
1431008.jpg,train,Handrise-Read-write,86.43,76.47,97.25,0.3,no apta
1431009.jpg,train,Handrise-Read-write,79.45,51.08,857.8,1.85,apta
1431010.jpg,train,Handrise-Read-write,88.17,55.79,312.47,0.96,apta
1431011.jpg,train,Handrise-Read-write,92.05,54.89,547.68,1.42,apta
1431012.jpg,train,Handrise-Read-write,111.87,53.12,214.2,0.72,apta
1431013.jpg,train,Handrise-Read-write,102.74,62.08,46.09,0.31,no apta
1431014.jpg,train,Handrise-Read-write,97.11,67.53,302.06,0.66,apta
1431015.jpg,train,Handrise-Read-write,120.36,76.28,1100.96,1.24,apta
1431017.jpg,train,Handrise-Read-write,133.28,71.83,737.82,1.0,apta
1431018.jpg,train,Handrise-Read-write,98.38,63.5,505.61,0.8,apta
1431019.jpg,train,Handrise-Read-write,128.27,72.71,619.14,0.77,apta
1431020.jpg,train,Handrise-Read-write,102.08,65.16,394.35,0.64,apta
1431021.jpg,train,Handrise-Read-write,111.37,56.57,330.21,0.75,apta
1433001.jpg,val,Handrise-Read-write,66.12,45.88,143.61,0.59,apta
1433002.jpg,val,Handrise-Read-write,83.3,70.2,171.88,0.69,apta
1433003.jpg,val,Handrise-Read-write,69.58,44.9,109.09,0.59,apta
1433004.jpg,val,Handrise-Read-write,74.63,49.58,158.14,0.84,apta
1433005.jpg,val,Handrise-Read-write,146.16,71.66,251.72,0.89,apta
1433006.jpg,val,Handrise-Read-write,121.48,79.63,333.18,1.11,apta
1433007.jpg,val,Handrise-Read-write,74.04,47.14,151.85,0.73,apta
1433008.jpg,val,Handrise-Read-write,70.11,45.53,146.55,0.76,apta
1433009.jpg,val,Handrise-Read-write,71.07,46.51,123.26,0.66,apta
1433010.jpg,val,Handrise-Read-write,101.47,52.68,258.64,0.99,apta
1433011.jpg,val,Handrise-Read-write,96.63,62.99,278.92,0.97,apta
1433012.jpg,val,Handrise-Read-write,120.6,59.85,266.0,1.0,apta
1433013.jpg,val,Handrise-Read-write,107.98,52.71,100.52,0.61,apta
1433014.jpg,val,Handrise-Read-write,102.4,53.0,143.38,0.71,apta
1433015.jpg,val,Handrise-Read-write,119.28,59.49,232.2,0.9,apta
1433016.jpg,val,Handrise-Read-write,96.11,59.41,752.86,1.8,apta
143_000574.jpg,train,BowTurnHead,64.39,50.0,1113.73,1.76,apta
143_001048.jpg,train,BowTurnHead,70.89,51.79,1339.95,2.01,apta
143_001056.jpg,train,BowTurnHead,71.08,52.2,1423.8,2.12,apta
143_001065.jpg,train,BowTurnHead,70.44,52.14,1367.97,2.04,apta
143_001267.jpg,train,BowTurnHead,55.78,51.0,854.03,1.38,no apta
143_001440.jpg,train,BowTurnHead,57.06,53.34,852.38,1.42,no apta
143_001471.jpg,train,BowTurnHead,54.38,51.66,757.5,1.25,no apta
143_001477.jpg,train,BowTurnHead,52.37,49.23,932.9,1.52,no apta
143_001519.jpg,train,BowTurnHead,55.94,51.96,899.18,1.47,no apta
143_001747.jpg,train,BowTurnHead,59.51,51.62,1611.53,2.2,no apta
143_002354.jpg,train,BowTurnHead,84.75,57.5,3507.96,5.39,apta
144_000251.jpg,train,BowTurnHead,113.52,79.07,1554.52,2.84,apta
144_000287.jpg,train,BowTurnHead,110.95,78.84,1314.1,2.1,apta
144_001145.jpg,train,BowTurnHead,98.29,78.51,1708.76,2.52,apta
144_001853.jpg,train,BowTurnHead,84.57,70.94,1957.15,3.24,apta
144_001989.jpg,train,BowTurnHead,95.66,80.4,1428.07,2.29,apta
144_002033.jpg,train,BowTurnHead,70.53,72.23,1465.44,2.59,apta
145_000146.jpg,val,BowTurnHead,81.8,71.59,2876.31,3.84,apta
145_000180.jpg,val,BowTurnHead,105.13,63.34,1293.61,2.44,apta
145_000185.jpg,val,BowTurnHead,98.97,65.1,1360.35,2.75,apta
145_000210.jpg,val,BowTurnHead,84.97,71.14,2865.98,3.82,apta
145_000225.jpg,val,BowTurnHead,83.3,71.3,3056.01,4.02,apta
145_000229.jpg,val,BowTurnHead,83.17,71.54,2994.09,3.96,apta
145_000235.jpg,val,BowTurnHead,83.32,71.69,2902.31,3.88,apta
145_000386.jpg,val,BowTurnHead,90.61,75.27,2501.46,3.18,apta
145_000595.jpg,val,BowTurnHead,83.53,72.8,3483.67,4.37,apta
145_000658.jpg,val,BowTurnHead,84.07,73.82,3460.38,4.35,apta
145_000683.jpg,val,BowTurnHead,86.48,74.08,3578.5,4.54,apta
145_000684.jpg,val,BowTurnHead,86.04,74.43,3543.74,4.47,apta
145_000864.jpg,val,BowTurnHead,115.15,67.17,1272.84,2.28,apta
145_001416.jpg,val,BowTurnHead,98.33,78.11,3329.33,3.72,apta
145_001418.jpg,val,BowTurnHead,103.64,78.69,3460.79,3.92,apta
145_001534.jpg,val,BowTurnHead,97.27,59.97,919.46,1.78,apta
145_001546.jpg,val,BowTurnHead,120.36,70.54,1155.77,2.39,apta
148_000299.jpg,train,Handrise-Read-write,108.86,74.4,448.08,1.0,apta
149_000338.jpg,train,BowTurnHead,101.86,46.36,614.84,1.54,apta
149_000353.jpg,train,BowTurnHead,101.38,46.31,644.59,1.61,apta
149_000390.jpg,train,BowTurnHead,75.63,43.24,544.58,1.31,apta
149_000393.jpg,train,BowTurnHead,75.54,43.19,548.63,1.35,apta
149_000401.jpg,train,BowTurnHead,98.47,54.15,418.87,1.25,apta
149_000465.jpg,train,BowTurnHead,88.78,54.63,358.16,1.16,apta
149_000489.jpg,train,BowTurnHead,86.0,52.49,398.52,1.23,apta
149_000589.jpg,train,BowTurnHead,90.29,54.83,407.99,1.01,apta
149_000618.jpg,train,BowTurnHead,94.84,55.76,404.35,1.21,apta
149_001063.jpg,train,BowTurnHead,112.21,49.15,567.07,1.44,apta
149_001069.jpg,train,BowTurnHead,105.83,45.97,641.78,1.66,apta
149_001089.jpg,train,BowTurnHead,97.17,47.69,669.85,1.85,apta
149_001095.jpg,train,BowTurnHead,97.55,58.07,410.41,1.23,apta
149_001108.jpg,train,BowTurnHead,95.68,58.03,399.49,1.19,apta
149_001502.jpg,train,BowTurnHead,101.94,47.07,641.6,1.6,apta
149_001544.jpg,train,BowTurnHead,100.13,56.95,426.12,1.2,apta
149_001589.jpg,train,BowTurnHead,102.89,63.97,431.22,0.93,apta
149_001598.jpg,train,BowTurnHead,100.9,62.35,174.47,0.63,apta
149_001600.jpg,train,BowTurnHead,103.53,48.0,616.87,1.53,apta
149_001608.jpg,train,BowTurnHead,103.33,47.05,634.07,1.59,apta
149_001609.jpg,train,BowTurnHead,102.54,46.99,617.68,1.56,apta
149_001610.jpg,train,BowTurnHead,102.59,47.03,622.52,1.6,apta
149_001626.jpg,train,BowTurnHead,101.66,46.51,640.53,1.58,apta
149_001631.jpg,train,BowTurnHead,101.41,46.51,653.49,1.64,apta
149_001637.jpg,train,BowTurnHead,71.79,35.85,233.22,1.03,apta
149_001647.jpg,train,BowTurnHead,92.24,43.71,258.22,1.1,apta
149_001662.jpg,train,BowTurnHead,92.17,43.78,252.7,1.07,apta
149_001673.jpg,train,BowTurnHead,101.46,47.17,657.63,1.66,apta
149_001682.jpg,train,BowTurnHead,89.77,47.19,250.78,1.09,apta
149_001697.jpg,train,BowTurnHead,89.77,47.22,255.2,1.1,apta
149_001704.jpg,train,BowTurnHead,100.79,46.17,643.28,1.62,apta
149_001711.jpg,train,BowTurnHead,101.29,46.11,668.65,1.64,apta
149_001712.jpg,train,BowTurnHead,100.89,46.19,671.58,1.68,apta
149_001717.jpg,train,BowTurnHead,101.56,46.12,663.93,1.64,apta
149_001730.jpg,train,BowTurnHead,100.31,45.93,641.96,1.63,apta
149_001741.jpg,train,BowTurnHead,100.65,46.07,666.49,1.64,apta
149_001759.jpg,train,BowTurnHead,99.94,45.89,652.32,1.63,apta
149_001791.jpg,train,BowTurnHead,97.72,57.74,447.03,1.22,apta
149_001814.jpg,train,BowTurnHead,95.97,58.57,380.08,0.96,apta
149_001832.jpg,train,BowTurnHead,97.78,57.96,456.08,1.24,apta
149_001858.jpg,train,BowTurnHead,95.73,57.32,466.51,1.3,apta
149_001867.jpg,train,BowTurnHead,95.89,57.29,450.4,1.29,apta
149_001904.jpg,train,BowTurnHead,96.39,57.49,451.63,1.33,apta
149_001919.jpg,train,BowTurnHead,92.16,58.86,386.2,1.08,apta
149_001926.jpg,train,BowTurnHead,98.58,58.04,448.2,1.18,apta
149_001998.jpg,train,BowTurnHead,99.97,45.06,723.82,1.79,apta
149_002107.jpg,train,BowTurnHead,99.88,44.42,700.75,1.78,apta
149_002323.jpg,train,BowTurnHead,92.46,60.37,396.37,1.09,apta
149_002349.jpg,train,BowTurnHead,96.88,57.35,443.41,1.3,apta
14_000032.jpg,train,Handrise-Read-write,95.27,42.52,751.84,0.89,apta
15_000151.jpg,train,BowTurnHead,96.88,52.26,291.75,0.72,apta
15_000154.jpg,train,BowTurnHead,97.17,53.39,319.87,0.8,apta
15_000155.jpg,train,BowTurnHead,96.72,53.15,322.49,0.8,apta
15_000156.jpg,train,BowTurnHead,97.12,52.88,323.41,0.81,apta
15_000162.jpg,train,BowTurnHead,97.43,52.26,286.36,0.7,apta
15_000173.jpg,train,BowTurnHead,99.83,54.12,345.03,0.84,apta
15_000178.jpg,train,Handrise-Read-write+BowTurnHead,105.13,49.38,562.95,1.5,apta
15_000179.jpg,train,BowTurnHead,99.99,54.09,311.74,0.77,apta
15_000204.jpg,train,Handrise-Read-write+BowTurnHead,104.03,49.69,490.58,1.31,apta
15_000417.jpg,train,Handrise-Read-write+BowTurnHead,105.07,50.41,556.89,1.43,apta
15_000418.jpg,train,Handrise-Read-write+BowTurnHead,105.41,50.23,577.75,1.46,apta
15_000419.jpg,train,Handrise-Read-write+BowTurnHead,105.4,50.16,582.09,1.51,apta
15_000421.jpg,train,Handrise-Read-write+BowTurnHead,105.22,50.44,583.24,1.48,apta
15_000422.jpg,train,Handrise-Read-write+BowTurnHead,105.3,50.53,566.52,1.46,apta
15_000423.jpg,train,Handrise-Read-write+BowTurnHead,105.63,50.64,601.79,1.55,apta
15_000424.jpg,train,Handrise-Read-write+BowTurnHead,105.35,50.39,590.53,1.52,apta
15_000425.jpg,train,Handrise-Read-write+BowTurnHead,105.34,50.25,593.94,1.52,apta
15_000429.jpg,train,Handrise-Read-write+BowTurnHead,105.53,50.45,603.19,1.54,apta
15_000431.jpg,train,Handrise-Read-write+BowTurnHead,105.62,50.28,579.55,1.48,apta
15_000432.jpg,train,Handrise-Read-write+BowTurnHead,105.2,50.16,586.08,1.5,apta
15_000433.jpg,train,Handrise-Read-write+BowTurnHead,105.07,50.17,586.87,1.5,apta
15_000437.jpg,train,Handrise-Read-write+BowTurnHead,104.46,50.3,582.48,1.5,apta
15_000438.jpg,train,Handrise-Read-write+BowTurnHead,104.96,50.37,591.57,1.51,apta
15_000470.jpg,train,Handrise-Read-write+BowTurnHead,104.87,50.34,584.71,1.51,apta
15_000476.jpg,train,Handrise-Read-write+BowTurnHead,105.57,50.46,591.47,1.51,apta
15_000605.jpg,train,BowTurnHead,102.33,53.22,327.04,0.77,apta
15_001191.jpg,train,Handrise-Read-write+BowTurnHead,104.39,49.26,539.39,1.41,apta
15_001192.jpg,train,Handrise-Read-write+BowTurnHead,104.19,49.4,574.9,1.47,apta
15_001193.jpg,train,Handrise-Read-write+BowTurnHead,104.55,49.59,564.63,1.46,apta
15_001195.jpg,train,Handrise-Read-write+BowTurnHead,104.64,49.42,598.41,1.55,apta
15_001201.jpg,train,Handrise-Read-write+BowTurnHead,104.3,49.55,589.21,1.51,apta
15_001214.jpg,train,Handrise-Read-write+BowTurnHead,104.54,49.43,560.21,1.46,apta
15_001215.jpg,train,Handrise-Read-write+BowTurnHead,104.8,49.6,579.46,1.51,apta
15_001220.jpg,train,Handrise-Read-write+BowTurnHead,104.61,49.86,596.13,1.53,apta
15_001224.jpg,train,Handrise-Read-write+BowTurnHead,104.66,49.62,568.54,1.48,apta
15_001226.jpg,train,Handrise-Read-write+BowTurnHead,104.68,49.42,574.06,1.49,apta
15_001228.jpg,train,Handrise-Read-write+BowTurnHead,96.82,50.97,336.48,0.79,apta
15_001453.jpg,train,Handrise-Read-write+BowTurnHead,99.51,51.84,365.45,0.8,apta
15_001500.jpg,train,Handrise-Read-write+BowTurnHead,106.4,49.03,524.47,1.35,apta
15_001501.jpg,train,Handrise-Read-write+BowTurnHead,105.61,49.04,539.78,1.38,apta
15_001505.jpg,train,Handrise-Read-write+BowTurnHead,105.57,49.28,532.75,1.37,apta
15_001508.jpg,train,Handrise-Read-write+BowTurnHead,105.47,49.38,542.67,1.43,apta
15_001509.jpg,train,Handrise-Read-write+BowTurnHead,105.69,49.53,568.91,1.47,apta
15_001512.jpg,train,Handrise-Read-write+BowTurnHead,105.68,49.44,536.66,1.39,apta
15_001517.jpg,train,Handrise-Read-write+BowTurnHead,105.88,50.02,566.66,1.44,apta
15_001585.jpg,train,Handrise-Read-write+BowTurnHead,106.6,50.28,535.77,1.33,apta
15_001586.jpg,train,Handrise-Read-write+BowTurnHead,106.7,50.64,601.23,1.5,apta
15_001596.jpg,train,Handrise-Read-write+BowTurnHead,105.91,50.06,585.1,1.5,apta
15_001597.jpg,train,Handrise-Read-write+BowTurnHead,106.08,49.86,601.32,1.51,apta
15_001775.jpg,train,Handrise-Read-write+BowTurnHead,106.21,48.84,523.18,1.37,apta
15_001804.jpg,train,Handrise-Read-write+BowTurnHead,105.85,49.44,574.75,1.47,apta
15_001807.jpg,train,Handrise-Read-write+BowTurnHead,106.14,49.32,516.75,1.32,apta
15_001814.jpg,train,Handrise-Read-write+BowTurnHead,106.15,49.53,563.97,1.46,apta
15_001819.jpg,train,Handrise-Read-write+BowTurnHead,105.84,49.64,600.55,1.54,apta
15_001828.jpg,train,Handrise-Read-write+BowTurnHead,106.14,49.72,554.78,1.46,apta
15_001836.jpg,train,Handrise-Read-write+BowTurnHead,106.19,49.64,591.02,1.52,apta
15_001858.jpg,train,Handrise-Read-write+BowTurnHead,105.39,49.96,536.49,1.4,apta
15_001875.jpg,train,Handrise-Read-write+BowTurnHead,106.24,49.95,568.24,1.47,apta
15_001882.jpg,train,Handrise-Read-write+BowTurnHead,106.04,50.04,583.14,1.51,apta
15_001884.jpg,train,Handrise-Read-write+BowTurnHead,106.14,49.86,572.27,1.49,apta
15_001886.jpg,train,Handrise-Read-write+BowTurnHead,106.52,49.39,528.17,1.41,apta
15_001892.jpg,train,Handrise-Read-write+BowTurnHead,106.54,49.72,559.37,1.47,apta
15_001896.jpg,train,Handrise-Read-write+BowTurnHead,106.42,49.88,576.98,1.48,apta
15_001899.jpg,train,Handrise-Read-write+BowTurnHead,106.65,49.72,549.7,1.45,apta
15_001901.jpg,train,Handrise-Read-write+BowTurnHead,106.43,49.95,565.44,1.47,apta
15_001915.jpg,train,Handrise-Read-write+BowTurnHead,106.23,50.06,579.56,1.49,apta
15_001917.jpg,train,Handrise-Read-write+BowTurnHead,106.04,49.77,544.98,1.42,apta
15_001982.jpg,train,Handrise-Read-write+BowTurnHead,106.33,49.75,556.27,1.46,apta
15_001990.jpg,train,Handrise-Read-write+BowTurnHead,105.64,49.83,576.3,1.49,apta
15_002004.jpg,train,Handrise-Read-write+BowTurnHead,105.97,49.64,561.13,1.42,apta
15_002005.jpg,train,Handrise-Read-write+BowTurnHead,105.92,49.81,581.53,1.47,apta
15_002006.jpg,train,Handrise-Read-write+BowTurnHead,105.83,49.87,585.36,1.49,apta
15_002030.jpg,train,Handrise-Read-write+BowTurnHead,105.58,49.8,535.9,1.41,apta
15_002032.jpg,train,Handrise-Read-write+BowTurnHead,104.89,50.08,514.62,1.36,apta
15_002037.jpg,train,Handrise-Read-write+BowTurnHead,106.19,49.72,552.42,1.46,apta
15_002052.jpg,train,Handrise-Read-write+BowTurnHead,104.46,49.71,533.27,1.4,apta
15_002053.jpg,train,Handrise-Read-write+BowTurnHead,100.46,53.12,310.3,0.76,apta
15_002056.jpg,train,Handrise-Read-write+BowTurnHead,105.53,49.25,501.04,1.34,apta
16_000144.jpg,train,BowTurnHead,100.4,38.11,396.26,0.97,apta
16_000145.jpg,train,BowTurnHead,100.66,38.07,400.1,0.97,apta
16_000149.jpg,train,BowTurnHead,100.7,38.18,397.21,0.97,apta
16_000151.jpg,train,BowTurnHead,100.64,38.18,402.91,0.99,apta
16_000312.jpg,train,BowTurnHead,99.84,38.41,391.65,0.95,apta
16_000314.jpg,train,BowTurnHead,99.99,38.33,390.8,0.96,apta
16_000317.jpg,train,BowTurnHead,100.22,38.31,394.05,0.97,apta
16_000319.jpg,train,BowTurnHead,100.1,38.42,398.67,0.99,apta
16_000695.jpg,train,Handrise-Read-write+BowTurnHead,114.29,38.68,521.9,1.35,apta
16_000699.jpg,train,Handrise-Read-write+BowTurnHead,114.47,38.64,524.46,1.35,apta
16_000706.jpg,train,Handrise-Read-write+BowTurnHead,114.45,38.6,502.73,1.3,apta
16_000710.jpg,train,Handrise-Read-write+BowTurnHead,114.28,38.59,512.78,1.31,apta
16_000716.jpg,train,BowTurnHead,114.46,38.39,509.01,1.3,apta
16_000719.jpg,train,Handrise-Read-write+BowTurnHead,114.18,38.65,515.29,1.35,apta
16_000721.jpg,train,Handrise-Read-write+BowTurnHead,114.33,38.56,498.0,1.3,apta
16_000726.jpg,train,Handrise-Read-write+BowTurnHead,114.25,38.69,514.66,1.34,apta
16_000730.jpg,train,Handrise-Read-write+BowTurnHead,114.18,38.64,533.02,1.37,apta
16_000737.jpg,train,Handrise-Read-write+BowTurnHead,114.31,38.59,506.25,1.32,apta
16_000739.jpg,train,Handrise-Read-write+BowTurnHead,114.18,38.57,511.95,1.33,apta
16_000745.jpg,train,Handrise-Read-write+BowTurnHead,114.45,38.48,504.83,1.32,apta
16_000752.jpg,train,Handrise-Read-write+BowTurnHead,114.18,38.64,518.39,1.33,apta
16_000765.jpg,train,Handrise-Read-write+BowTurnHead,114.55,38.54,509.2,1.31,apta
16_000770.jpg,train,Handrise-Read-write,114.68,38.67,521.89,1.36,apta
16_000775.jpg,train,Handrise-Read-write+BowTurnHead,114.47,38.78,536.91,1.37,apta
16_000781.jpg,train,Handrise-Read-write+BowTurnHead,114.67,38.69,525.9,1.35,apta
16_000802.jpg,train,Handrise-Read-write+BowTurnHead,114.22,39.48,527.78,1.34,apta
16_000803.jpg,train,Handrise-Read-write+BowTurnHead,114.28,39.31,502.14,1.29,apta
16_000805.jpg,train,Handrise-Read-write+BowTurnHead,114.22,38.79,485.85,1.26,apta
16_000807.jpg,train,Handrise-Read-write+BowTurnHead,114.04,39.18,536.81,1.38,apta
16_000810.jpg,train,Handrise-Read-write+BowTurnHead,114.02,39.28,523.96,1.35,apta
16_000815.jpg,train,Handrise-Read-write+BowTurnHead,111.98,40.97,530.07,1.34,apta
16_000819.jpg,train,Handrise-Read-write+BowTurnHead,111.7,41.15,547.26,1.39,apta
16_000822.jpg,train,Handrise-Read-write+BowTurnHead,111.8,41.14,548.42,1.39,apta
16_000827.jpg,train,Handrise-Read-write+BowTurnHead,111.51,41.24,541.67,1.37,apta
16_000830.jpg,train,Handrise-Read-write+BowTurnHead,111.55,41.27,544.99,1.38,apta
16_000833.jpg,train,Handrise-Read-write+BowTurnHead,111.51,41.14,530.36,1.35,apta
16_000836.jpg,train,Handrise-Read-write+BowTurnHead,111.83,41.02,518.53,1.3,apta
16_000840.jpg,train,Handrise-Read-write+BowTurnHead,112.01,40.91,495.37,1.29,apta
16_000845.jpg,train,Handrise-Read-write+BowTurnHead,110.14,39.58,450.84,1.18,apta
16_000847.jpg,train,Handrise-Read-write+BowTurnHead,109.76,40.29,497.2,1.28,apta
16_000850.jpg,train,Handrise-Read-write+BowTurnHead,109.75,40.23,518.94,1.36,apta
16_000853.jpg,train,Handrise-Read-write+BowTurnHead,109.77,40.29,529.54,1.37,apta
16_000857.jpg,train,Handrise-Read-write+BowTurnHead,111.4,39.42,483.11,1.25,apta
16_000859.jpg,train,Handrise-Read-write+BowTurnHead,111.14,39.81,512.21,1.32,apta
16_000862.jpg,train,Handrise-Read-write+BowTurnHead,111.33,39.78,517.97,1.34,apta
16_000865.jpg,train,Handrise-Read-write+BowTurnHead,111.28,39.9,540.54,1.38,apta
16_000876.jpg,train,Handrise-Read-write+BowTurnHead,111.7,39.58,490.13,1.28,apta
16_000880.jpg,train,Handrise-Read-write+BowTurnHead,111.61,39.58,509.58,1.33,apta
16_000884.jpg,train,Handrise-Read-write+BowTurnHead,111.46,39.7,507.52,1.33,apta
16_000889.jpg,train,Handrise-Read-write+BowTurnHead,111.96,38.81,480.4,1.28,apta
16_000894.jpg,train,Handrise-Read-write+BowTurnHead,113.51,39.1,538.55,1.4,apta
16_000896.jpg,train,Handrise-Read-write+BowTurnHead,113.86,38.99,536.43,1.39,apta
16_000899.jpg,train,Handrise-Read-write+BowTurnHead,113.92,39.08,543.95,1.4,apta
16_000901.jpg,train,Handrise-Read-write+BowTurnHead,113.8,39.07,540.77,1.39,apta
16_000904.jpg,train,Handrise-Read-write+BowTurnHead,114.04,38.94,543.62,1.4,apta
16_000907.jpg,train,Handrise-Read-write+BowTurnHead,113.96,39.02,538.34,1.39,apta
16_000913.jpg,train,Handrise-Read-write+BowTurnHead,113.5,39.03,514.21,1.33,apta
16_000915.jpg,train,Handrise-Read-write+BowTurnHead,113.81,38.73,536.67,1.37,apta
16_000918.jpg,train,Handrise-Read-write+BowTurnHead,113.87,38.68,550.5,1.39,apta
16_000932.jpg,train,Handrise-Read-write+BowTurnHead,113.35,39.22,522.84,1.35,apta
16_000935.jpg,train,Handrise-Read-write+BowTurnHead,113.33,39.35,548.05,1.41,apta
16_000939.jpg,train,Handrise-Read-write+BowTurnHead,113.26,39.39,553.92,1.42,apta
16_000942.jpg,train,Handrise-Read-write+BowTurnHead,113.33,39.35,552.19,1.42,apta
16_000946.jpg,train,Handrise-Read-write+BowTurnHead,113.58,39.31,545.51,1.4,apta
16_000950.jpg,train,Handrise-Read-write+BowTurnHead,113.64,39.22,552.75,1.41,apta
16_000954.jpg,train,Handrise-Read-write+BowTurnHead,113.66,39.25,567.2,1.43,apta
16_000958.jpg,train,Handrise-Read-write+BowTurnHead,113.62,39.29,575.68,1.46,apta
16_000961.jpg,train,Handrise-Read-write+BowTurnHead,113.64,39.12,546.7,1.4,apta
16_000965.jpg,train,Handrise-Read-write+BowTurnHead,113.55,39.07,541.74,1.39,apta
16_001246.jpg,train,Handrise-Read-write+BowTurnHead,114.05,39.13,550.4,1.37,apta
16_001272.jpg,train,Handrise-Read-write+BowTurnHead,113.86,39.55,565.33,1.4,apta
16_001709.jpg,train,Handrise-Read-write+BowTurnHead,114.74,38.76,562.0,1.41,apta
16_001764.jpg,train,Handrise-Read-write+BowTurnHead,111.3,40.53,439.71,1.15,apta
16_001768.jpg,train,Handrise-Read-write+BowTurnHead,113.38,39.19,527.97,1.33,apta
16_001771.jpg,train,Handrise-Read-write+BowTurnHead,113.62,39.08,537.55,1.34,apta
16_001780.jpg,train,Handrise-Read-write+BowTurnHead,113.35,39.18,505.65,1.28,apta
16_001786.jpg,train,Handrise-Read-write+BowTurnHead,112.86,40.76,497.46,1.24,apta
16_001789.jpg,train,Handrise-Read-write+BowTurnHead,112.74,40.52,504.96,1.28,apta
16_001807.jpg,train,Handrise-Read-write+BowTurnHead,113.76,39.89,511.24,1.31,apta
16_001829.jpg,train,Handrise-Read-write+BowTurnHead,114.06,39.85,535.33,1.35,apta
16_001832.jpg,train,Handrise-Read-write+BowTurnHead,113.96,39.9,553.5,1.4,apta
16_001839.jpg,train,Handrise-Read-write+BowTurnHead,113.94,39.97,552.55,1.39,apta
16_001908.jpg,train,Handrise-Read-write+BowTurnHead,113.58,40.57,539.35,1.31,apta
16_001910.jpg,train,Handrise-Read-write+BowTurnHead,113.77,40.58,606.06,1.5,apta
16_001913.jpg,train,Handrise-Read-write+BowTurnHead,113.83,40.27,567.83,1.42,apta
16_001967.jpg,train,BowTurnHead,103.18,40.82,313.97,0.84,apta
16_001976.jpg,train,BowTurnHead,103.41,40.92,366.58,0.98,apta
16_001977.jpg,train,BowTurnHead,103.49,40.94,377.75,1.0,apta
16_001979.jpg,train,BowTurnHead,103.35,40.91,388.35,1.03,apta
16_001983.jpg,train,BowTurnHead,103.54,40.78,373.01,0.99,apta
16_001986.jpg,train,BowTurnHead,103.41,40.83,374.41,0.99,apta
16_001989.jpg,train,BowTurnHead,103.38,40.91,371.05,0.99,apta
16_002032.jpg,train,Handrise-Read-write+BowTurnHead,115.08,39.02,516.36,1.31,apta
16_002035.jpg,train,Handrise-Read-write+BowTurnHead,115.07,38.91,529.6,1.34,apta
16_002054.jpg,train,Handrise-Read-write+BowTurnHead,114.85,39.34,514.17,1.3,apta
16_002057.jpg,train,Handrise-Read-write+BowTurnHead,114.89,39.32,507.18,1.28,apta
16_002097.jpg,train,Handrise-Read-write+BowTurnHead,114.96,39.09,525.33,1.33,apta
16_002144.jpg,train,Handrise-Read-write+BowTurnHead,113.85,39.49,501.08,1.27,apta
16_002165.jpg,train,Handrise-Read-write+BowTurnHead,112.54,39.75,517.42,1.31,apta
16_002168.jpg,train,Handrise-Read-write+BowTurnHead,112.63,39.96,510.92,1.29,apta
16_002177.jpg,train,Handrise-Read-write+BowTurnHead,112.89,39.7,507.35,1.29,apta
16_002269.jpg,train,Handrise-Read-write+BowTurnHead,101.66,38.85,295.43,0.82,apta
16_002270.jpg,train,Handrise-Read-write+BowTurnHead,101.43,38.7,327.09,0.89,apta
16_002272.jpg,train,Handrise-Read-write,101.26,38.58,344.17,0.91,apta
16_002336.jpg,train,BowTurnHead,99.38,38.67,297.16,0.84,apta
16_002419.jpg,train,BowTurnHead,101.48,40.17,298.07,0.81,apta
16_002439.jpg,train,Handrise-Read-write+BowTurnHead,102.17,40.2,350.66,0.95,apta
16_002451.jpg,train,BowTurnHead,101.71,40.42,364.39,0.98,apta
16_002459.jpg,train,BowTurnHead,102.32,40.33,368.86,1.0,apta
16_002497.jpg,train,BowTurnHead,101.24,40.27,302.35,0.86,apta
16_002498.jpg,train,Handrise-Read-write+BowTurnHead,101.19,40.52,307.5,0.85,apta
16_002503.jpg,train,Handrise-Read-write+BowTurnHead,102.03,40.29,345.0,0.93,apta
17_000066.jpg,val,BowTurnHead,109.32,42.81,305.49,0.93,apta
17_000068.jpg,val,BowTurnHead,109.7,43.35,365.33,1.04,apta
17_000070.jpg,val,BowTurnHead,109.78,43.41,373.14,1.04,apta
17_000077.jpg,val,Handrise-Read-write+BowTurnHead,109.06,43.41,462.3,1.24,apta
17_000078.jpg,val,BowTurnHead,109.18,43.37,457.57,1.23,apta
17_000082.jpg,val,BowTurnHead,109.44,43.65,466.97,1.25,apta
17_000084.jpg,val,BowTurnHead,109.3,43.7,471.15,1.25,apta
17_000087.jpg,val,BowTurnHead,109.5,43.64,477.88,1.28,apta
17_000124.jpg,val,BowTurnHead,110.29,43.67,418.74,1.14,apta
17_000127.jpg,val,BowTurnHead,110.16,43.95,461.73,1.24,apta
17_000132.jpg,val,BowTurnHead,110.07,43.81,457.38,1.23,apta
17_000133.jpg,val,BowTurnHead,110.0,43.79,455.92,1.23,apta
17_000137.jpg,val,BowTurnHead,108.39,43.16,449.94,1.2,apta
17_000138.jpg,val,BowTurnHead,108.23,43.17,455.37,1.21,apta
17_000142.jpg,val,Handrise-Read-write+BowTurnHead,109.3,43.91,490.22,1.32,apta
17_000144.jpg,val,Handrise-Read-write+BowTurnHead,109.58,43.98,501.06,1.34,apta
17_000149.jpg,val,BowTurnHead,110.3,43.63,492.24,1.33,apta
17_000150.jpg,val,BowTurnHead,110.1,43.68,487.99,1.32,apta
17_000182.jpg,val,Handrise-Read-write+BowTurnHead,110.71,43.71,377.99,1.08,apta
17_000185.jpg,val,Handrise-Read-write+BowTurnHead,110.5,44.5,465.89,1.24,apta
17_000187.jpg,val,Handrise-Read-write+BowTurnHead,110.69,44.54,469.3,1.24,apta
17_000232.jpg,val,Handrise-Read-write+BowTurnHead,110.57,43.0,369.96,1.06,apta
17_000234.jpg,val,Handrise-Read-write+BowTurnHead,110.67,43.59,418.8,1.16,apta
17_000242.jpg,val,BowTurnHead,109.03,43.63,449.24,1.21,apta
17_000245.jpg,val,BowTurnHead,109.24,43.84,481.78,1.26,apta
17_000251.jpg,val,BowTurnHead,110.46,44.49,475.55,1.27,apta
17_000253.jpg,val,BowTurnHead,111.03,44.5,539.96,1.43,apta
17_000474.jpg,val,BowTurnHead,110.56,34.34,202.24,0.82,apta
17_000477.jpg,val,BowTurnHead,110.72,44.05,428.8,1.21,apta
17_000482.jpg,val,BowTurnHead,109.18,43.64,427.52,1.19,apta
17_000484.jpg,val,BowTurnHead,109.04,44.27,489.34,1.36,apta
17_000492.jpg,val,BowTurnHead,109.29,43.32,435.96,1.23,apta
17_000494.jpg,val,BowTurnHead,108.82,43.51,437.96,1.23,apta
17_000497.jpg,val,Handrise-Read-write+BowTurnHead,110.13,44.01,459.49,1.28,apta
17_000500.jpg,val,Handrise-Read-write+BowTurnHead,110.07,43.99,482.03,1.34,apta
17_000503.jpg,val,BowTurnHead,109.94,44.01,467.65,1.31,apta
17_000506.jpg,val,BowTurnHead,110.08,44.22,455.49,1.29,apta
17_000521.jpg,val,BowTurnHead,111.16,44.51,488.28,1.35,apta
17_000537.jpg,val,BowTurnHead,110.61,44.61,501.14,1.38,apta
17_000539.jpg,val,BowTurnHead,110.87,44.44,511.54,1.42,apta
17_000545.jpg,val,Handrise-Read-write+BowTurnHead,110.38,44.44,491.81,1.36,apta
17_000548.jpg,val,BowTurnHead,110.58,44.46,504.11,1.39,apta
17_000552.jpg,val,BowTurnHead,110.36,44.22,499.45,1.39,apta
17_000558.jpg,val,BowTurnHead,110.64,44.37,515.32,1.42,apta
17_000561.jpg,val,BowTurnHead,110.5,44.44,507.6,1.4,apta
17_000564.jpg,val,BowTurnHead,110.73,44.29,508.32,1.41,apta
17_000568.jpg,val,BowTurnHead,110.74,44.39,524.45,1.47,apta
17_000573.jpg,val,BowTurnHead,110.42,44.44,514.86,1.44,apta
17_000691.jpg,val,BowTurnHead,93.03,52.58,991.14,1.54,apta
17_000754.jpg,val,Handrise-Read-write+BowTurnHead,108.24,43.98,354.58,1.07,apta
17_000997.jpg,train,Handrise-Read-write,108.2,43.83,392.19,1.15,apta
17_001088.jpg,val,Handrise-Read-write+BowTurnHead,109.4,43.85,309.87,0.98,apta
17_001091.jpg,val,Handrise-Read-write+BowTurnHead,109.7,44.24,388.77,1.14,apta
17_001094.jpg,val,Handrise-Read-write+BowTurnHead,109.66,44.32,382.2,1.12,apta
17_001124.jpg,val,Handrise-Read-write+BowTurnHead,108.52,42.12,251.28,0.86,apta
17_001128.jpg,train,Handrise-Read-write,108.66,42.92,310.33,0.97,apta
17_001296.jpg,val,Handrise-Read-write+BowTurnHead,107.6,43.49,406.16,1.22,apta
17_001299.jpg,val,Handrise-Read-write+BowTurnHead,107.96,43.57,399.31,1.18,apta
17_001305.jpg,val,Handrise-Read-write+BowTurnHead,108.43,43.62,402.95,1.2,apta
17_001313.jpg,val,Handrise-Read-write+BowTurnHead,109.61,43.88,420.78,1.24,apta
17_001347.jpg,val,Handrise-Read-write+BowTurnHead,109.83,43.8,424.57,1.23,apta
17_001350.jpg,val,Handrise-Read-write+BowTurnHead,109.83,43.8,429.42,1.25,apta
17_001356.jpg,val,Handrise-Read-write+BowTurnHead,109.84,44.03,435.68,1.27,apta
17_001363.jpg,val,Handrise-Read-write+BowTurnHead,109.94,44.24,420.17,1.24,apta
17_001365.jpg,val,Handrise-Read-write+BowTurnHead,109.73,44.37,424.61,1.23,apta
17_001375.jpg,val,Handrise-Read-write+BowTurnHead,109.8,43.37,365.87,1.09,apta
17_001380.jpg,val,Handrise-Read-write+BowTurnHead,109.89,43.5,374.22,1.11,apta
17_001382.jpg,val,Handrise-Read-write+BowTurnHead,110.08,43.44,373.61,1.1,apta
17_001487.jpg,val,BowTurnHead,92.32,52.1,915.82,1.49,apta
17_001490.jpg,val,Handrise-Read-write+BowTurnHead,103.93,47.49,866.03,1.58,apta
17_001493.jpg,val,Handrise-Read-write+BowTurnHead,104.16,47.62,924.96,1.62,apta
17_001497.jpg,val,Handrise-Read-write+BowTurnHead,103.77,47.71,1024.06,1.76,apta
17_001501.jpg,val,Handrise-Read-write+BowTurnHead,103.68,47.83,1020.55,1.79,apta
17_001505.jpg,val,BowTurnHead,103.46,48.1,912.61,1.65,apta
17_001613.jpg,val,Handrise-Read-write+BowTurnHead,109.43,43.08,328.41,1.02,apta
17_001642.jpg,val,Handrise-Read-write+BowTurnHead,108.97,43.41,346.06,1.06,apta
17_001668.jpg,val,Handrise-Read-write+BowTurnHead,108.34,42.97,330.88,1.06,apta
17_001705.jpg,val,Handrise-Read-write+BowTurnHead,108.89,43.91,459.7,1.23,apta
17_001712.jpg,val,Handrise-Read-write+BowTurnHead,109.23,44.14,467.75,1.26,apta
17_001734.jpg,val,BowTurnHead,90.66,51.49,1008.08,1.61,apta
17_001737.jpg,val,BowTurnHead,90.69,51.38,999.87,1.62,apta
17_001742.jpg,val,BowTurnHead,90.75,51.53,1013.98,1.62,apta
17_001775.jpg,val,BowTurnHead,90.2,51.14,912.65,1.5,apta
17_001776.jpg,val,BowTurnHead,90.3,51.08,907.57,1.49,apta
17_001808.jpg,val,BowTurnHead,90.18,50.46,849.62,1.43,apta
17_001831.jpg,val,BowTurnHead,90.88,51.48,1010.17,1.64,apta
17_001866.jpg,val,BowTurnHead,91.53,51.87,861.84,1.44,apta
18_000009.jpg,train,BowTurnHead,122.2,56.39,357.37,0.64,apta
18_000010.jpg,train,BowTurnHead,122.73,56.35,346.39,0.64,apta
18_000011.jpg,train,BowTurnHead,122.66,56.23,344.0,0.64,apta
18_000019.jpg,train,BowTurnHead,122.22,55.69,331.25,0.61,apta
18_000046.jpg,train,BowTurnHead,111.36,52.63,366.42,0.77,apta
18_000059.jpg,train,BowTurnHead,111.48,52.62,366.61,0.76,apta
18_000067.jpg,train,BowTurnHead,110.46,50.97,371.24,0.76,apta
18_000082.jpg,train,BowTurnHead,109.85,50.18,388.42,0.78,apta
18_000106.jpg,train,BowTurnHead,111.18,53.94,437.99,0.91,apta
18_000108.jpg,train,BowTurnHead,116.2,44.7,782.92,1.65,apta
18_000110.jpg,train,Handrise-Read-write+BowTurnHead,115.31,45.35,1012.12,2.16,apta
18_000113.jpg,train,Handrise-Read-write+BowTurnHead,115.45,45.38,1041.77,2.21,apta
18_000117.jpg,train,Handrise-Read-write+BowTurnHead,115.45,45.36,1050.13,2.23,apta
18_000121.jpg,train,Handrise-Read-write+BowTurnHead,115.44,45.52,1053.21,2.25,apta
18_000180.jpg,train,Handrise-Read-write+BowTurnHead,105.4,49.98,864.42,2.05,apta
18_000183.jpg,train,Handrise-Read-write+BowTurnHead,105.33,50.38,987.6,2.38,apta
18_000187.jpg,train,Handrise-Read-write+BowTurnHead,104.93,50.11,1026.29,2.45,apta
18_000192.jpg,train,Handrise-Read-write+BowTurnHead,104.95,50.05,977.44,2.38,apta
18_000201.jpg,train,Handrise-Read-write+BowTurnHead,99.16,53.81,998.66,2.07,apta
18_000210.jpg,train,Handrise-Read-write+BowTurnHead,106.33,51.33,866.53,2.0,apta
18_000213.jpg,train,Handrise-Read-write+BowTurnHead,106.63,51.54,1013.35,2.3,apta
18_000217.jpg,train,Handrise-Read-write+BowTurnHead,106.46,51.46,1050.6,2.42,apta
18_000221.jpg,train,Handrise-Read-write+BowTurnHead,111.77,49.51,739.82,1.5,apta
18_000229.jpg,train,Handrise-Read-write+BowTurnHead,106.2,50.56,868.84,1.97,apta
18_000232.jpg,train,Handrise-Read-write+BowTurnHead,106.21,50.93,1055.72,2.4,apta
18_000236.jpg,train,Handrise-Read-write+BowTurnHead,106.14,51.13,1069.89,2.43,apta
18_000239.jpg,train,Handrise-Read-write+BowTurnHead,106.3,51.02,1075.69,2.44,apta
18_000251.jpg,train,BowTurnHead,109.92,52.3,368.1,0.74,apta
18_000255.jpg,train,BowTurnHead,109.81,52.08,368.79,0.75,apta
18_000296.jpg,train,BowTurnHead,109.83,51.29,413.8,0.85,apta
18_000334.jpg,train,BowTurnHead,108.84,47.82,320.01,0.72,apta
18_000353.jpg,train,BowTurnHead,108.8,48.26,326.31,0.73,apta
18_000365.jpg,train,BowTurnHead,108.7,48.07,318.26,0.72,apta
18_000367.jpg,train,BowTurnHead,108.88,48.14,315.04,0.7,apta
18_000388.jpg,train,BowTurnHead,114.17,56.69,310.59,0.68,apta
18_000420.jpg,train,Handrise-Read-write+BowTurnHead,106.7,51.57,1047.32,2.38,apta
18_000423.jpg,train,Handrise-Read-write+BowTurnHead,106.57,51.73,1105.59,2.55,apta
18_000427.jpg,train,Handrise-Read-write+BowTurnHead,106.62,51.74,1095.84,2.52,apta
18_000460.jpg,train,BowTurnHead,114.15,56.73,323.17,0.67,apta
18_000463.jpg,train,Handrise-Read-write,112.6,44.71,778.27,1.57,apta
18_000467.jpg,train,Handrise-Read-write,112.5,44.54,828.7,1.71,apta
18_000474.jpg,train,Handrise-Read-write+BowTurnHead,114.45,45.79,853.52,1.77,apta
18_000506.jpg,train,BowTurnHead,115.92,50.13,1085.96,2.27,apta
18_000509.jpg,train,Handrise-Read-write+BowTurnHead,115.37,50.23,1145.63,2.4,apta
18_000511.jpg,train,Handrise-Read-write+BowTurnHead,114.5,50.19,1116.42,2.36,apta
18_000548.jpg,train,Handrise-Read-write,103.39,54.06,565.86,1.34,apta
18_000551.jpg,train,Handrise-Read-write,103.34,54.28,562.26,1.31,apta
18_000554.jpg,train,Handrise-Read-write,103.87,53.28,515.6,1.21,apta
18_000579.jpg,train,Handrise-Read-write+BowTurnHead,108.9,52.21,1050.52,2.14,apta
18_000581.jpg,train,Handrise-Read-write+BowTurnHead,108.8,52.19,1216.34,2.45,apta
18_000584.jpg,train,Handrise-Read-write+BowTurnHead,107.39,52.71,1220.52,2.49,apta
18_000599.jpg,train,BowTurnHead,111.03,51.64,422.11,0.83,apta
18_000673.jpg,train,BowTurnHead,111.03,52.09,371.59,0.73,apta
18_000729.jpg,train,Handrise-Read-write,103.34,48.5,890.24,1.93,apta
18_000750.jpg,train,BowTurnHead,100.77,50.82,514.65,1.22,apta
18_000752.jpg,train,Handrise-Read-write+BowTurnHead,105.63,50.71,780.87,1.77,apta
18_000755.jpg,train,Handrise-Read-write+BowTurnHead,104.89,51.14,1055.54,2.38,apta
18_000759.jpg,train,Handrise-Read-write+BowTurnHead,105.03,51.19,1030.93,2.36,apta
18_000764.jpg,train,Handrise-Read-write+BowTurnHead,105.12,51.11,1074.58,2.44,apta
18_000771.jpg,train,Handrise-Read-write+BowTurnHead,106.58,50.9,1078.84,2.44,apta
18_000784.jpg,train,Handrise-Read-write+BowTurnHead,100.56,55.48,1096.67,2.31,apta
18_000804.jpg,train,Handrise-Read-write+BowTurnHead,100.17,51.26,503.89,1.21,apta
18_000884.jpg,train,Handrise-Read-write+BowTurnHead,103.64,54.91,1208.4,2.55,apta
18_000917.jpg,train,Handrise-Read-write,98.43,44.65,624.79,1.46,apta
18_000920.jpg,train,Handrise-Read-write,103.06,46.89,660.25,1.51,apta
18_000926.jpg,train,Handrise-Read-write,102.66,46.36,675.29,1.54,apta
18_001012.jpg,train,Handrise-Read-write+BowTurnHead,100.26,50.86,931.15,1.98,apta
18_001035.jpg,train,Handrise-Read-write+BowTurnHead,99.89,50.39,936.74,1.97,apta
18_001045.jpg,train,Handrise-Read-write+BowTurnHead,100.41,50.41,921.97,1.95,apta
18_001050.jpg,train,Handrise-Read-write+BowTurnHead,99.92,50.57,907.68,1.94,apta
18_001196.jpg,train,BowTurnHead,99.82,49.86,514.72,1.19,apta
18_001203.jpg,train,Handrise-Read-write+BowTurnHead,102.26,50.21,1011.87,2.08,apta
18_001208.jpg,train,Handrise-Read-write+BowTurnHead,102.11,50.83,948.01,1.97,apta
18_001230.jpg,train,BowTurnHead,99.83,49.54,543.48,1.27,apta
18_001233.jpg,train,BowTurnHead,99.43,49.71,549.19,1.27,apta
18_001283.jpg,train,BowTurnHead,118.9,40.28,741.33,1.56,apta
18_001321.jpg,train,Handrise-Read-write+BowTurnHead,98.61,47.68,961.06,2.06,apta
18_001325.jpg,train,Handrise-Read-write+BowTurnHead,99.25,48.43,1011.77,2.21,apta
18_001351.jpg,train,BowTurnHead,112.67,54.44,332.14,0.68,apta
18_001397.jpg,train,Handrise-Read-write+BowTurnHead,105.94,50.13,1129.63,2.37,apta
18_001400.jpg,train,Handrise-Read-write+BowTurnHead,105.51,50.1,1143.4,2.41,apta
18_001434.jpg,train,Handrise-Read-write+BowTurnHead,105.16,50.57,1134.15,2.38,apta
18_001448.jpg,train,Handrise-Read-write+BowTurnHead,106.51,51.17,1202.19,2.51,apta
18_001481.jpg,train,BowTurnHead,108.81,50.65,1042.98,2.17,apta
18_001489.jpg,train,Handrise-Read-write+BowTurnHead,108.31,50.69,1284.39,2.67,apta
18_001494.jpg,train,Handrise-Read-write+BowTurnHead,108.34,50.61,1230.33,2.56,apta
18_001499.jpg,train,Handrise-Read-write+BowTurnHead,107.92,51.81,1171.64,2.4,apta
18_001504.jpg,train,BowTurnHead,108.39,51.56,1145.42,2.33,apta
18_001507.jpg,train,Handrise-Read-write+BowTurnHead,108.19,51.51,1167.31,2.4,apta
18_001512.jpg,train,Handrise-Read-write+BowTurnHead,107.6,51.33,1180.31,2.43,apta
18_001516.jpg,train,Handrise-Read-write+BowTurnHead,108.05,51.39,1251.2,2.56,apta
18_001519.jpg,train,Handrise-Read-write+BowTurnHead,108.26,51.16,1206.91,2.5,apta
18_001653.jpg,train,BowTurnHead,108.57,48.02,494.4,0.92,apta
18_001705.jpg,train,Handrise-Read-write+BowTurnHead,104.92,48.33,1109.01,2.36,apta
18_001709.jpg,train,Handrise-Read-write+BowTurnHead,104.59,48.45,1123.44,2.35,apta
18_001713.jpg,train,Handrise-Read-write+BowTurnHead,104.54,48.23,1090.31,2.31,apta
18_001729.jpg,train,Handrise-Read-write+BowTurnHead,104.39,48.11,1104.04,2.34,apta
18_001735.jpg,train,Handrise-Read-write+BowTurnHead,104.81,48.47,1118.45,2.4,apta
18_001749.jpg,train,Handrise-Read-write+BowTurnHead,104.76,48.96,1060.95,2.25,apta
18_001768.jpg,train,Handrise-Read-write+BowTurnHead,105.19,48.5,1075.05,2.28,apta
18_001772.jpg,train,Handrise-Read-write+BowTurnHead,105.39,48.96,1107.17,2.35,apta
18_001799.jpg,train,Handrise-Read-write,102.12,49.24,581.8,1.31,apta
18_001803.jpg,train,Handrise-Read-write,102.41,49.26,596.15,1.33,apta
18_001914.jpg,train,Handrise-Read-write+BowTurnHead,104.52,51.02,1014.71,2.41,apta
18_001928.jpg,train,Handrise-Read-write+BowTurnHead,104.21,50.91,1005.44,2.38,apta
18_001932.jpg,train,Handrise-Read-write+BowTurnHead,104.4,50.96,997.76,2.38,apta
18_001964.jpg,train,Handrise-Read-write+BowTurnHead,105.72,50.26,938.32,2.24,apta
18_001970.jpg,train,Handrise-Read-write+BowTurnHead,106.68,50.3,944.18,2.23,apta
18_001993.jpg,train,Handrise-Read-write+BowTurnHead,106.21,50.97,959.63,2.26,apta
18_002037.jpg,train,Handrise-Read-write+BowTurnHead,104.62,51.13,984.86,2.31,apta
18_002047.jpg,train,Handrise-Read-write+BowTurnHead,104.82,51.17,1012.17,2.4,apta
18_002170.jpg,train,Handrise-Read-write+BowTurnHead,102.51,49.4,542.98,1.17,apta
18_002174.jpg,train,Handrise-Read-write+BowTurnHead,102.79,49.69,593.44,1.28,apta
18_002244.jpg,train,Handrise-Read-write+BowTurnHead,100.75,48.81,592.61,1.32,apta
18_002250.jpg,train,Handrise-Read-write+BowTurnHead,107.7,48.13,472.22,0.88,apta
18_002260.jpg,train,Handrise-Read-write+BowTurnHead,107.56,47.9,510.92,0.95,apta
18_002265.jpg,train,Handrise-Read-write+BowTurnHead,107.42,47.75,511.08,0.96,apta
18_002271.jpg,train,Handrise-Read-write+BowTurnHead,107.68,47.78,518.78,0.97,apta
18_002278.jpg,train,Handrise-Read-write+BowTurnHead,108.08,47.94,523.1,0.98,apta
18_002283.jpg,train,Handrise-Read-write+BowTurnHead,107.89,47.76,514.83,0.96,apta
18_002290.jpg,train,Handrise-Read-write,107.85,47.73,528.19,0.99,apta
18_002296.jpg,train,Handrise-Read-write+BowTurnHead,107.66,47.78,515.49,0.98,apta
18_002303.jpg,train,Handrise-Read-write+BowTurnHead,107.84,47.74,517.72,0.98,apta
18_002347.jpg,train,Handrise-Read-write+BowTurnHead,106.22,47.59,506.68,0.97,apta
18_002354.jpg,train,Handrise-Read-write+BowTurnHead,106.62,48.17,530.1,1.01,apta
18_002361.jpg,train,Handrise-Read-write+BowTurnHead,106.56,48.1,534.22,1.01,apta
18_002371.jpg,train,Handrise-Read-write+BowTurnHead,106.35,47.88,529.03,1.02,apta
18_002379.jpg,train,Handrise-Read-write+BowTurnHead,106.56,47.93,525.04,1.01,apta
18_002387.jpg,train,Handrise-Read-write+BowTurnHead,106.22,47.87,520.83,1.01,apta
18_002397.jpg,train,Handrise-Read-write+BowTurnHead,106.23,47.92,534.22,1.02,apta
18_002406.jpg,train,Handrise-Read-write+BowTurnHead,106.02,47.9,534.51,1.02,apta
18_002415.jpg,train,Handrise-Read-write+BowTurnHead,106.18,47.78,536.16,1.02,apta
18_002447.jpg,train,Handrise-Read-write+BowTurnHead,107.38,47.86,515.95,1.0,apta
18_002463.jpg,train,Handrise-Read-write+BowTurnHead,107.31,47.9,524.32,1.02,apta
19_000419.jpg,val,Handrise-Read-write+BowTurnHead,144.0,51.28,747.94,1.59,apta
19_000431.jpg,val,BowTurnHead,144.69,51.27,704.89,1.5,apta
19_000438.jpg,val,BowTurnHead,143.75,50.42,707.32,1.5,apta
19_000444.jpg,val,BowTurnHead,143.02,50.59,740.8,1.59,apta
19_000446.jpg,val,BowTurnHead,143.26,50.81,735.05,1.57,apta
19_000453.jpg,val,Handrise-Read-write+BowTurnHead,144.7,51.91,691.31,1.5,apta
19_000456.jpg,val,Handrise-Read-write+BowTurnHead,145.31,52.38,736.71,1.55,apta
19_000468.jpg,val,Handrise-Read-write+BowTurnHead,147.14,53.08,778.26,1.63,apta
19_000472.jpg,val,Handrise-Read-write+BowTurnHead,145.67,52.68,731.11,1.54,apta
19_000474.jpg,val,BowTurnHead,145.81,52.65,769.24,1.61,apta
19_000477.jpg,val,BowTurnHead,145.77,52.59,796.62,1.64,apta
19_000531.jpg,val,BowTurnHead,140.8,52.48,681.16,1.49,apta
19_000533.jpg,val,BowTurnHead,148.58,54.85,815.47,1.49,apta
19_000793.jpg,val,Handrise-Read-write+BowTurnHead,150.11,56.47,939.48,1.64,apta
19_000820.jpg,val,BowTurnHead,144.12,53.78,708.51,1.51,apta
19_000906.jpg,val,Handrise-Read-write+BowTurnHead,143.08,53.93,634.14,1.4,apta
19_000909.jpg,val,Handrise-Read-write+BowTurnHead,143.75,54.04,712.38,1.5,apta
19_001127.jpg,val,Handrise-Read-write+BowTurnHead,149.51,56.46,1143.17,2.01,apta
19_001296.jpg,val,BowTurnHead,151.67,64.99,788.3,1.55,apta
19_001313.jpg,val,Handrise-Read-write+BowTurnHead,150.49,64.84,762.29,1.54,apta
19_001339.jpg,val,Handrise-Read-write+BowTurnHead,150.54,65.12,763.26,1.52,apta
19_001342.jpg,val,Handrise-Read-write+BowTurnHead,150.05,65.06,771.66,1.55,apta
19_001347.jpg,val,BowTurnHead,149.3,65.12,759.64,1.52,apta
19_001349.jpg,val,Handrise-Read-write+BowTurnHead,149.17,64.88,772.79,1.54,apta
19_001353.jpg,val,Handrise-Read-write+BowTurnHead,149.12,65.21,803.92,1.58,apta
19_001356.jpg,val,Handrise-Read-write+BowTurnHead,148.87,65.08,806.76,1.59,apta
19_001382.jpg,val,Handrise-Read-write+BowTurnHead,149.89,65.61,781.54,1.53,apta
19_001385.jpg,val,Handrise-Read-write+BowTurnHead,150.73,65.54,808.03,1.55,apta
19_001389.jpg,val,Handrise-Read-write+BowTurnHead,150.94,65.6,823.51,1.58,apta
19_001394.jpg,val,Handrise-Read-write+BowTurnHead,150.65,65.59,858.1,1.66,apta
19_001397.jpg,train,Handrise-Read-write,150.84,65.51,825.11,1.6,apta
19_001432.jpg,val,Handrise-Read-write+BowTurnHead,141.29,54.76,704.52,1.48,apta
19_001652.jpg,val,Handrise-Read-write+BowTurnHead,142.46,53.84,688.09,1.49,apta
19_001655.jpg,val,Handrise-Read-write+BowTurnHead,143.97,53.74,700.53,1.49,apta
19_001658.jpg,val,Handrise-Read-write+BowTurnHead,143.18,53.36,731.33,1.54,apta
19_001790.jpg,val,BowTurnHead,136.6,56.71,662.06,1.16,apta
19_001793.jpg,val,BowTurnHead,137.07,56.5,628.86,1.1,apta
19_001935.jpg,val,Handrise-Read-write+BowTurnHead,147.02,51.02,640.84,1.4,apta
19_001940.jpg,val,Handrise-Read-write+BowTurnHead,148.08,52.16,718.78,1.53,apta
19_001946.jpg,val,Handrise-Read-write+BowTurnHead,146.72,52.07,686.42,1.47,apta
19_001951.jpg,val,Handrise-Read-write+BowTurnHead,146.86,52.0,727.98,1.52,apta
19_001955.jpg,val,Handrise-Read-write+BowTurnHead,146.57,51.11,712.13,1.52,apta
19_001972.jpg,val,BowTurnHead,147.28,51.62,706.16,1.49,apta
19_001977.jpg,val,BowTurnHead,145.86,51.45,677.0,1.46,apta
19_001981.jpg,val,BowTurnHead,146.12,50.91,712.9,1.55,apta
19_001988.jpg,val,BowTurnHead,144.18,50.78,695.56,1.5,apta
19_001996.jpg,val,BowTurnHead,146.3,51.16,687.38,1.49,apta
19_002005.jpg,val,BowTurnHead,147.11,52.36,728.38,1.52,apta
19_002026.jpg,val,BowTurnHead,144.86,50.47,713.8,1.52,apta
19_002029.jpg,val,BowTurnHead,146.56,51.04,705.77,1.51,apta
19_002040.jpg,val,BowTurnHead,146.32,51.61,702.88,1.51,apta
19_002048.jpg,val,Handrise-Read-write+BowTurnHead,147.03,52.12,754.88,1.58,apta
19_002063.jpg,val,Handrise-Read-write+BowTurnHead,145.58,51.14,712.04,1.51,apta
19_002072.jpg,val,Handrise-Read-write+BowTurnHead,146.54,52.63,705.62,1.51,apta
19_002089.jpg,val,Handrise-Read-write+BowTurnHead,143.38,50.42,742.91,1.6,apta
19_002097.jpg,val,Handrise-Read-write+BowTurnHead,143.2,50.94,703.96,1.49,apta
19_002108.jpg,val,Handrise-Read-write+BowTurnHead,147.38,52.58,695.22,1.48,apta
19_002111.jpg,val,Handrise-Read-write+BowTurnHead,147.14,52.29,673.1,1.44,apta
19_002116.jpg,val,BowTurnHead,147.53,52.1,699.82,1.48,apta
19_002335.jpg,val,Handrise-Read-write+BowTurnHead,152.6,64.72,706.7,1.4,apta
19_002429.jpg,val,Handrise-Read-write+BowTurnHead,149.92,64.08,694.85,1.39,apta
19_002436.jpg,val,Handrise-Read-write+BowTurnHead,150.37,64.41,781.06,1.53,apta
19_002470.jpg,val,Handrise-Read-write+BowTurnHead,149.91,64.22,804.32,1.58,apta
19_002486.jpg,val,Handrise-Read-write+BowTurnHead,150.3,64.52,819.77,1.61,apta
20_000047.jpg,train,Handrise-Read-write,124.35,45.03,318.08,0.84,apta
20_000054.jpg,val,BowTurnHead,101.48,66.17,343.55,0.65,apta
20_000056.jpg,train,Handrise-Read-write,114.67,53.5,531.39,1.24,apta
20_000527.jpg,val,BowTurnHead,103.62,58.59,243.94,0.53,apta
20_000639.jpg,train,Handrise-Read-write,118.08,65.67,362.18,0.78,apta
20_000644.jpg,val,Handrise-Read-write+BowTurnHead,115.44,57.54,613.99,1.36,apta
20_000647.jpg,val,Handrise-Read-write+BowTurnHead,114.69,57.07,591.59,1.32,apta
20_000657.jpg,val,Handrise-Read-write+BowTurnHead,115.41,57.42,607.97,1.34,apta
20_000680.jpg,val,Handrise-Read-write+BowTurnHead,115.44,57.34,606.7,1.33,apta
20_000734.jpg,val,Handrise-Read-write+BowTurnHead,111.38,58.55,556.06,1.29,apta
20_000740.jpg,val,Handrise-Read-write+BowTurnHead,115.91,62.08,374.72,0.8,apta
20_000769.jpg,val,Handrise-Read-write+BowTurnHead,108.31,58.13,607.15,1.39,apta
20_000880.jpg,val,BowTurnHead,109.74,66.59,309.45,0.65,apta
20_000881.jpg,val,Handrise-Read-write+BowTurnHead,109.05,66.3,309.02,0.65,apta
20_001002.jpg,train,Handrise-Read-write,120.51,55.68,287.07,0.67,apta
20_001006.jpg,val,Handrise-Read-write+BowTurnHead,116.22,54.39,530.13,1.19,apta
20_001010.jpg,val,Handrise-Read-write+BowTurnHead,116.66,54.12,531.49,1.19,apta
20_001016.jpg,val,Handrise-Read-write+BowTurnHead,116.18,54.01,534.16,1.21,apta
20_001022.jpg,val,Handrise-Read-write+BowTurnHead,115.14,53.76,530.8,1.22,apta
20_001029.jpg,val,Handrise-Read-write+BowTurnHead,115.24,53.76,530.99,1.21,apta
20_001035.jpg,val,Handrise-Read-write+BowTurnHead,116.16,54.13,547.56,1.24,apta
20_001070.jpg,val,Handrise-Read-write+BowTurnHead,117.72,57.02,400.17,0.89,apta
20_001075.jpg,train,Handrise-Read-write,120.05,57.11,422.41,0.91,apta
20_001081.jpg,val,Handrise-Read-write+BowTurnHead,120.2,57.4,416.46,0.92,apta
20_001087.jpg,train,Handrise-Read-write,119.96,57.72,430.8,0.94,apta
20_001097.jpg,val,Handrise-Read-write+BowTurnHead,119.83,57.9,431.77,0.94,apta
20_001106.jpg,train,Handrise-Read-write,118.89,58.0,426.52,0.93,apta
20_001755.jpg,val,Handrise-Read-write+BowTurnHead,111.97,57.09,651.26,1.49,apta
20_001764.jpg,val,Handrise-Read-write+BowTurnHead,111.36,57.48,641.89,1.47,apta
20_001773.jpg,val,Handrise-Read-write+BowTurnHead,111.23,58.01,633.64,1.46,apta
20_001784.jpg,val,Handrise-Read-write+BowTurnHead,110.65,57.68,628.55,1.48,apta
20_001800.jpg,val,Handrise-Read-write+BowTurnHead,111.27,57.46,640.72,1.5,apta
20_001845.jpg,train,Handrise-Read-write,113.13,63.73,378.86,0.81,apta
2109005.jpg,train,Handrise-Read-write,138.41,74.07,1015.11,1.06,apta
2109007.jpg,train,Handrise-Read-write,54.67,62.23,435.03,0.45,no apta
2109008.jpg,train,Handrise-Read-write,125.98,58.83,1781.78,1.27,apta
2109010.jpg,train,Handrise-Read-write,112.16,68.91,348.57,0.68,apta
2109011.jpg,train,Handrise-Read-write,112.61,55.08,309.13,0.65,apta
2109012.jpg,train,Handrise-Read-write,108.54,65.06,896.14,1.09,apta
2109015.jpg,train,Handrise-Read-write,77.46,63.77,358.75,0.6,apta
2109016.jpg,train,Handrise-Read-write,96.12,60.94,655.15,1.01,apta
2109020.jpg,train,Handrise-Read-write,109.96,76.9,1778.8,1.52,apta
2109021.jpg,train,Handrise-Read-write,115.09,73.2,513.51,0.82,apta
2109024.jpg,train,Handrise-Read-write,110.23,62.31,404.6,0.62,apta
2110001.jpg,train,Handrise-Read-write,111.35,81.96,1955.28,1.76,apta
2110002.jpg,train,Handrise-Read-write,113.12,81.43,1761.4,1.78,apta
2110003.jpg,train,Handrise-Read-write,117.53,78.78,1446.22,1.4,apta
2110004.jpg,train,Handrise-Read-write,115.85,80.86,1715.85,1.72,apta
2110005.jpg,train,Handrise-Read-write,116.7,79.02,1466.62,1.69,apta
2110006.jpg,train,Handrise-Read-write,118.33,79.13,1511.82,1.93,apta
2110007.jpg,train,Handrise-Read-write,111.61,79.86,1492.6,1.61,apta
2110008.jpg,train,Handrise-Read-write,131.3,72.42,296.98,0.62,apta
2110009.jpg,train,Handrise-Read-write,100.76,82.01,2010.35,1.89,apta
2110010.jpg,train,Handrise-Read-write,132.03,71.78,1236.59,1.61,apta
2110011.jpg,train,Handrise-Read-write,114.05,82.11,1971.77,1.94,apta
2110012.jpg,train,Handrise-Read-write,123.38,76.61,1286.13,1.6,apta
2110013.jpg,train,Handrise-Read-write,106.49,82.3,1504.63,1.71,apta
2110014.jpg,train,Handrise-Read-write,110.2,87.3,1874.55,1.45,apta
2110015.jpg,train,Handrise-Read-write,108.65,80.91,1704.81,2.05,apta
2110016.jpg,train,Handrise-Read-write,111.06,80.23,2310.43,1.81,apta
2110017.jpg,train,Handrise-Read-write,112.91,81.79,1977.38,1.88,apta
2110033.jpg,train,Handrise-Read-write,103.51,74.21,958.33,0.95,apta
2110034.jpg,train,Handrise-Read-write,109.68,73.93,508.88,0.69,apta
2110035.jpg,train,Handrise-Read-write,104.18,69.45,556.42,0.75,apta
2110037.jpg,train,Handrise-Read-write,97.11,74.04,736.59,0.92,apta
2110038.jpg,train,Handrise-Read-write,94.9,70.18,426.79,0.51,apta
21_000041.jpg,val,BowTurnHead,69.05,76.62,241.75,0.56,apta
21_000045.jpg,val,BowTurnHead,68.79,76.6,244.48,0.58,apta
21_000051.jpg,val,BowTurnHead,68.92,76.7,247.94,0.59,apta
21_000225.jpg,val,BowTurnHead,90.36,69.26,481.29,0.95,apta
21_000228.jpg,val,BowTurnHead,69.0,76.29,263.62,0.55,apta
21_000379.jpg,val,Handrise-Read-write+BowTurnHead,99.1,59.31,939.95,1.86,apta
21_000383.jpg,val,Handrise-Read-write+BowTurnHead,97.91,59.0,934.81,1.87,apta
21_000389.jpg,val,Handrise-Read-write+BowTurnHead,98.49,59.35,914.26,1.85,apta
21_000403.jpg,val,Handrise-Read-write+BowTurnHead,98.86,59.4,942.54,1.88,apta
21_000441.jpg,val,BowTurnHead,90.5,70.37,512.87,1.03,apta
21_000446.jpg,val,BowTurnHead,90.06,70.06,510.11,1.03,apta
21_000466.jpg,val,BowTurnHead,99.87,62.84,1119.83,2.15,apta
21_000470.jpg,val,Handrise-Read-write+BowTurnHead,99.73,63.41,1089.23,2.1,apta
21_000498.jpg,train,Handrise-Read-write,93.55,69.98,539.44,1.08,apta
21_000502.jpg,val,BowTurnHead,89.81,69.46,494.01,1.03,apta
21_000504.jpg,val,Handrise-Read-write+BowTurnHead,90.59,69.5,507.58,1.04,apta
21_000507.jpg,val,Handrise-Read-write+BowTurnHead,98.2,60.2,941.98,1.87,apta
21_000512.jpg,val,Handrise-Read-write+BowTurnHead,99.01,59.38,924.28,1.83,apta
21_000518.jpg,val,BowTurnHead,91.32,69.82,500.58,1.01,apta
21_000804.jpg,val,Handrise-Read-write+BowTurnHead,92.86,71.56,504.02,1.03,apta
21_000808.jpg,val,Handrise-Read-write+BowTurnHead,94.05,71.11,475.74,0.99,apta
21_000847.jpg,val,BowTurnHead,90.16,70.49,471.05,1.01,apta
21_000855.jpg,val,Handrise-Read-write+BowTurnHead,97.33,59.05,884.09,1.73,apta
21_000863.jpg,val,Handrise-Read-write+BowTurnHead,97.5,59.16,904.94,1.75,apta
21_000875.jpg,val,Handrise-Read-write+BowTurnHead,93.34,71.72,510.85,1.07,apta
21_000879.jpg,val,BowTurnHead,92.7,71.39,504.62,1.07,apta
21_000915.jpg,val,Handrise-Read-write+BowTurnHead,97.56,62.43,594.57,1.37,apta
21_000922.jpg,val,Handrise-Read-write+BowTurnHead,97.17,61.58,576.99,1.35,apta
21_000939.jpg,val,Handrise-Read-write+BowTurnHead,91.91,70.5,509.9,1.04,apta
21_000971.jpg,val,BowTurnHead,87.11,69.3,487.82,1.03,apta
21_000974.jpg,val,BowTurnHead,87.19,69.66,444.56,0.99,apta
21_000976.jpg,val,Handrise-Read-write+BowTurnHead,98.52,58.93,917.07,1.8,apta
21_001009.jpg,val,BowTurnHead,87.54,71.96,508.68,1.06,apta
21_001013.jpg,val,Handrise-Read-write+BowTurnHead,99.18,58.84,983.92,1.88,apta
21_001016.jpg,val,Handrise-Read-write+BowTurnHead,99.26,59.17,977.37,1.9,apta
21_001028.jpg,val,Handrise-Read-write+BowTurnHead,98.79,58.96,909.03,1.81,apta
21_001310.jpg,val,BowTurnHead,88.35,67.9,575.02,1.17,apta
21_001328.jpg,val,BowTurnHead,88.95,68.05,572.01,1.14,apta
21_001334.jpg,val,BowTurnHead,88.8,68.54,565.82,1.14,apta
21_001338.jpg,val,Handrise-Read-write+BowTurnHead,89.15,68.58,589.14,1.17,apta
21_001344.jpg,val,BowTurnHead,88.79,68.45,588.16,1.16,apta
21_001349.jpg,val,BowTurnHead,88.57,68.2,581.79,1.16,apta
21_001529.jpg,val,BowTurnHead,94.49,69.69,666.62,1.29,apta
21_001536.jpg,val,BowTurnHead,93.09,68.86,625.59,1.2,apta
21_001608.jpg,val,BowTurnHead,94.46,68.52,599.6,1.18,apta
21_001613.jpg,val,BowTurnHead,93.23,68.64,604.55,1.17,apta
21_001644.jpg,val,Handrise-Read-write+BowTurnHead,100.56,60.36,911.6,1.77,apta
21_001648.jpg,val,Handrise-Read-write+BowTurnHead,99.93,61.0,933.62,1.78,apta
21_001651.jpg,val,Handrise-Read-write+BowTurnHead,101.11,59.94,829.37,1.68,apta
21_001677.jpg,val,BowTurnHead,112.4,59.6,536.7,1.15,apta
21_001695.jpg,val,BowTurnHead,111.03,59.82,539.2,1.16,apta
21_001697.jpg,val,BowTurnHead,111.31,59.97,549.48,1.18,apta
21_001700.jpg,val,BowTurnHead,109.91,59.07,482.67,1.08,apta
21_001706.jpg,val,BowTurnHead,112.6,59.21,501.87,1.09,apta
21_001739.jpg,val,Handrise-Read-write+BowTurnHead,98.56,58.71,892.0,1.76,apta
21_001742.jpg,val,Handrise-Read-write+BowTurnHead,99.09,58.45,888.9,1.75,apta
21_001745.jpg,val,Handrise-Read-write+BowTurnHead,99.46,59.12,849.63,1.68,apta
21_001751.jpg,val,Handrise-Read-write+BowTurnHead,100.19,59.95,827.96,1.63,apta
21_001759.jpg,val,Handrise-Read-write+BowTurnHead,99.14,59.66,811.58,1.61,apta
21_001767.jpg,val,Handrise-Read-write+BowTurnHead,99.29,59.58,845.04,1.67,apta
21_001773.jpg,val,Handrise-Read-write+BowTurnHead,99.16,59.4,867.68,1.72,apta
21_001776.jpg,val,BowTurnHead,100.73,59.0,768.16,1.57,apta
21_002062.jpg,val,Handrise-Read-write+BowTurnHead,108.36,63.33,871.44,1.64,apta
21_002067.jpg,val,Handrise-Read-write+BowTurnHead,108.53,62.84,904.98,1.73,apta
21_002074.jpg,val,Handrise-Read-write+BowTurnHead,107.32,63.02,832.01,1.59,apta
21_002080.jpg,val,Handrise-Read-write+BowTurnHead,107.3,62.92,849.81,1.65,apta
21_002085.jpg,val,Handrise-Read-write+BowTurnHead,106.82,62.26,863.28,1.66,apta
21_002200.jpg,val,BowTurnHead,68.51,76.56,215.89,0.57,apta
21_002204.jpg,val,BowTurnHead,67.12,77.08,224.79,0.61,apta
21_002218.jpg,val,BowTurnHead,67.31,76.91,216.19,0.58,apta
21_002231.jpg,val,BowTurnHead,67.11,76.71,222.17,0.59,apta
21_002249.jpg,val,BowTurnHead,67.45,76.97,220.77,0.59,apta
21_002253.jpg,val,BowTurnHead,67.45,76.87,227.25,0.6,apta
21_002274.jpg,val,BowTurnHead,67.17,76.5,238.49,0.59,apta
21_002296.jpg,val,BowTurnHead,66.9,76.66,229.4,0.59,apta
21_002300.jpg,val,BowTurnHead,66.7,76.8,233.04,0.6,apta
21_002308.jpg,val,BowTurnHead,66.77,76.69,234.24,0.59,apta
21_002359.jpg,val,BowTurnHead,70.27,77.06,250.49,0.63,apta
21_002391.jpg,val,Handrise-Read-write+BowTurnHead,107.2,63.58,897.58,1.74,apta
21_002398.jpg,val,BowTurnHead,89.08,70.01,460.44,1.02,apta
21_002406.jpg,val,BowTurnHead,90.74,70.61,499.91,1.05,apta
21_002410.jpg,val,BowTurnHead,90.72,70.42,513.63,1.09,apta
21_002418.jpg,val,BowTurnHead,90.34,70.41,510.89,1.08,apta
21_002428.jpg,val,BowTurnHead,89.62,70.09,505.09,1.05,apta
21_002432.jpg,val,BowTurnHead,90.42,70.57,487.33,1.0,apta
21_002543.jpg,val,Handrise-Read-write+BowTurnHead,99.11,58.66,881.7,1.75,apta
22_000535.jpg,train,BowTurnHead,89.8,55.16,283.34,0.85,apta
22_000772.jpg,train,Handrise-Read-write+BowTurnHead,123.44,55.88,953.28,2.04,apta
22_000776.jpg,train,Handrise-Read-write+BowTurnHead,123.36,56.04,1061.17,2.3,apta
22_000781.jpg,train,Handrise-Read-write+BowTurnHead,123.59,56.45,1043.77,2.28,apta
22_000839.jpg,train,Handrise-Read-write+BowTurnHead,119.52,58.0,1049.68,2.19,apta
22_000844.jpg,train,Handrise-Read-write+BowTurnHead,120.2,58.13,1099.22,2.31,apta
22_000857.jpg,train,Handrise-Read-write+BowTurnHead,118.06,57.63,1100.99,2.29,apta
22_000870.jpg,train,BowTurnHead,85.6,52.61,313.07,0.93,apta
22_000935.jpg,train,Handrise-Read-write+BowTurnHead,90.16,51.73,249.99,0.79,apta
22_001247.jpg,train,Handrise-Read-write+BowTurnHead,123.81,58.66,908.58,1.87,apta
22_001269.jpg,train,Handrise-Read-write+BowTurnHead,120.0,59.29,1003.35,2.05,apta
22_001280.jpg,train,Handrise-Read-write+BowTurnHead,119.77,60.56,965.86,1.95,apta
22_001359.jpg,train,BowTurnHead,85.77,52.63,252.08,0.76,apta
22_001364.jpg,train,BowTurnHead,85.93,52.12,256.35,0.78,apta
22_001367.jpg,train,BowTurnHead,85.81,52.34,259.52,0.79,apta
22_001371.jpg,train,BowTurnHead,85.71,52.26,257.91,0.78,apta
22_001374.jpg,train,BowTurnHead,86.01,53.29,242.59,0.75,apta
22_001384.jpg,train,BowTurnHead,85.35,51.08,252.82,0.78,apta
22_001391.jpg,train,BowTurnHead,87.83,55.94,246.64,0.78,apta
22_001406.jpg,train,BowTurnHead,88.84,56.74,237.85,0.78,apta
22_001423.jpg,train,BowTurnHead,86.75,51.8,261.97,0.87,apta
22_001435.jpg,train,BowTurnHead,84.54,51.54,276.2,0.89,apta
22_001454.jpg,train,BowTurnHead,85.85,52.18,275.24,0.89,apta
22_001489.jpg,train,BowTurnHead,85.94,51.28,281.79,0.89,apta
22_001498.jpg,train,BowTurnHead,85.67,51.5,281.92,0.88,apta
22_001526.jpg,train,BowTurnHead,85.97,50.78,301.76,0.93,apta
22_001530.jpg,train,BowTurnHead,86.47,50.71,312.49,0.96,apta
22_001535.jpg,train,BowTurnHead,86.36,50.7,306.56,0.94,apta
22_001563.jpg,train,BowTurnHead,85.42,49.0,311.55,0.95,apta
22_001566.jpg,train,BowTurnHead,86.05,48.75,317.59,0.97,apta
22_001569.jpg,train,BowTurnHead,87.29,50.78,301.71,0.94,apta
22_001574.jpg,train,BowTurnHead,87.5,54.34,324.37,0.94,apta
23_000010.jpg,train,BowTurnHead,106.02,67.65,1623.88,1.32,apta
23_000031.jpg,train,BowTurnHead,105.84,68.07,2130.56,1.72,apta
23_000097.jpg,train,BowTurnHead,105.92,68.83,1751.92,1.56,apta
23_000186.jpg,train,BowTurnHead,108.43,69.77,1809.96,1.66,apta
23_000208.jpg,train,BowTurnHead,109.24,70.09,1875.66,1.67,apta
23_000307.jpg,train,BowTurnHead,108.24,69.55,1403.92,1.33,apta
23_000335.jpg,train,BowTurnHead,107.18,70.18,1601.97,1.47,apta
23_000343.jpg,train,BowTurnHead,105.41,69.98,1759.35,1.62,apta
23_000387.jpg,train,BowTurnHead,107.53,71.0,1543.84,1.27,apta
23_000452.jpg,train,BowTurnHead,108.2,70.99,1568.42,1.36,apta
23_000476.jpg,train,BowTurnHead,107.66,70.56,1795.18,1.48,apta
23_000544.jpg,train,BowTurnHead,108.95,71.92,1386.29,1.31,apta
23_000624.jpg,train,BowTurnHead,108.54,70.43,1489.94,1.35,apta
23_000644.jpg,train,BowTurnHead,109.45,70.11,1505.02,1.29,apta
23_000660.jpg,train,BowTurnHead,105.69,67.07,1846.4,1.6,apta
23_000723.jpg,train,BowTurnHead,103.93,65.85,2096.99,1.72,apta
23_000725.jpg,train,BowTurnHead,103.45,66.0,2178.57,1.82,apta
23_000727.jpg,train,BowTurnHead,103.09,66.04,2257.07,1.9,apta
23_000728.jpg,train,BowTurnHead,103.01,65.89,2171.12,1.81,apta
23_000742.jpg,train,BowTurnHead,107.49,69.64,1677.74,1.55,apta
23_000798.jpg,train,BowTurnHead,103.36,59.05,1469.99,2.12,apta
23_000802.jpg,train,BowTurnHead,102.01,58.73,1538.0,2.31,apta
23_000816.jpg,train,BowTurnHead,101.91,58.75,1630.09,2.49,apta
23_000826.jpg,train,BowTurnHead,108.15,68.57,1799.83,1.49,apta
23_000854.jpg,train,BowTurnHead,106.03,69.25,1945.63,1.58,apta
23_000858.jpg,train,BowTurnHead,105.05,68.71,2015.46,1.67,apta
23_000892.jpg,train,BowTurnHead,105.96,69.13,2166.15,1.76,apta
23_000927.jpg,train,BowTurnHead,105.6,68.43,1977.95,1.67,apta
23_001025.jpg,train,BowTurnHead,88.77,48.51,1797.92,1.71,apta
23_001280.jpg,train,BowTurnHead,97.0,54.81,1262.23,2.01,apta
23_001286.jpg,train,BowTurnHead,96.97,54.76,1281.13,2.07,apta
23_001298.jpg,train,BowTurnHead,98.76,55.43,1317.14,2.09,apta
23_001311.jpg,train,BowTurnHead,98.96,55.6,1323.02,2.1,apta
23_001322.jpg,train,BowTurnHead,99.0,56.56,1253.25,2.03,apta
23_001366.jpg,train,BowTurnHead,99.25,56.02,1287.58,2.05,apta
23_001404.jpg,train,BowTurnHead,104.15,55.8,1413.92,2.13,apta
23_001446.jpg,train,BowTurnHead,107.09,67.55,1830.1,1.84,apta
23_001471.jpg,train,BowTurnHead,97.54,56.12,1498.25,2.15,apta
23_001482.jpg,train,BowTurnHead,97.59,56.19,1706.19,2.43,apta
23_001497.jpg,train,BowTurnHead,99.1,55.28,1301.31,1.91,apta
23_001541.jpg,train,BowTurnHead,104.85,68.34,1951.96,1.86,apta
23_001569.jpg,train,BowTurnHead,105.72,68.34,2049.27,1.95,apta
23_001585.jpg,train,BowTurnHead,99.04,60.42,1798.06,2.47,apta
23_001598.jpg,train,BowTurnHead,106.2,68.04,1660.32,1.59,apta
23_001608.jpg,train,BowTurnHead,106.66,68.23,1924.54,1.87,apta
23_001624.jpg,train,BowTurnHead,105.48,68.49,1825.07,1.8,apta
23_001679.jpg,train,BowTurnHead,109.25,71.16,1627.86,1.5,apta
23_001698.jpg,train,BowTurnHead,108.72,71.39,1401.0,1.45,apta
23_001719.jpg,train,BowTurnHead,108.04,71.39,1276.96,1.27,apta
23_001767.jpg,train,BowTurnHead,108.47,71.15,1825.86,1.66,apta
23_001822.jpg,train,BowTurnHead,104.45,54.65,1087.88,1.7,apta
23_001828.jpg,train,BowTurnHead,104.68,55.56,1184.57,1.75,apta
23_001836.jpg,train,BowTurnHead,104.34,54.73,1156.75,1.79,apta
23_001841.jpg,train,BowTurnHead,104.75,55.18,1161.86,1.85,apta
23_001849.jpg,train,BowTurnHead,104.72,55.17,1187.19,1.88,apta
23_001859.jpg,train,BowTurnHead,105.08,55.81,1092.83,1.77,apta
23_001864.jpg,train,BowTurnHead,105.33,56.0,1193.13,1.86,apta
23_001868.jpg,train,BowTurnHead,105.22,55.95,1181.47,1.81,apta
23_001875.jpg,train,BowTurnHead,104.96,55.56,1175.74,1.81,apta
23_001925.jpg,train,BowTurnHead,104.87,55.05,1162.76,1.82,apta
23_001935.jpg,train,BowTurnHead,105.25,55.76,1106.99,1.73,apta
23_001977.jpg,train,BowTurnHead,105.23,55.86,1272.97,1.92,apta
23_002032.jpg,train,BowTurnHead,105.33,55.58,1024.1,1.63,apta
23_002071.jpg,train,BowTurnHead,103.38,55.91,1241.46,1.83,apta
23_002090.jpg,train,BowTurnHead,105.07,56.45,1198.11,1.8,apta
23_002152.jpg,train,BowTurnHead,103.17,56.29,1312.39,1.86,apta
23_002223.jpg,train,BowTurnHead,110.24,70.53,1594.89,1.5,apta
23_002225.jpg,train,BowTurnHead,97.31,59.59,1186.78,1.8,apta
23_002226.jpg,train,BowTurnHead,99.3,57.94,1126.25,1.66,apta
23_002227.jpg,train,BowTurnHead,102.2,57.72,1419.14,2.01,apta
23_002233.jpg,train,BowTurnHead,104.94,67.38,2109.09,2.01,apta
23_002443.jpg,train,BowTurnHead,110.83,71.75,1318.21,1.32,apta
23_002502.jpg,train,BowTurnHead,108.41,70.35,1897.02,1.9,apta
23_002532.jpg,train,BowTurnHead,108.02,69.76,1848.32,1.79,apta
24_000049.jpg,train,BowTurnHead,120.7,53.72,574.6,1.33,apta
24_000056.jpg,train,BowTurnHead,118.25,55.18,607.73,1.43,apta
24_000065.jpg,train,BowTurnHead,119.98,58.19,557.96,1.25,apta
24_000089.jpg,train,BowTurnHead,116.44,60.14,535.98,1.23,apta
24_000096.jpg,train,BowTurnHead,112.57,63.53,855.82,1.34,apta
24_000253.jpg,train,BowTurnHead,131.59,66.73,886.89,1.5,apta
24_000270.jpg,train,BowTurnHead,128.71,64.46,1041.42,1.75,apta
24_000556.jpg,train,BowTurnHead,118.89,56.51,515.62,1.18,apta
24_000564.jpg,train,BowTurnHead,121.74,58.06,556.1,1.25,apta
24_000577.jpg,train,BowTurnHead,118.0,60.35,547.77,1.21,apta
24_000586.jpg,train,BowTurnHead,122.04,58.68,571.8,1.28,apta
24_000594.jpg,train,BowTurnHead,136.83,72.25,539.58,1.17,apta
24_000621.jpg,train,BowTurnHead,109.5,55.25,600.57,1.42,apta
24_000625.jpg,train,BowTurnHead,108.53,56.25,606.09,1.44,apta
24_000629.jpg,train,BowTurnHead,111.09,68.96,372.21,0.9,apta
24_000637.jpg,train,BowTurnHead,113.15,54.0,599.84,1.39,apta
24_000641.jpg,train,BowTurnHead,113.13,54.11,609.41,1.43,apta
24_000644.jpg,train,BowTurnHead,107.3,67.47,372.33,0.94,apta
24_000649.jpg,train,BowTurnHead,119.61,58.51,624.39,1.37,apta
24_000653.jpg,train,BowTurnHead,118.73,57.22,391.02,0.98,apta
24_000659.jpg,train,BowTurnHead,118.85,60.42,390.37,0.94,apta
24_000669.jpg,train,BowTurnHead,107.55,67.62,395.43,0.98,apta
24_000688.jpg,train,BowTurnHead,107.28,66.65,410.16,1.0,apta
24_000788.jpg,train,BowTurnHead,134.52,61.52,940.26,1.74,apta
24_000794.jpg,train,BowTurnHead,131.26,62.96,879.41,1.62,apta
24_000799.jpg,train,BowTurnHead,131.73,62.97,895.99,1.66,apta
24_000826.jpg,train,BowTurnHead,129.27,63.03,963.45,1.79,apta
24_000833.jpg,train,BowTurnHead,129.37,62.61,977.31,1.83,apta
24_000837.jpg,train,BowTurnHead,128.48,63.31,999.48,1.87,apta
24_000850.jpg,train,BowTurnHead,109.01,67.27,401.22,0.96,apta
24_001168.jpg,train,BowTurnHead,114.73,61.89,248.28,0.77,apta
24_001172.jpg,train,BowTurnHead,109.81,63.15,298.87,0.87,apta
24_001178.jpg,train,BowTurnHead,124.31,59.34,989.78,1.89,apta
24_001183.jpg,train,BowTurnHead,123.77,59.68,999.46,1.89,apta
24_001195.jpg,train,BowTurnHead,122.95,60.27,988.4,1.88,apta
24_001200.jpg,train,BowTurnHead,121.56,61.95,977.66,1.82,apta
24_001212.jpg,train,BowTurnHead,122.94,60.37,985.63,1.86,apta
24_001218.jpg,train,BowTurnHead,123.58,60.04,980.17,1.85,apta
24_001229.jpg,train,BowTurnHead,124.08,59.16,984.44,1.85,apta
24_001391.jpg,train,BowTurnHead,119.89,71.13,310.92,0.72,apta
2_000100.jpg,train,Handrise-Read-write+BowTurnHead,89.73,51.17,331.82,0.93,apta
2_000110.jpg,train,Handrise-Read-write+BowTurnHead,90.6,51.12,365.54,1.01,apta
2_000211.jpg,train,Handrise-Read-write+BowTurnHead,93.89,51.63,408.39,1.08,apta
2_000214.jpg,train,BowTurnHead,85.56,49.51,337.2,0.78,apta
2_000219.jpg,train,Handrise-Read-write,69.61,60.0,232.41,0.54,apta
2_000288.jpg,train,BowTurnHead,66.32,58.03,302.13,0.58,apta
2_000290.jpg,train,Handrise-Read-write+BowTurnHead,94.14,51.06,378.74,1.0,apta
2_000299.jpg,train,BowTurnHead,92.14,51.63,395.85,1.08,apta
2_000309.jpg,train,BowTurnHead,92.45,51.43,388.53,1.02,apta
2_000316.jpg,train,BowTurnHead,84.66,48.5,352.22,0.78,apta
2_000317.jpg,train,BowTurnHead,71.83,57.64,275.72,0.53,apta
2_000320.jpg,train,Handrise-Read-write+BowTurnHead,93.84,51.36,402.18,1.07,apta
2_000365.jpg,train,BowTurnHead,85.18,48.42,362.51,0.79,apta
2_000369.jpg,train,BowTurnHead,89.19,48.4,259.78,0.51,apta
2_000371.jpg,train,Handrise-Read-write+BowTurnHead,90.34,49.53,384.51,1.02,apta
2_000382.jpg,train,Handrise-Read-write+BowTurnHead,93.71,49.93,417.15,1.09,apta
2_000392.jpg,train,BowTurnHead,90.49,50.34,397.79,1.06,apta
2_000782.jpg,train,Handrise-Read-write+BowTurnHead,93.5,51.7,375.34,1.02,apta
2_000784.jpg,train,Handrise-Read-write+BowTurnHead,94.5,53.53,387.07,1.03,apta
2_000795.jpg,train,BowTurnHead,83.17,48.45,315.25,0.72,apta
2_000921.jpg,train,BowTurnHead,84.13,49.08,286.13,0.68,apta
2_001063.jpg,train,Handrise-Read-write+BowTurnHead,88.77,51.19,377.97,1.03,apta
2_001065.jpg,train,BowTurnHead,84.27,48.11,300.57,0.68,apta
2_001068.jpg,train,BowTurnHead,71.71,52.01,206.49,0.48,apta
2_001077.jpg,train,Handrise-Read-write+BowTurnHead,91.86,51.01,328.73,0.87,apta
2_001085.jpg,train,BowTurnHead,71.69,51.96,214.39,0.5,apta
2_001099.jpg,train,BowTurnHead,84.33,48.39,319.19,0.72,apta
2_001122.jpg,train,BowTurnHead,83.35,48.1,314.42,0.71,apta
2_001349.jpg,train,BowTurnHead,82.84,47.26,311.85,0.73,apta
2_001368.jpg,train,BowTurnHead,82.62,47.35,310.11,0.74,apta
2_001384.jpg,train,BowTurnHead,82.8,47.38,315.34,0.74,apta
2_001469.jpg,train,BowTurnHead,91.24,50.28,327.1,0.91,apta
2_001498.jpg,train,BowTurnHead,82.63,48.14,320.16,0.72,apta
2_001572.jpg,train,BowTurnHead,81.73,48.66,308.55,0.7,apta
2_001703.jpg,train,Handrise-Read-write+BowTurnHead,91.93,51.03,348.78,0.96,apta
2_001763.jpg,train,BowTurnHead,74.27,52.75,235.58,0.55,apta
2_001812.jpg,train,BowTurnHead,63.34,55.94,255.05,0.52,apta
2_001818.jpg,train,Handrise-Read-write+BowTurnHead,90.12,56.14,211.09,0.69,apta
2_001848.jpg,train,Handrise-Read-write+BowTurnHead,91.08,52.33,379.59,1.02,apta
2_001962.jpg,train,BowTurnHead,83.59,48.77,305.98,0.71,apta
2_001970.jpg,train,BowTurnHead,83.56,49.0,303.47,0.71,apta
2_001992.jpg,train,BowTurnHead,83.95,48.87,302.23,0.7,apta
3000001.jpg,train,Handrise-Read-write,94.39,46.7,399.67,1.04,apta
3000002.jpg,train,Handrise-Read-write,94.76,46.68,352.8,1.02,apta
3000003.jpg,train,Handrise-Read-write,104.34,46.02,584.72,1.55,apta
3000004.jpg,train,Handrise-Read-write,104.92,46.24,575.96,1.57,apta
3000005.jpg,train,Handrise-Read-write,103.73,46.56,558.63,1.53,apta
3000006.jpg,train,Handrise-Read-write,109.42,45.51,612.24,1.62,apta
3000007.jpg,train,Handrise-Read-write,103.77,47.31,610.69,1.59,apta
3000008.jpg,train,Handrise-Read-write,103.67,45.91,602.85,1.62,apta
3000009.jpg,train,Handrise-Read-write,94.84,38.91,853.63,2.04,apta
3000010.jpg,train,Handrise-Read-write,104.11,45.83,682.64,1.78,apta
3000011.jpg,train,Handrise-Read-write,102.42,47.45,515.2,1.42,apta
3000012.jpg,train,Handrise-Read-write,93.96,46.58,809.53,1.84,apta
3000013.jpg,train,Handrise-Read-write,93.11,47.06,905.41,2.09,apta
3000014.jpg,train,Handrise-Read-write,101.82,46.14,553.54,1.52,apta
3000015.jpg,train,Handrise-Read-write,93.91,39.99,487.29,1.28,apta
3000016.jpg,train,Handrise-Read-write,117.38,73.31,381.72,0.88,apta
3000018.jpg,train,Handrise-Read-write,127.55,82.6,644.04,1.14,apta
3000019.jpg,train,Handrise-Read-write,133.19,79.7,774.12,1.11,apta
3000020.jpg,train,Handrise-Read-write,98.42,74.81,588.84,1.45,apta
3000021.jpg,train,Handrise-Read-write,127.01,81.27,999.01,1.03,apta
3000022.jpg,train,Handrise-Read-write,128.87,80.44,784.45,0.96,apta
3000023.jpg,train,Handrise-Read-write,122.42,62.44,376.91,0.9,apta
3000024.jpg,train,Handrise-Read-write,109.06,55.64,347.37,1.0,apta
3000025.jpg,train,Handrise-Read-write,106.73,55.58,323.3,0.93,apta
3000027.jpg,train,Handrise-Read-write,89.45,48.75,178.47,0.74,apta
3000028.jpg,train,Handrise-Read-write,95.7,54.19,289.35,0.85,apta
3000029.jpg,train,Handrise-Read-write,111.58,64.94,261.52,0.83,apta
3000030.jpg,train,Handrise-Read-write,110.79,65.88,298.36,0.89,apta
3000031.jpg,train,Handrise-Read-write,98.81,52.24,257.17,0.88,apta
3000032.jpg,train,Handrise-Read-write,94.94,49.29,145.47,0.63,apta
3000033.jpg,train,Handrise-Read-write,91.88,40.36,59.04,0.39,no apta
3000034.jpg,train,Handrise-Read-write,124.91,82.91,39.64,0.3,no apta
3000035.jpg,train,Handrise-Read-write,165.04,76.62,2799.68,3.47,apta
3000036.jpg,train,Handrise-Read-write,102.66,56.93,2409.1,4.22,apta
3000037.jpg,train,Handrise-Read-write,162.78,77.86,3232.9,3.72,apta
3000038.jpg,train,Handrise-Read-write,152.56,76.62,2367.27,2.58,apta
3000039.jpg,train,Handrise-Read-write,157.56,80.4,2017.93,2.47,apta
3000040.jpg,train,Handrise-Read-write,126.91,81.85,653.34,1.25,apta
3000041.jpg,train,Handrise-Read-write,131.71,84.42,461.68,1.04,apta
3000046.jpg,train,Handrise-Read-write,90.01,77.97,829.05,1.24,apta
3000050.jpg,train,Handrise-Read-write,96.34,67.75,671.37,0.99,apta
3000051.jpg,train,Handrise-Read-write,90.52,77.71,763.04,1.19,apta
3000053.jpg,train,Handrise-Read-write,110.47,65.73,1075.34,1.4,apta
3000054.jpg,train,Handrise-Read-write,100.24,60.19,1220.21,1.89,apta
3000055.jpg,train,Handrise-Read-write,102.44,55.25,779.31,1.29,apta
3000056.jpg,train,Handrise-Read-write,109.21,63.63,883.05,1.19,apta
3000057.jpg,train,Handrise-Read-write,112.74,56.28,803.69,0.95,apta
3000058.jpg,train,Handrise-Read-write,100.9,61.42,1146.73,1.63,apta
3000060.jpg,train,Handrise-Read-write,101.37,54.76,745.3,0.87,apta
3000061.jpg,train,Handrise-Read-write,111.12,55.01,844.96,1.31,apta
3000062.jpg,train,Handrise-Read-write,105.81,56.57,1075.37,1.71,apta
3000063.jpg,train,Handrise-Read-write,101.12,59.14,725.24,0.93,apta
3000064.jpg,train,Handrise-Read-write,108.67,57.34,921.79,1.36,apta
3000065.jpg,train,Handrise-Read-write,113.77,48.84,722.87,1.28,apta
3000066.jpg,train,Handrise-Read-write,105.13,55.04,1001.87,1.5,apta
3000067.jpg,train,Handrise-Read-write,95.14,64.94,1089.64,1.57,apta
3000068.jpg,train,Handrise-Read-write,101.19,57.65,986.98,1.7,apta
3000069.jpg,train,Handrise-Read-write,105.38,57.79,1138.06,1.9,apta
3000070.jpg,train,Handrise-Read-write,89.24,52.49,338.66,0.81,apta
3000071.jpg,train,Handrise-Read-write,109.15,63.41,457.82,1.1,apta
3000076.jpg,train,Handrise-Read-write,118.75,67.97,871.48,0.89,apta
3000077.jpg,train,Handrise-Read-write,105.81,63.43,278.25,0.78,apta
3000080.jpg,train,Handrise-Read-write,110.51,64.02,465.05,1.07,apta
3000081.jpg,train,Handrise-Read-write,118.35,56.78,1182.59,1.21,apta
3000082.jpg,train,Handrise-Read-write,130.72,52.98,1367.61,1.36,apta
3000083.jpg,train,Handrise-Read-write,127.87,53.84,1943.99,1.91,apta
3000084.jpg,train,Handrise-Read-write,133.75,38.6,734.48,1.44,apta
3000085.jpg,train,Handrise-Read-write,129.5,39.75,577.11,1.36,apta
3000086.jpg,train,Handrise-Read-write,128.62,46.44,689.06,1.46,apta
3000087.jpg,train,Handrise-Read-write,125.2,51.14,1716.12,1.64,apta
3000088.jpg,train,Handrise-Read-write,126.53,63.47,639.74,1.28,apta
3000089.jpg,train,Handrise-Read-write,121.22,50.84,933.56,1.38,apta
3000090.jpg,train,Handrise-Read-write,111.03,57.3,647.53,1.62,apta
3000094.jpg,train,Handrise-Read-write,107.67,72.46,699.24,0.82,apta
3000097.jpg,train,Handrise-Read-write,92.14,79.82,495.69,0.83,apta
3000098.jpg,train,Handrise-Read-write,109.73,83.01,612.76,0.75,apta
3000099.jpg,train,Handrise-Read-write,111.49,81.49,616.77,0.9,apta
3000100.jpg,train,Handrise-Read-write,116.14,63.05,826.56,1.16,apta
3000101.jpg,train,Handrise-Read-write,113.02,64.54,854.04,1.11,apta
3000102.jpg,train,Handrise-Read-write,112.25,56.71,1659.17,2.78,apta
3000103.jpg,train,Handrise-Read-write,110.86,56.5,3920.31,5.07,apta
3000104.jpg,train,Handrise-Read-write,110.4,56.2,3499.75,4.63,apta
3000105.jpg,train,Handrise-Read-write,110.58,57.36,3057.65,4.12,apta
3000106.jpg,train,Handrise-Read-write,112.08,54.16,3484.13,4.67,apta
3000108.jpg,train,Handrise-Read-write,110.55,56.44,3626.75,4.69,apta
3000109.jpg,train,Handrise-Read-write,111.98,54.58,3779.06,4.97,apta
3000110.jpg,train,Handrise-Read-write,108.68,58.17,2772.45,3.79,apta
3000111.jpg,train,Handrise-Read-write,110.41,57.34,2769.95,3.86,apta
3000112.jpg,train,Handrise-Read-write,110.35,57.24,3340.57,4.35,apta
3000113.jpg,train,Handrise-Read-write,110.49,56.31,3424.56,4.59,apta
3000114.jpg,train,Handrise-Read-write,123.2,55.92,484.1,1.44,apta
3000115.jpg,train,Handrise-Read-write,122.48,63.86,523.45,1.01,apta
3000116.jpg,train,Handrise-Read-write,125.02,49.43,708.16,1.42,apta
3000117.jpg,train,Handrise-Read-write,107.7,54.79,330.05,1.17,apta
3000118.jpg,train,Handrise-Read-write,100.72,50.07,576.49,1.3,apta
3000119.jpg,train,Handrise-Read-write,100.0,65.48,428.13,1.14,apta
3000120.jpg,train,Handrise-Read-write,124.85,64.11,211.82,0.73,apta
3000121.jpg,train,Handrise-Read-write,127.41,76.57,438.14,0.86,apta
3000122.jpg,train,Handrise-Read-write,118.73,50.09,563.97,1.19,apta
3000123.jpg,train,Handrise-Read-write,97.29,41.97,203.46,0.39,apta
3000124.jpg,train,Handrise-Read-write,97.53,53.48,186.66,0.73,apta
3000125.jpg,train,Handrise-Read-write,95.5,53.67,296.59,0.8,apta
3000126.jpg,train,Handrise-Read-write,95.96,57.11,295.23,0.73,apta
3000127.jpg,train,Handrise-Read-write,96.49,53.09,223.83,0.79,apta
3000128.jpg,train,Handrise-Read-write,94.3,52.78,192.2,0.75,apta
3000129.jpg,train,Handrise-Read-write,92.31,53.95,343.61,0.82,apta
3000130.jpg,train,Handrise-Read-write,92.99,52.76,273.44,0.82,apta
3000131.jpg,train,Handrise-Read-write,90.16,52.48,284.04,0.78,apta
3000132.jpg,train,Handrise-Read-write,90.4,51.03,188.68,0.69,apta
3000133.jpg,train,Handrise-Read-write,90.05,51.5,258.96,0.79,apta
3000134.jpg,train,Handrise-Read-write,79.81,51.34,259.25,0.76,apta
3000135.jpg,train,Handrise-Read-write,88.97,52.64,708.36,1.39,apta
3000136.jpg,train,Handrise-Read-write,88.44,53.14,580.8,1.48,apta
3000137.jpg,train,Handrise-Read-write,86.97,53.51,390.39,1.19,apta
3000138.jpg,train,Handrise-Read-write,89.24,56.12,802.99,1.37,apta
3000139.jpg,train,Handrise-Read-write,89.22,56.24,873.64,1.5,apta
3000140.jpg,train,Handrise-Read-write,88.87,55.46,861.83,1.53,apta
3000141.jpg,train,Handrise-Read-write,92.98,54.12,486.61,1.37,apta
3000142.jpg,train,Handrise-Read-write,89.2,55.68,874.46,1.52,apta
3000143.jpg,train,Handrise-Read-write,92.7,53.77,480.62,1.4,apta
3000144.jpg,train,Handrise-Read-write,89.38,55.87,882.18,1.54,apta
3000145.jpg,train,Handrise-Read-write,88.78,55.46,873.35,1.53,apta
3000146.jpg,train,Handrise-Read-write,84.5,65.26,1685.3,2.84,apta
3000147.jpg,train,Handrise-Read-write,100.9,68.48,1163.21,2.08,apta
3000149.jpg,train,Handrise-Read-write,95.03,65.91,1265.74,2.19,apta
3000151.jpg,train,Handrise-Read-write,87.04,66.29,1232.3,2.18,apta
3000152.jpg,train,Handrise-Read-write,83.27,63.97,1307.43,2.33,apta
3000153.jpg,train,Handrise-Read-write,104.92,60.78,770.02,1.53,apta
3000154.jpg,train,Handrise-Read-write,80.2,66.15,803.02,1.35,apta
3000155.jpg,train,Handrise-Read-write,90.98,68.33,1575.55,2.73,apta
3000156.jpg,train,Handrise-Read-write,109.19,57.94,434.02,1.0,apta
3000157.jpg,train,Handrise-Read-write,99.17,67.66,995.18,1.8,apta
3000170.jpg,train,Handrise-Read-write,112.58,65.53,504.02,1.11,apta
3000171.jpg,train,Handrise-Read-write,124.06,72.43,305.84,0.82,apta
3000172.jpg,train,Handrise-Read-write,116.08,61.19,466.34,1.29,apta
3000173.jpg,train,Handrise-Read-write,99.18,55.53,280.09,1.01,apta
3000174.jpg,train,Handrise-Read-write,116.48,78.12,269.94,0.93,apta
3000175.jpg,train,Handrise-Read-write,96.49,61.96,699.93,1.68,apta
3000176.jpg,train,Handrise-Read-write,111.19,74.67,497.04,1.19,apta
3000181.jpg,train,Handrise-Read-write,98.14,55.33,430.96,1.27,apta
3000185.jpg,train,Handrise-Read-write,93.62,64.44,1605.97,2.24,apta
3000186.jpg,train,Handrise-Read-write,107.39,60.83,649.57,1.55,apta
3000187.jpg,train,Handrise-Read-write,121.77,70.35,754.43,1.49,apta
3000188.jpg,train,Handrise-Read-write,122.78,66.01,816.07,1.85,apta
3000189.jpg,train,Handrise-Read-write,124.88,68.28,1187.49,2.43,apta
3000190.jpg,train,Handrise-Read-write,100.08,66.81,2343.68,2.98,apta
3000191.jpg,train,Handrise-Read-write,104.89,62.29,369.89,1.1,apta
3000192.jpg,train,Handrise-Read-write,93.09,62.27,357.04,1.06,apta
3000193.jpg,train,Handrise-Read-write,100.02,66.71,2088.51,2.63,apta
3000194.jpg,train,Handrise-Read-write,96.68,55.53,563.92,1.1,apta
3000195.jpg,train,Handrise-Read-write,99.22,65.76,2330.12,2.98,apta
3000196.jpg,train,Handrise-Read-write,98.06,67.05,1914.01,2.45,apta
3000197.jpg,train,Handrise-Read-write,107.92,65.77,709.83,1.36,apta
3000198.jpg,train,Handrise-Read-write,100.21,66.24,1006.99,2.16,apta
3000199.jpg,train,Handrise-Read-write,86.76,56.85,584.31,1.57,apta
3000200.jpg,train,Handrise-Read-write,81.27,62.14,419.69,1.18,apta
3000201.jpg,train,Handrise-Read-write,101.46,66.23,2071.13,2.7,apta
3000202.jpg,train,Handrise-Read-write,116.88,68.83,332.98,1.02,apta
3000203.jpg,train,Handrise-Read-write,108.22,64.94,1517.65,2.67,apta
3000204.jpg,train,Handrise-Read-write,105.36,62.34,738.52,1.96,apta
3000205.jpg,train,Handrise-Read-write,124.3,57.86,351.29,0.86,apta
3000206.jpg,train,Handrise-Read-write,106.84,63.3,787.04,2.19,apta
3000207.jpg,train,Handrise-Read-write,108.13,61.97,805.11,2.02,apta
3000208.jpg,train,Handrise-Read-write,108.31,67.96,1564.02,2.89,apta
3000209.jpg,train,Handrise-Read-write,110.73,66.59,1370.42,2.49,apta
3000210.jpg,train,Handrise-Read-write,109.29,62.91,883.96,2.12,apta
3000211.jpg,train,Handrise-Read-write,112.32,67.36,814.95,1.78,apta
3000212.jpg,train,Handrise-Read-write,111.02,66.92,789.43,1.89,apta
3000215.jpg,train,Handrise-Read-write,110.87,69.58,1459.73,2.56,apta
3000217.jpg,train,Handrise-Read-write,106.93,61.81,656.43,1.8,apta
3000218.jpg,train,Handrise-Read-write,115.85,69.3,500.38,1.37,apta
3000219.jpg,train,Handrise-Read-write,104.51,70.99,993.38,1.93,apta
3000220.jpg,train,Handrise-Read-write,116.23,68.48,697.39,1.54,apta
3000221.jpg,train,Handrise-Read-write,104.68,61.09,960.68,2.16,apta
3000237.jpg,train,Handrise-Read-write,92.27,74.51,1280.57,1.7,apta
3000238.jpg,train,Handrise-Read-write,101.97,72.53,2290.3,3.05,apta
3000239.jpg,train,Handrise-Read-write,99.77,72.32,2370.97,3.01,apta
3000241.jpg,train,Handrise-Read-write,108.72,71.64,730.61,1.35,apta
3000242.jpg,train,Handrise-Read-write,107.35,63.41,1633.54,2.36,apta
3000246.jpg,train,Handrise-Read-write,105.07,72.09,616.28,0.95,apta
3000247.jpg,train,Handrise-Read-write,103.56,75.63,2285.02,2.89,apta
3000250.jpg,train,Handrise-Read-write,95.64,71.17,1854.61,2.65,apta
3001001.jpg,val,Handrise-Read-write,111.38,54.66,424.61,0.73,apta
3001002.jpg,val,Handrise-Read-write,107.09,56.77,251.01,0.61,apta
3001003.jpg,val,Handrise-Read-write,115.51,61.99,411.62,0.87,apta
3001004.jpg,val,Handrise-Read-write,116.34,47.44,159.8,0.52,apta
3001005.jpg,val,Handrise-Read-write,104.92,39.26,156.1,0.52,apta
3001006.jpg,val,Handrise-Read-write,108.82,42.79,252.13,0.52,apta
3001007.jpg,val,Handrise-Read-write,103.94,38.66,126.41,0.49,apta
3001008.jpg,val,Handrise-Read-write,103.29,37.15,122.36,0.44,apta
3001010.jpg,val,Handrise-Read-write,91.42,62.85,296.71,0.55,apta
3001011.jpg,val,Handrise-Read-write,93.43,62.61,249.09,0.61,apta
3001012.jpg,val,Handrise-Read-write,98.13,68.31,171.79,0.57,apta
3001013.jpg,val,Handrise-Read-write,102.96,61.82,180.26,0.53,apta
3001014.jpg,val,Handrise-Read-write,150.5,79.58,1892.2,2.04,apta
3001023.jpg,val,Handrise-Read-write,125.81,43.4,307.63,0.98,apta
3001024.jpg,val,Handrise-Read-write,128.49,44.94,365.18,1.03,apta
3001025.jpg,val,Handrise-Read-write,133.45,47.99,439.81,1.22,apta
3001026.jpg,val,Handrise-Read-write,117.52,47.94,240.65,0.85,apta
3001027.jpg,val,Handrise-Read-write,115.66,50.71,373.56,1.16,apta
3001028.jpg,val,Handrise-Read-write,135.75,37.87,69.93,0.41,no apta
3001030.jpg,val,Handrise-Read-write,90.64,79.23,121.68,0.62,apta
3001032.jpg,val,Handrise-Read-write,92.37,73.93,130.07,0.65,apta
3001033.jpg,val,Handrise-Read-write,92.19,65.05,94.04,0.53,no apta
3001034.jpg,val,Handrise-Read-write,99.22,73.19,160.75,0.72,apta
3001036.jpg,val,Handrise-Read-write,103.92,69.8,1186.46,1.57,apta
3001037.jpg,val,Handrise-Read-write,128.53,54.49,1342.67,2.2,apta
3001038.jpg,val,Handrise-Read-write,90.32,67.54,960.96,1.25,apta
3001039.jpg,val,Handrise-Read-write,116.57,71.07,926.04,1.15,apta
3001041.jpg,val,Handrise-Read-write,98.12,68.05,929.06,1.15,apta
3001049.jpg,val,Handrise-Read-write,111.38,54.66,424.61,0.73,apta
3001050.jpg,val,Handrise-Read-write,101.79,67.12,68.85,0.38,no apta
3001051.jpg,val,Handrise-Read-write,115.68,65.51,321.54,0.78,apta
3001052.jpg,val,Handrise-Read-write,100.83,65.42,90.65,0.43,no apta
3001053.jpg,val,Handrise-Read-write,83.22,54.65,205.79,0.68,apta
3001054.jpg,val,Handrise-Read-write,89.77,58.17,196.13,0.54,apta
3001055.jpg,val,Handrise-Read-write,93.25,57.32,176.84,0.58,apta
3001056.jpg,val,Handrise-Read-write,99.71,81.09,134.73,0.64,apta
3001057.jpg,val,Handrise-Read-write,130.01,70.23,286.09,0.52,apta
3001062.jpg,val,Handrise-Read-write,86.63,78.42,423.28,0.67,apta
3001067.jpg,val,Handrise-Read-write,101.32,59.79,720.74,1.15,apta
3001068.jpg,val,Handrise-Read-write,96.89,59.64,946.01,1.45,apta
3001069.jpg,val,Handrise-Read-write,80.24,61.49,812.33,0.96,apta
3001070.jpg,val,Handrise-Read-write,102.81,58.16,957.65,1.41,apta
3001071.jpg,val,Handrise-Read-write,105.25,62.92,254.96,0.82,apta
3001074.jpg,val,Handrise-Read-write,104.61,69.97,540.48,1.0,apta
3001075.jpg,val,Handrise-Read-write,116.1,66.82,497.77,0.84,apta
3001077.jpg,val,Handrise-Read-write,98.61,85.04,308.75,0.8,apta
3001078.jpg,val,Handrise-Read-write,113.15,62.72,622.69,1.32,apta
3001079.jpg,val,Handrise-Read-write,178.06,72.57,378.39,0.71,apta
3001080.jpg,val,Handrise-Read-write,193.65,65.64,441.12,0.65,apta
3001081.jpg,val,Handrise-Read-write,119.53,70.07,464.17,0.79,apta
3001082.jpg,val,Handrise-Read-write,122.36,70.53,472.28,0.79,apta
3001083.jpg,val,Handrise-Read-write,127.68,72.31,439.89,0.78,apta
3001084.jpg,val,Handrise-Read-write,123.0,72.81,475.67,0.77,apta
3001085.jpg,val,Handrise-Read-write,121.9,72.77,469.3,0.79,apta
3001086.jpg,val,Handrise-Read-write,105.71,59.82,514.06,0.94,apta
3001088.jpg,val,Handrise-Read-write,104.72,61.34,501.5,0.94,apta
3001089.jpg,val,Handrise-Read-write,113.64,60.23,287.1,0.59,apta
3001090.jpg,val,Handrise-Read-write,102.79,58.65,480.37,0.95,apta
3001091.jpg,val,Handrise-Read-write,109.68,61.21,500.12,0.9,apta
3001092.jpg,val,Handrise-Read-write,104.54,69.09,524.75,0.92,apta
3001093.jpg,val,Handrise-Read-write,113.67,69.96,542.93,1.29,apta
3001094.jpg,val,Handrise-Read-write,125.04,72.02,771.36,1.2,apta
3001095.jpg,val,Handrise-Read-write,130.38,74.47,728.24,1.11,apta
3001096.jpg,val,Handrise-Read-write,123.26,73.01,782.3,1.22,apta
3001097.jpg,val,Handrise-Read-write,128.22,70.48,553.18,0.99,apta
3001098.jpg,val,Handrise-Read-write,118.54,69.95,1477.64,2.38,apta
3001099.jpg,val,Handrise-Read-write,119.97,70.03,1458.44,2.37,apta
3001100.jpg,val,Handrise-Read-write,122.1,70.85,1841.0,2.8,apta
3001101.jpg,val,Handrise-Read-write,119.68,70.79,1683.04,2.54,apta
3001102.jpg,val,Handrise-Read-write,116.82,70.45,1587.63,2.41,apta
3001103.jpg,val,Handrise-Read-write,118.03,69.48,1723.65,2.67,apta
3001104.jpg,val,Handrise-Read-write,119.67,70.43,1557.85,2.48,apta
3001106.jpg,val,Handrise-Read-write,96.06,51.45,384.65,0.96,apta
3001107.jpg,val,Handrise-Read-write,97.79,52.49,391.47,0.95,apta
3001108.jpg,val,Handrise-Read-write,101.81,51.17,407.87,0.97,apta
3001109.jpg,val,Handrise-Read-write,99.77,53.69,321.59,0.85,apta
3001110.jpg,val,Handrise-Read-write,118.7,48.25,320.34,0.77,apta
3001111.jpg,val,Handrise-Read-write,138.62,57.27,274.76,0.69,apta
3001112.jpg,val,Handrise-Read-write,97.89,66.4,594.27,1.02,apta
3001113.jpg,val,Handrise-Read-write,96.13,65.1,807.14,1.13,apta
3001114.jpg,val,Handrise-Read-write,104.98,66.0,765.0,1.04,apta
3001117.jpg,val,Handrise-Read-write,126.71,59.68,916.47,1.14,apta
3001118.jpg,val,Handrise-Read-write,122.06,60.51,936.87,1.13,apta
3001119.jpg,val,Handrise-Read-write,106.39,70.86,555.93,1.04,apta
3001120.jpg,val,Handrise-Read-write,110.38,51.15,198.72,0.61,apta
3001127.jpg,val,Handrise-Read-write,93.85,54.64,66.6,0.26,no apta
3001131.jpg,val,Handrise-Read-write,138.67,69.78,475.0,0.91,apta
3001133.jpg,val,Handrise-Read-write,142.12,70.63,684.03,1.31,apta
3001135.jpg,val,Handrise-Read-write,100.65,69.77,1678.04,1.59,apta
3001136.jpg,val,Handrise-Read-write,99.69,70.5,1768.24,1.61,apta
3001137.jpg,val,Handrise-Read-write,115.82,70.04,941.07,0.85,apta
3001138.jpg,val,Handrise-Read-write,75.38,51.82,181.81,0.76,apta
3001139.jpg,val,Handrise-Read-write,74.35,56.85,369.24,0.99,apta
3001140.jpg,val,Handrise-Read-write,105.13,70.8,196.69,0.66,apta
3001143.jpg,val,Handrise-Read-write,98.03,70.15,410.41,0.85,apta
3001144.jpg,val,Handrise-Read-write,102.57,64.48,350.7,0.77,apta
3001145.jpg,val,Handrise-Read-write,152.46,65.71,1585.07,1.21,apta
3001146.jpg,val,Handrise-Read-write,114.77,63.16,338.38,0.71,apta
3001147.jpg,val,Handrise-Read-write,121.56,60.97,710.29,1.11,apta
3001148.jpg,val,Handrise-Read-write,114.99,57.28,615.76,0.87,apta
3001149.jpg,val,Handrise-Read-write,101.32,54.45,521.91,1.0,apta
3001150.jpg,val,Handrise-Read-write,119.73,56.47,985.13,1.22,apta
3001151.jpg,val,Handrise-Read-write,120.7,61.29,281.4,0.77,apta
3001152.jpg,val,Handrise-Read-write,120.48,56.81,168.43,0.7,apta
3001153.jpg,val,Handrise-Read-write,119.05,62.11,197.49,0.76,apta
3001154.jpg,val,Handrise-Read-write,117.27,65.13,158.84,0.6,apta
3001155.jpg,val,Handrise-Read-write,109.06,66.99,312.24,0.86,apta
3001156.jpg,val,Handrise-Read-write,113.17,73.73,422.53,0.9,apta
3001157.jpg,val,Handrise-Read-write,117.31,65.61,199.82,0.66,apta
3001158.jpg,val,Handrise-Read-write,103.22,61.84,2902.87,3.84,apta
3001159.jpg,val,Handrise-Read-write,103.45,61.97,1893.37,2.63,apta
3001160.jpg,val,Handrise-Read-write,101.83,68.7,1785.51,2.0,apta
3001161.jpg,val,Handrise-Read-write,95.68,73.84,787.61,1.11,apta
3001162.jpg,val,Handrise-Read-write,125.42,84.46,1113.17,1.35,apta
3001163.jpg,val,Handrise-Read-write,105.86,76.57,754.59,1.06,apta
3001164.jpg,val,Handrise-Read-write,114.52,93.07,1060.71,1.17,apta
3001165.jpg,val,Handrise-Read-write,91.07,64.96,1031.58,1.33,apta
3001166.jpg,val,Handrise-Read-write,87.03,72.48,697.99,1.03,apta
3001167.jpg,val,Handrise-Read-write,103.87,77.44,623.39,0.93,apta
3001168.jpg,val,Handrise-Read-write,112.11,86.93,982.32,1.12,apta
3001169.jpg,val,Handrise-Read-write,125.41,78.36,1136.78,1.44,apta
3001170.jpg,val,Handrise-Read-write,154.12,75.65,625.55,1.04,apta
3001171.jpg,val,Handrise-Read-write,119.35,73.8,665.33,1.13,apta
3001172.jpg,val,Handrise-Read-write,121.25,78.1,1081.41,1.39,apta
3001173.jpg,val,Handrise-Read-write,107.55,72.85,115.26,0.4,apta
3001174.jpg,val,Handrise-Read-write,112.25,77.18,1017.29,1.04,apta
3001175.jpg,val,Handrise-Read-write,108.33,69.52,493.38,0.91,apta
3001176.jpg,val,Handrise-Read-write,115.1,73.7,437.73,0.64,apta
3001177.jpg,val,Handrise-Read-write,103.16,69.62,707.43,1.24,apta
3001178.jpg,val,Handrise-Read-write,116.19,75.55,621.65,1.1,apta
3001179.jpg,val,Handrise-Read-write,99.41,45.87,780.64,1.46,apta
3001180.jpg,val,Handrise-Read-write,140.03,66.23,1338.33,1.47,apta
3001181.jpg,val,Handrise-Read-write,152.83,59.09,1415.77,1.3,apta
3001182.jpg,val,Handrise-Read-write,139.11,71.55,2129.8,1.6,apta
3001183.jpg,val,Handrise-Read-write,135.43,74.7,689.23,1.39,apta
3001184.jpg,val,Handrise-Read-write,100.02,58.77,1126.33,2.14,apta
3001185.jpg,val,Handrise-Read-write,99.16,55.23,311.93,0.91,apta
3001186.jpg,val,Handrise-Read-write,121.81,61.56,361.32,1.07,apta
3001187.jpg,val,Handrise-Read-write,101.17,63.36,659.32,0.96,apta
3001188.jpg,val,Handrise-Read-write,107.81,83.94,912.6,1.27,apta
3001189.jpg,val,Handrise-Read-write,99.14,47.55,289.21,0.91,apta
3001190.jpg,val,Handrise-Read-write,97.69,49.91,138.66,0.71,apta
3001191.jpg,val,Handrise-Read-write,96.25,49.04,83.65,0.54,no apta
3001192.jpg,val,Handrise-Read-write,96.71,67.83,674.28,1.21,apta
3001193.jpg,val,Handrise-Read-write,90.14,63.38,149.56,0.59,apta
3001194.jpg,val,Handrise-Read-write,107.87,67.61,982.07,1.54,apta
3001195.jpg,val,Handrise-Read-write,117.15,72.35,1368.52,1.84,apta
3001196.jpg,val,Handrise-Read-write,93.01,64.97,596.3,1.59,apta
3001197.jpg,val,Handrise-Read-write,91.1,64.09,846.38,1.96,apta
3001198.jpg,val,Handrise-Read-write,102.43,65.07,702.91,1.19,apta
3001201.jpg,val,Handrise-Read-write,95.71,66.36,1524.78,1.93,apta
3001202.jpg,val,Handrise-Read-write,101.66,63.24,882.81,1.23,apta
3001203.jpg,val,Handrise-Read-write,109.49,59.3,544.81,0.75,apta
3001204.jpg,val,Handrise-Read-write,115.94,61.86,830.58,0.76,apta
3001205.jpg,val,Handrise-Read-write,115.89,66.76,531.48,0.61,apta
3001206.jpg,val,Handrise-Read-write,102.17,67.29,454.17,0.82,apta
3001207.jpg,val,Handrise-Read-write,105.0,69.18,438.32,0.88,apta
3001208.jpg,val,Handrise-Read-write,107.43,61.95,288.78,0.72,apta
3001209.jpg,val,Handrise-Read-write,106.04,67.44,365.05,0.8,apta
3001210.jpg,val,Handrise-Read-write,113.14,61.92,401.91,0.79,apta
3001211.jpg,val,Handrise-Read-write,95.34,67.17,283.35,0.75,apta
3001212.jpg,val,Handrise-Read-write,93.29,41.82,402.36,0.81,apta
3001213.jpg,val,Handrise-Read-write,124.1,67.08,629.64,1.26,apta
3001214.jpg,val,Handrise-Read-write,107.31,73.39,532.23,1.14,apta
3001215.jpg,val,Handrise-Read-write,102.46,62.88,715.88,1.78,apta
3001216.jpg,val,Handrise-Read-write,111.77,70.0,563.84,1.43,apta
3001217.jpg,val,Handrise-Read-write,106.97,76.1,523.81,1.05,apta
3001218.jpg,val,Handrise-Read-write,106.9,70.44,447.19,1.19,apta
3001219.jpg,val,Handrise-Read-write,106.51,78.75,944.16,1.46,apta
3001220.jpg,val,Handrise-Read-write,86.14,81.41,814.91,0.82,apta
3001221.jpg,val,Handrise-Read-write,66.83,62.97,853.26,0.61,apta
3001222.jpg,val,Handrise-Read-write,85.37,73.01,751.7,1.52,apta
3001223.jpg,val,Handrise-Read-write,64.15,70.65,1005.14,1.08,apta
3001224.jpg,val,Handrise-Read-write,68.41,69.64,957.13,0.89,apta
3001225.jpg,val,Handrise-Read-write,76.86,76.92,1228.82,1.48,apta
3001226.jpg,val,Handrise-Read-write,112.24,69.83,1358.68,1.86,apta
3001228.jpg,val,Handrise-Read-write,58.89,66.22,3269.05,3.33,no apta
3001230.jpg,val,Handrise-Read-write,76.54,71.83,1151.11,1.19,apta
3001231.jpg,val,Handrise-Read-write,91.55,84.99,3625.81,2.71,apta
3001235.jpg,val,Handrise-Read-write,61.96,76.14,1831.56,2.25,apta
3001236.jpg,val,Handrise-Read-write,61.72,70.76,1663.93,2.27,apta
3001237.jpg,val,Handrise-Read-write,60.51,67.25,1279.72,1.81,apta
3001241.jpg,val,Handrise-Read-write,77.69,76.77,6612.93,4.86,apta
3001242.jpg,val,Handrise-Read-write,85.67,78.19,6628.51,5.02,apta
3001243.jpg,val,Handrise-Read-write,125.19,84.39,3819.09,3.32,apta
3001244.jpg,val,Handrise-Read-write,127.1,75.38,896.32,1.09,apta
3001246.jpg,val,Handrise-Read-write,88.61,66.44,221.63,0.72,apta
3001248.jpg,val,Handrise-Read-write,159.02,73.62,1061.52,1.26,apta
3001249.jpg,val,Handrise-Read-write,168.97,64.32,775.98,1.18,apta
3001250.jpg,val,Handrise-Read-write,127.44,81.22,1577.91,1.56,apta
3001251.jpg,val,Handrise-Read-write,78.87,48.93,526.33,1.42,apta
3001252.jpg,val,Handrise-Read-write,92.71,48.4,295.86,1.17,apta
3001253.jpg,val,Handrise-Read-write,80.3,50.03,473.49,1.31,apta
3001254.jpg,val,Handrise-Read-write,92.07,48.76,390.45,1.22,apta
3001255.jpg,val,Handrise-Read-write,79.55,49.24,478.13,1.34,apta
3001257.jpg,val,Handrise-Read-write,102.23,70.42,671.46,0.89,apta
3001259.jpg,val,Handrise-Read-write,140.43,77.66,1546.0,2.09,apta
3001260.jpg,val,Handrise-Read-write,135.99,68.81,2310.22,4.12,apta
3001261.jpg,val,Handrise-Read-write,138.25,69.17,2337.57,4.2,apta
3001262.jpg,val,Handrise-Read-write,103.07,61.72,1929.92,3.39,apta
3001263.jpg,val,Handrise-Read-write,95.04,66.52,1468.67,1.81,apta
3001264.jpg,val,Handrise-Read-write,92.49,66.78,2856.49,4.37,apta
3001265.jpg,val,Handrise-Read-write,99.23,62.67,2009.56,3.45,apta
3001266.jpg,val,Handrise-Read-write,125.01,45.38,852.66,1.64,apta
3001267.jpg,val,Handrise-Read-write,116.01,43.24,474.51,1.08,apta
3001268.jpg,val,Handrise-Read-write,128.36,47.99,347.4,0.89,apta
3001269.jpg,val,Handrise-Read-write,129.97,43.17,826.98,1.48,apta
3001270.jpg,val,Handrise-Read-write,76.32,67.3,494.63,0.96,apta
3001271.jpg,val,Handrise-Read-write,126.2,70.53,2370.31,3.37,apta
3001272.jpg,val,Handrise-Read-write,123.64,67.76,1676.04,2.52,apta
3001273.jpg,val,Handrise-Read-write,127.19,67.01,1511.48,2.42,apta
3001274.jpg,val,Handrise-Read-write,94.2,74.12,1424.16,1.7,apta
3001279.jpg,val,Handrise-Read-write,120.94,67.42,588.29,0.83,apta
3001280.jpg,val,Handrise-Read-write,118.05,72.9,517.21,0.92,apta
3001284.jpg,val,Handrise-Read-write,105.45,56.34,477.95,1.33,apta
3001285.jpg,val,Handrise-Read-write,112.65,60.9,712.7,1.35,apta
3001286.jpg,val,Handrise-Read-write,104.41,65.26,728.51,1.59,apta
3001287.jpg,val,Handrise-Read-write,114.99,67.89,1059.36,1.85,apta
3001288.jpg,val,Handrise-Read-write,112.21,54.47,898.32,1.3,apta
3001289.jpg,val,Handrise-Read-write,110.8,66.59,479.73,1.08,apta
3001290.jpg,val,Handrise-Read-write,116.53,64.27,653.05,1.35,apta
3001291.jpg,val,Handrise-Read-write,120.13,65.2,832.11,1.59,apta
3001292.jpg,val,Handrise-Read-write,118.11,64.88,759.02,1.43,apta
3001293.jpg,val,Handrise-Read-write,113.68,66.68,630.49,1.31,apta
3001294.jpg,val,Handrise-Read-write,107.41,51.03,455.1,1.12,apta
3001295.jpg,val,Handrise-Read-write,109.48,50.17,411.54,1.06,apta
3001296.jpg,val,Handrise-Read-write,112.29,50.52,443.37,1.12,apta
3001297.jpg,val,Handrise-Read-write,113.18,50.26,489.8,1.19,apta
3001298.jpg,val,Handrise-Read-write,110.8,51.56,611.39,1.21,apta
3001299.jpg,val,Handrise-Read-write,110.81,49.29,480.35,1.2,apta
3001300.jpg,val,Handrise-Read-write,103.44,50.28,522.4,1.23,apta
3001301.jpg,val,Handrise-Read-write,96.47,58.3,715.35,1.45,apta
3001302.jpg,val,Handrise-Read-write,93.52,69.87,458.07,0.82,apta
3001304.jpg,val,Handrise-Read-write,106.32,75.28,766.42,1.07,apta
3001305.jpg,val,Handrise-Read-write,100.17,70.8,299.06,0.72,apta
3001306.jpg,val,Handrise-Read-write,102.71,69.74,289.92,0.66,apta
3001308.jpg,val,Handrise-Read-write,100.66,72.14,193.23,0.62,apta
3001310.jpg,val,Handrise-Read-write,109.32,69.84,206.81,0.61,apta
3001312.jpg,val,Handrise-Read-write,86.42,67.66,168.18,0.59,apta
3001319.jpg,val,Handrise-Read-write,154.19,62.41,1116.06,1.0,apta
3001321.jpg,val,Handrise-Read-write,101.05,69.54,1121.01,2.09,apta
3001322.jpg,val,Handrise-Read-write,123.23,60.8,1891.97,2.84,apta
3001323.jpg,val,Handrise-Read-write,121.79,61.46,2346.83,3.2,apta
3001324.jpg,val,Handrise-Read-write,109.11,61.08,984.46,1.55,apta
3001326.jpg,val,Handrise-Read-write,113.08,65.63,2051.39,2.88,apta
3001327.jpg,val,Handrise-Read-write,99.44,71.76,1396.06,2.12,apta
3001328.jpg,val,Handrise-Read-write,111.3,73.01,1911.65,2.73,apta
3001329.jpg,val,Handrise-Read-write,118.79,68.33,1360.58,1.93,apta
3001330.jpg,val,Handrise-Read-write,128.53,73.96,1385.97,1.54,apta
3001331.jpg,val,Handrise-Read-write,92.2,62.19,1986.25,1.91,apta
3001332.jpg,val,Handrise-Read-write,81.87,74.67,2191.91,2.37,apta
3001333.jpg,val,Handrise-Read-write,116.41,55.97,1306.04,2.14,apta
3001334.jpg,val,Handrise-Read-write,134.92,70.39,831.27,1.34,apta
3001335.jpg,val,Handrise-Read-write,149.26,71.9,1037.51,1.23,apta
3001336.jpg,val,Handrise-Read-write,121.16,69.54,2122.95,2.13,apta
3001337.jpg,val,Handrise-Read-write,124.0,72.47,3707.75,3.24,apta
3001338.jpg,val,Handrise-Read-write,98.87,62.35,531.07,1.25,apta
3001339.jpg,val,Handrise-Read-write,97.89,68.29,1118.04,1.92,apta
3001340.jpg,val,Handrise-Read-write,96.04,65.97,400.21,0.83,apta
3001341.jpg,val,Handrise-Read-write,106.23,61.51,866.01,1.1,apta
3001342.jpg,val,Handrise-Read-write,115.26,57.32,1317.73,2.2,apta
3001343.jpg,val,Handrise-Read-write,104.03,59.99,622.86,1.31,apta
3001345.jpg,val,Handrise-Read-write,85.7,71.75,1100.37,1.3,apta
3001346.jpg,val,Handrise-Read-write,124.33,63.47,949.93,1.41,apta
3001347.jpg,val,Handrise-Read-write,122.5,66.61,900.5,1.33,apta
3001348.jpg,val,Handrise-Read-write,116.31,70.15,920.93,1.35,apta
3001349.jpg,val,Handrise-Read-write,103.41,67.66,850.19,1.1,apta
3001350.jpg,val,Handrise-Read-write,122.39,61.39,507.86,0.64,apta
3001351.jpg,val,Handrise-Read-write,137.13,64.18,1303.68,1.23,apta
3001352.jpg,val,Handrise-Read-write,91.34,43.6,259.9,0.71,apta
3001353.jpg,val,Handrise-Read-write,96.18,50.48,200.9,0.62,apta
3001354.jpg,val,Handrise-Read-write,68.13,54.81,256.57,0.63,apta
3001355.jpg,val,Handrise-Read-write,104.73,55.28,182.66,0.57,apta
3001356.jpg,val,Handrise-Read-write,89.29,52.06,259.39,0.73,apta
3001357.jpg,val,Handrise-Read-write,83.53,56.28,118.28,0.39,apta
3001358.jpg,val,Handrise-Read-write,89.81,55.14,275.99,0.78,apta
3001359.jpg,val,Handrise-Read-write,73.09,57.63,131.93,0.46,apta
3001360.jpg,val,Handrise-Read-write,71.15,52.94,289.23,0.7,apta
3001361.jpg,val,Handrise-Read-write,95.88,77.24,1426.74,0.88,apta
3001362.jpg,val,Handrise-Read-write,79.06,71.02,880.25,1.24,apta
3001363.jpg,val,Handrise-Read-write,74.03,71.33,831.27,1.17,apta
3001364.jpg,val,Handrise-Read-write,91.15,62.62,802.25,1.16,apta
3001365.jpg,val,Handrise-Read-write,60.09,64.54,1059.61,1.26,apta
3001366.jpg,val,Handrise-Read-write,96.87,65.16,848.15,1.29,apta
3001367.jpg,val,Handrise-Read-write,86.51,79.25,2167.68,1.91,apta
3001368.jpg,val,Handrise-Read-write,95.62,54.77,222.76,0.74,apta
3001369.jpg,val,Handrise-Read-write,108.71,63.23,1479.73,1.85,apta
3001370.jpg,val,Handrise-Read-write,110.77,61.72,1849.16,2.1,apta
3001389.jpg,val,Handrise-Read-write,118.54,78.36,1573.92,1.62,apta
3001390.jpg,val,Handrise-Read-write,147.84,81.21,1264.92,1.52,apta
3001391.jpg,val,Handrise-Read-write,111.71,78.06,1244.1,1.47,apta
3001392.jpg,val,Handrise-Read-write,93.28,70.15,579.98,0.88,apta
3001393.jpg,val,Handrise-Read-write,93.68,70.03,581.36,0.87,apta
3002001.jpg,val,Handrise-Read-write,100.87,70.78,429.98,0.82,apta
3002003.jpg,val,Handrise-Read-write,105.33,68.72,490.88,0.92,apta
3002004.jpg,val,Handrise-Read-write,94.18,64.46,483.45,0.93,apta
3002005.jpg,val,Handrise-Read-write,92.45,60.27,600.23,1.05,apta
3002006.jpg,val,Handrise-Read-write,120.34,47.94,557.59,1.43,apta
3002007.jpg,val,Handrise-Read-write,94.83,47.75,258.52,0.75,apta
3002008.jpg,val,Handrise-Read-write,93.2,47.76,187.92,0.73,apta
3002009.jpg,val,Handrise-Read-write,160.79,83.09,511.71,0.77,apta
3002010.jpg,val,Handrise-Read-write,150.78,81.64,693.32,0.99,apta
3002011.jpg,val,Handrise-Read-write,155.92,84.24,731.94,0.98,apta
3002012.jpg,val,Handrise-Read-write,169.01,78.83,582.58,0.81,apta
3002013.jpg,val,Handrise-Read-write,120.12,74.8,656.97,1.05,apta
3002015.jpg,val,Handrise-Read-write,90.88,63.53,349.49,0.86,apta
3002017.jpg,val,Handrise-Read-write,134.46,57.02,331.36,0.85,apta
3002020.jpg,val,Handrise-Read-write,118.78,59.63,482.85,0.74,apta
3002022.jpg,val,Handrise-Read-write,116.67,48.78,1695.7,3.33,apta
3002023.jpg,val,Handrise-Read-write,72.11,63.74,253.74,0.64,apta
3002025.jpg,val,Handrise-Read-write,111.18,71.07,1735.13,2.13,apta
3002026.jpg,val,Handrise-Read-write,108.63,72.7,1959.11,2.42,apta
3002027.jpg,val,Handrise-Read-write,126.3,77.16,1418.56,1.72,apta
3002028.jpg,val,Handrise-Read-write,109.52,68.21,1490.56,1.74,apta
3002029.jpg,val,Handrise-Read-write,105.56,63.61,648.86,0.71,apta
3002030.jpg,val,Handrise-Read-write,96.41,56.27,285.58,0.75,apta
3002033.jpg,val,Handrise-Read-write,117.0,70.88,526.55,0.95,apta
3002034.jpg,val,Handrise-Read-write,150.27,60.42,454.41,0.87,apta
3002035.jpg,val,Handrise-Read-write,140.15,58.83,411.44,0.95,apta
3002036.jpg,val,Handrise-Read-write,94.01,62.45,839.51,1.3,apta
3002037.jpg,val,Handrise-Read-write,126.86,64.92,1075.73,1.6,apta
3002038.jpg,val,Handrise-Read-write,126.2,64.96,1514.39,1.58,apta
3002039.jpg,val,Handrise-Read-write,136.27,62.64,1232.82,1.68,apta
3002040.jpg,val,Handrise-Read-write,135.34,62.51,1416.27,1.84,apta
3002041.jpg,val,Handrise-Read-write,117.48,45.27,683.19,1.11,apta
3002042.jpg,val,Handrise-Read-write,114.16,46.88,543.88,1.05,apta
3002043.jpg,val,Handrise-Read-write,111.62,42.68,789.87,1.0,apta
3002044.jpg,val,Handrise-Read-write,110.55,47.1,657.19,1.05,apta
3002045.jpg,val,Handrise-Read-write,111.79,44.06,465.34,1.05,apta
3002046.jpg,val,Handrise-Read-write,114.85,45.5,623.37,1.11,apta
3002047.jpg,val,Handrise-Read-write,112.52,46.35,632.6,1.04,apta
3002048.jpg,val,Handrise-Read-write,115.47,45.49,906.95,1.07,apta
3002049.jpg,val,Handrise-Read-write,105.71,62.4,1046.89,1.46,apta
3002050.jpg,val,Handrise-Read-write,103.32,66.47,1586.15,2.54,apta
3002051.jpg,val,Handrise-Read-write,113.85,65.47,891.72,1.51,apta
3002054.jpg,val,Handrise-Read-write,122.86,51.43,467.87,0.71,apta
3002055.jpg,val,Handrise-Read-write,127.21,61.8,537.69,0.82,apta
3002056.jpg,val,Handrise-Read-write,97.64,52.71,710.63,0.95,apta
3002057.jpg,val,Handrise-Read-write,120.07,54.89,819.89,1.39,apta
3002058.jpg,val,Handrise-Read-write,121.26,62.04,1311.04,2.59,apta
3002059.jpg,val,Handrise-Read-write,119.61,62.71,1084.41,2.01,apta
3002060.jpg,val,Handrise-Read-write,114.09,55.99,139.34,0.65,apta
3002061.jpg,val,Handrise-Read-write,97.35,55.3,268.88,0.89,apta
3002062.jpg,val,Handrise-Read-write,86.06,56.5,204.78,0.74,apta
3002063.jpg,val,Handrise-Read-write,108.71,60.45,226.12,0.66,apta
3002064.jpg,val,Handrise-Read-write,108.06,60.73,223.74,0.65,apta
3002065.jpg,val,Handrise-Read-write,97.29,60.77,251.53,0.63,apta
3002066.jpg,val,Handrise-Read-write,124.54,80.66,1099.24,1.2,apta
3002067.jpg,val,Handrise-Read-write,89.41,45.93,717.81,1.75,apta
3002068.jpg,val,Handrise-Read-write,87.91,46.57,810.39,1.86,apta
3002069.jpg,val,Handrise-Read-write,87.63,44.86,1029.51,1.64,apta
3002071.jpg,val,Handrise-Read-write,78.18,53.05,329.88,0.69,apta
3002072.jpg,val,Handrise-Read-write,97.41,44.91,414.49,0.94,apta
3002073.jpg,val,Handrise-Read-write,90.31,48.89,866.42,1.39,apta
3002074.jpg,val,Handrise-Read-write,103.26,50.99,183.36,0.59,apta
3002075.jpg,val,Handrise-Read-write,90.97,50.69,280.55,0.72,apta
3002076.jpg,val,Handrise-Read-write,93.04,51.9,538.7,1.24,apta
3002077.jpg,val,Handrise-Read-write,100.26,45.62,630.68,1.34,apta
3002079.jpg,val,Handrise-Read-write,89.08,70.87,1148.14,1.27,apta
3002080.jpg,val,Handrise-Read-write,87.61,72.17,1473.5,1.57,apta
3002081.jpg,val,Handrise-Read-write,89.04,76.66,1231.93,1.33,apta
3002083.jpg,val,Handrise-Read-write,75.24,40.35,495.45,1.78,apta
3002084.jpg,val,Handrise-Read-write,86.59,66.57,906.97,1.07,apta
3002085.jpg,val,Handrise-Read-write,110.52,72.77,710.86,1.03,apta
3002087.jpg,val,Handrise-Read-write,98.32,54.6,996.82,1.66,apta
3002088.jpg,val,Handrise-Read-write,98.98,57.49,605.1,1.07,apta
3002089.jpg,val,Handrise-Read-write,94.71,69.34,483.03,0.92,apta
3002094.jpg,val,Handrise-Read-write,100.56,61.17,734.35,1.47,apta
3002095.jpg,val,Handrise-Read-write,96.84,58.91,766.56,1.45,apta
3002096.jpg,val,Handrise-Read-write,87.42,50.99,1564.89,2.32,apta
3002098.jpg,val,Handrise-Read-write,105.45,52.46,797.62,1.42,apta
3002099.jpg,val,Handrise-Read-write,107.14,54.39,837.98,1.44,apta
3002102.jpg,val,Handrise-Read-write,112.23,65.83,570.52,1.33,apta
3002103.jpg,val,Handrise-Read-write,131.3,67.59,1281.32,1.83,apta
3002104.jpg,val,Handrise-Read-write,84.96,79.01,726.07,1.1,apta
3002105.jpg,val,Handrise-Read-write,100.3,46.23,819.43,2.09,apta
3002106.jpg,val,Handrise-Read-write,98.5,41.67,749.76,1.87,apta
3002107.jpg,val,Handrise-Read-write,102.46,42.61,735.85,1.87,apta
3002108.jpg,val,Handrise-Read-write,102.44,46.8,671.42,1.7,apta
3002109.jpg,val,Handrise-Read-write,122.05,65.88,534.6,1.15,apta
3002110.jpg,val,Handrise-Read-write,90.93,77.49,555.41,0.94,apta
3002111.jpg,val,Handrise-Read-write,72.53,76.84,1148.17,1.43,apta
3002112.jpg,val,Handrise-Read-write,97.35,73.19,904.89,1.63,apta
3002113.jpg,val,Handrise-Read-write,92.24,82.8,490.03,1.12,apta
3002114.jpg,val,Handrise-Read-write,106.18,53.87,1404.75,2.73,apta
3002115.jpg,val,Handrise-Read-write,106.14,52.49,1258.7,2.5,apta
3002121.jpg,val,Handrise-Read-write,120.9,64.4,1163.57,2.12,apta
3002122.jpg,val,Handrise-Read-write,76.17,41.52,164.51,0.5,apta
3002123.jpg,val,Handrise-Read-write,122.94,67.68,654.46,0.77,apta
3002124.jpg,val,Handrise-Read-write,123.54,55.12,132.31,0.36,apta
3002125.jpg,val,Handrise-Read-write,125.71,61.6,413.59,0.61,apta
3002126.jpg,val,Handrise-Read-write,91.59,56.42,185.9,0.81,apta
3002127.jpg,val,Handrise-Read-write,91.22,55.96,222.69,0.9,apta
3002128.jpg,val,Handrise-Read-write,119.68,62.39,226.38,0.66,apta
3002133.jpg,val,Handrise-Read-write,89.3,60.09,2488.3,2.36,apta
3002134.jpg,val,Handrise-Read-write,105.2,50.9,781.16,1.47,apta
3002135.jpg,val,Handrise-Read-write,131.99,63.11,2542.79,3.5,apta
3002136.jpg,val,Handrise-Read-write,125.44,65.93,3200.7,4.38,apta
3002137.jpg,val,Handrise-Read-write,88.98,49.42,685.95,1.35,apta
3002138.jpg,val,Handrise-Read-write,93.27,59.14,897.92,1.54,apta
3002139.jpg,val,Handrise-Read-write,93.96,55.0,821.61,1.58,apta
3002140.jpg,val,Handrise-Read-write,109.31,60.14,1152.15,2.15,apta
3002141.jpg,val,Handrise-Read-write,121.26,79.36,341.44,1.04,apta
3002142.jpg,val,Handrise-Read-write,74.24,46.65,70.29,0.48,no apta
3002143.jpg,val,Handrise-Read-write,75.07,43.51,289.28,0.46,apta
3002144.jpg,val,Handrise-Read-write,84.09,53.69,242.32,0.78,apta
3002145.jpg,val,Handrise-Read-write,95.91,58.91,189.22,0.46,apta
3002146.jpg,val,Handrise-Read-write,94.9,57.19,174.47,0.54,apta
3002147.jpg,val,Handrise-Read-write,88.73,53.1,248.53,0.74,apta
3002148.jpg,val,Handrise-Read-write,104.34,60.8,421.48,1.03,apta
3002149.jpg,val,Handrise-Read-write,136.77,48.82,13.41,0.25,no apta
3002150.jpg,val,Handrise-Read-write,117.81,47.67,184.54,0.71,apta
3002151.jpg,val,Handrise-Read-write,126.09,50.48,385.96,0.94,apta
3002152.jpg,val,Handrise-Read-write,123.6,49.74,348.77,1.01,apta
3002153.jpg,val,Handrise-Read-write,122.89,49.46,287.31,0.9,apta
3002154.jpg,val,Handrise-Read-write,121.95,51.15,253.64,0.76,apta
3002155.jpg,val,Handrise-Read-write,123.69,51.58,300.92,0.92,apta
3002156.jpg,val,Handrise-Read-write,114.2,53.37,520.56,1.11,apta
3002157.jpg,val,Handrise-Read-write,106.24,51.99,849.16,1.34,apta
3002158.jpg,val,Handrise-Read-write,109.63,53.55,787.22,1.48,apta
3002159.jpg,val,Handrise-Read-write,108.31,54.0,663.85,1.27,apta
3002160.jpg,val,Handrise-Read-write,172.28,77.35,460.62,0.98,apta
3002161.jpg,val,Handrise-Read-write,169.46,78.73,670.24,0.86,apta
3002162.jpg,val,Handrise-Read-write,105.47,57.04,1856.39,2.45,apta
3002163.jpg,val,Handrise-Read-write,106.9,64.4,425.1,1.06,apta
3002164.jpg,val,Handrise-Read-write,103.56,61.77,1166.78,1.85,apta
3002165.jpg,val,Handrise-Read-write,106.67,61.73,1258.41,1.95,apta
3002166.jpg,val,Handrise-Read-write,107.46,62.41,1463.84,1.89,apta
3002170.jpg,val,Handrise-Read-write,105.26,46.06,383.86,0.98,apta
3002171.jpg,val,Handrise-Read-write,105.43,49.57,344.09,0.92,apta
3002172.jpg,val,Handrise-Read-write,104.46,48.07,323.75,0.94,apta
3002173.jpg,val,Handrise-Read-write,108.1,49.28,386.7,0.96,apta
3002174.jpg,val,Handrise-Read-write,104.56,49.25,493.94,0.87,apta
3002175.jpg,val,Handrise-Read-write,100.68,54.9,376.9,0.99,apta
3002176.jpg,val,Handrise-Read-write,107.68,53.09,572.52,1.01,apta
3002177.jpg,val,Handrise-Read-write,109.38,50.4,468.86,0.98,apta
3002178.jpg,val,Handrise-Read-write,129.93,56.28,446.27,0.68,apta
3002179.jpg,val,Handrise-Read-write,133.07,56.3,486.38,0.73,apta
3002180.jpg,val,Handrise-Read-write,128.01,53.72,458.21,0.64,apta
3002202.jpg,val,Handrise-Read-write,75.93,69.84,770.8,1.22,apta
3002207.jpg,val,Handrise-Read-write,129.48,60.82,486.81,0.7,apta
3002208.jpg,val,Handrise-Read-write,130.26,60.41,304.65,0.55,apta
3002209.jpg,val,Handrise-Read-write,129.58,61.24,470.94,0.7,apta
3002210.jpg,val,Handrise-Read-write,140.83,72.5,460.19,0.69,apta
3002211.jpg,val,Handrise-Read-write,112.52,79.55,632.93,0.84,apta
3002212.jpg,val,Handrise-Read-write,108.94,76.41,355.29,0.8,apta
3002213.jpg,val,Handrise-Read-write,114.68,76.01,255.59,0.65,apta
3002214.jpg,val,Handrise-Read-write,110.55,80.62,377.83,0.77,apta
3002215.jpg,val,Handrise-Read-write,105.94,78.26,321.04,0.85,apta
3002216.jpg,val,Handrise-Read-write,123.69,76.8,299.9,0.74,apta
3002217.jpg,val,Handrise-Read-write,125.9,77.69,572.62,0.89,apta
3002219.jpg,val,Handrise-Read-write,113.56,79.71,271.03,0.51,apta
3002220.jpg,val,Handrise-Read-write,114.6,70.29,481.42,0.78,apta
3002221.jpg,val,Handrise-Read-write,90.0,76.99,1295.3,1.39,apta
3002224.jpg,val,Handrise-Read-write,109.08,65.21,363.22,0.73,apta
3002226.jpg,val,Handrise-Read-write,111.96,72.13,738.8,0.97,apta
3002227.jpg,val,Handrise-Read-write,123.42,76.38,588.27,0.74,apta
3002228.jpg,val,Handrise-Read-write,100.02,73.45,566.46,0.75,apta
3002229.jpg,val,Handrise-Read-write,109.66,62.12,1741.95,2.65,apta
3002230.jpg,val,Handrise-Read-write,94.75,57.94,2963.38,3.9,apta
3002231.jpg,val,Handrise-Read-write,107.48,63.2,1934.14,1.96,apta
3002232.jpg,val,Handrise-Read-write,101.24,59.09,824.16,1.36,apta
3002233.jpg,val,Handrise-Read-write,105.53,63.31,1543.77,2.07,apta
3002234.jpg,val,Handrise-Read-write,102.99,59.11,357.9,0.8,apta
3002235.jpg,val,Handrise-Read-write,101.24,63.22,770.54,1.13,apta
3002236.jpg,val,Handrise-Read-write,100.77,60.24,648.21,1.1,apta
3002237.jpg,val,Handrise-Read-write,99.76,61.44,791.29,1.3,apta
3002238.jpg,val,Handrise-Read-write,108.61,54.97,1024.16,1.54,apta
3002239.jpg,val,Handrise-Read-write,99.18,65.62,897.92,1.1,apta
3002240.jpg,val,Handrise-Read-write,102.89,60.61,2341.41,3.35,apta
3002241.jpg,val,Handrise-Read-write,101.67,58.9,1698.96,2.62,apta
3002242.jpg,val,Handrise-Read-write,102.04,59.41,1588.33,2.59,apta
3002243.jpg,val,Handrise-Read-write,106.12,50.53,1988.98,3.15,apta
3002244.jpg,val,Handrise-Read-write,100.03,55.85,2685.37,3.61,apta
3002245.jpg,val,Handrise-Read-write,91.74,63.64,220.23,0.59,apta
3002246.jpg,val,Handrise-Read-write,117.11,54.66,464.89,1.27,apta
3002247.jpg,val,Handrise-Read-write,91.85,70.12,987.22,1.56,apta
3002248.jpg,val,Handrise-Read-write,117.15,56.29,1158.89,2.5,apta
3002249.jpg,val,Handrise-Read-write,81.59,77.62,1508.87,1.53,apta
3003001.jpg,train,Handrise-Read-write,95.07,50.73,432.45,1.4,apta
3003002.jpg,train,Handrise-Read-write,65.35,43.51,238.01,0.72,apta
3003003.jpg,train,Handrise-Read-write,64.39,42.88,192.77,0.64,apta
3003004.jpg,train,Handrise-Read-write,91.63,51.84,399.62,1.44,apta
3003005.jpg,train,Handrise-Read-write,62.75,43.5,230.93,0.69,apta
3003006.jpg,train,Handrise-Read-write,63.2,42.87,598.82,0.7,apta
3003007.jpg,train,Handrise-Read-write,62.43,41.68,628.34,0.68,apta
3003008.jpg,train,Handrise-Read-write,60.1,39.22,179.49,0.61,apta
3003009.jpg,train,Handrise-Read-write,63.25,39.5,210.81,0.66,apta
3003010.jpg,train,Handrise-Read-write,137.18,84.6,1356.09,1.7,apta
3003011.jpg,train,Handrise-Read-write,165.01,85.36,942.89,1.23,apta
3003012.jpg,train,Handrise-Read-write,152.68,82.13,1201.77,1.59,apta
3003013.jpg,train,Handrise-Read-write,167.32,85.11,1041.21,1.42,apta
3003014.jpg,train,Handrise-Read-write,153.01,85.9,881.98,1.34,apta
3003015.jpg,train,Handrise-Read-write,159.08,87.47,565.82,0.79,apta
3003016.jpg,train,Handrise-Read-write,183.41,79.45,1052.57,1.21,apta
3003017.jpg,train,Handrise-Read-write,171.44,77.98,462.78,0.74,apta
3003018.jpg,train,Handrise-Read-write,87.63,61.52,924.7,1.12,apta
3003019.jpg,train,Handrise-Read-write,89.55,58.92,1012.28,1.22,apta
3003020.jpg,train,Handrise-Read-write,110.91,56.07,1004.7,1.48,apta
3003021.jpg,train,Handrise-Read-write,119.81,58.13,983.94,1.33,apta
3003022.jpg,train,Handrise-Read-write,117.58,55.72,1006.93,1.34,apta
3003023.jpg,train,Handrise-Read-write,111.51,77.42,1991.49,2.01,apta
3003024.jpg,train,Handrise-Read-write,113.96,64.33,227.98,0.6,apta
3003025.jpg,train,Handrise-Read-write,114.99,62.99,185.68,0.59,apta
3003028.jpg,train,Handrise-Read-write,84.49,57.86,922.42,0.84,apta
3003029.jpg,train,Handrise-Read-write,62.08,47.63,358.45,0.73,apta
3003030.jpg,train,Handrise-Read-write,56.92,51.07,405.28,0.71,no apta
3003031.jpg,train,Handrise-Read-write,52.2,53.37,364.09,0.67,no apta
3003032.jpg,train,Handrise-Read-write,56.04,51.76,291.67,0.68,no apta
3003033.jpg,train,Handrise-Read-write,113.55,62.82,959.89,1.32,apta
3003034.jpg,train,Handrise-Read-write,110.89,66.83,900.69,1.34,apta
3003035.jpg,train,Handrise-Read-write,131.9,68.14,752.47,0.81,apta
3003036.jpg,train,Handrise-Read-write,110.75,64.02,464.11,0.87,apta
3003037.jpg,train,Handrise-Read-write,118.98,67.6,607.49,0.78,apta
3003038.jpg,train,Handrise-Read-write,108.99,73.35,523.2,0.91,apta
3003039.jpg,train,Handrise-Read-write,121.92,78.21,324.18,0.69,apta
3003040.jpg,train,Handrise-Read-write,114.79,73.7,1039.23,1.45,apta
3003041.jpg,train,Handrise-Read-write,118.41,76.16,825.31,1.12,apta
3003042.jpg,train,Handrise-Read-write,121.62,58.95,2819.38,3.45,apta
3003043.jpg,train,Handrise-Read-write,149.03,61.39,836.51,0.87,apta
3003044.jpg,train,Handrise-Read-write,156.75,46.15,376.4,0.52,apta
3003045.jpg,train,Handrise-Read-write,148.28,52.74,667.15,0.74,apta
3003046.jpg,train,Handrise-Read-write,148.84,63.13,1372.75,1.08,apta
3003047.jpg,train,Handrise-Read-write,168.06,66.76,945.58,0.89,apta
3003048.jpg,train,Handrise-Read-write,123.55,73.99,304.0,0.69,apta
3003049.jpg,train,Handrise-Read-write,130.2,62.19,246.26,0.62,apta
3003050.jpg,train,Handrise-Read-write,129.12,65.23,288.45,0.69,apta
3003051.jpg,train,Handrise-Read-write,145.3,61.43,284.44,0.67,apta
3003052.jpg,train,Handrise-Read-write,129.38,64.72,300.61,0.7,apta
3003053.jpg,train,Handrise-Read-write,151.26,47.58,336.44,0.55,apta
3003054.jpg,train,Handrise-Read-write,140.19,52.29,354.94,0.57,apta
3003055.jpg,train,Handrise-Read-write,152.86,47.62,585.39,0.55,apta
3003056.jpg,train,Handrise-Read-write,129.95,59.14,592.5,0.53,apta
3003057.jpg,train,Handrise-Read-write,137.66,69.51,1378.38,1.59,apta
3003058.jpg,train,Handrise-Read-write,128.44,69.91,1623.82,2.17,apta
3003059.jpg,train,Handrise-Read-write,99.79,65.22,920.05,0.84,apta
3003060.jpg,train,Handrise-Read-write,103.07,70.74,1201.12,1.06,apta
3003061.jpg,train,Handrise-Read-write,105.0,69.79,1235.48,1.21,apta
3003062.jpg,train,Handrise-Read-write,136.19,71.46,1386.77,1.73,apta
3003063.jpg,train,Handrise-Read-write,105.5,67.89,1242.66,1.22,apta
3003064.jpg,train,Handrise-Read-write,97.81,80.74,839.03,1.0,apta
3003065.jpg,train,Handrise-Read-write,100.89,80.95,894.76,1.17,apta
3003066.jpg,train,Handrise-Read-write,106.93,75.59,1170.7,1.47,apta
3003067.jpg,train,Handrise-Read-write,96.05,73.02,880.67,1.15,apta
3003068.jpg,train,Handrise-Read-write,105.98,75.01,1100.61,1.35,apta
3003069.jpg,train,Handrise-Read-write,82.99,65.17,881.56,1.32,apta
3003070.jpg,train,Handrise-Read-write,104.75,72.46,1213.14,1.55,apta
3003071.jpg,train,Handrise-Read-write,105.11,67.2,324.21,0.75,apta
3003072.jpg,train,Handrise-Read-write,99.43,65.53,147.4,0.46,apta
3003073.jpg,train,Handrise-Read-write,106.61,67.28,169.92,0.54,apta
3003074.jpg,train,Handrise-Read-write,108.86,66.89,227.34,0.58,apta
3003075.jpg,train,Handrise-Read-write,107.35,67.03,436.16,0.89,apta
3003076.jpg,train,Handrise-Read-write,105.92,66.06,115.31,0.53,apta
3003077.jpg,train,Handrise-Read-write,119.05,68.91,334.05,0.78,apta
3003078.jpg,train,Handrise-Read-write,120.49,68.43,200.17,0.56,apta
3003079.jpg,train,Handrise-Read-write,104.87,52.96,1088.47,2.35,apta
3003080.jpg,train,Handrise-Read-write,102.97,53.73,1189.77,2.6,apta
3003081.jpg,train,Handrise-Read-write,103.14,53.39,1177.25,2.51,apta
3003082.jpg,train,Handrise-Read-write,99.89,53.21,1119.36,2.55,apta
3003083.jpg,train,Handrise-Read-write,95.72,56.53,2000.68,3.77,apta
3003084.jpg,train,Handrise-Read-write,102.06,53.73,1214.37,2.38,apta
3003085.jpg,train,Handrise-Read-write,100.37,51.37,982.38,2.3,apta
3003086.jpg,train,Handrise-Read-write,96.89,58.33,706.25,1.08,apta
3003087.jpg,train,Handrise-Read-write,94.61,50.91,611.19,1.4,apta
3003088.jpg,train,Handrise-Read-write,90.37,57.55,763.92,1.46,apta
3003089.jpg,train,Handrise-Read-write,91.7,58.01,772.26,1.48,apta
3003090.jpg,train,Handrise-Read-write,92.33,58.48,737.26,1.41,apta
3003091.jpg,train,Handrise-Read-write,87.23,59.67,657.25,0.94,apta
3003092.jpg,train,Handrise-Read-write,99.55,44.15,745.6,1.55,apta
3003093.jpg,train,Handrise-Read-write,101.32,52.59,1218.61,1.01,apta
3003094.jpg,train,Handrise-Read-write,93.22,57.94,949.41,1.66,apta
3003095.jpg,train,Handrise-Read-write,93.34,57.26,533.98,1.25,apta
3003096.jpg,train,Handrise-Read-write,93.96,58.67,984.29,1.8,apta
3003097.jpg,train,Handrise-Read-write,93.53,58.0,893.65,1.71,apta
3003098.jpg,train,Handrise-Read-write,104.79,60.4,850.23,1.12,apta
3003099.jpg,train,Handrise-Read-write,98.1,57.0,977.7,1.91,apta
3003101.jpg,train,Handrise-Read-write,104.35,54.03,838.61,1.42,apta
3003102.jpg,train,Handrise-Read-write,110.82,55.58,845.0,1.18,apta
3003104.jpg,train,Handrise-Read-write,136.66,66.45,1868.0,1.24,apta
3003105.jpg,train,Handrise-Read-write,111.27,71.17,688.69,0.74,apta
3003106.jpg,train,Handrise-Read-write,83.78,58.73,675.5,1.4,apta
3003107.jpg,train,Handrise-Read-write,90.55,68.63,519.06,0.84,apta
3003108.jpg,train,Handrise-Read-write,84.78,58.09,678.96,1.45,apta
3003109.jpg,train,Handrise-Read-write,84.92,57.91,717.93,1.49,apta
3003110.jpg,train,Handrise-Read-write,91.54,72.04,441.51,0.85,apta
3003111.jpg,train,Handrise-Read-write,102.31,60.28,1694.88,2.05,apta
3003115.jpg,train,Handrise-Read-write,120.58,59.31,1463.62,1.96,apta
3003116.jpg,train,Handrise-Read-write,72.91,77.72,1822.43,1.59,apta
3003117.jpg,train,Handrise-Read-write,104.13,67.44,981.33,1.19,apta
3003118.jpg,train,Handrise-Read-write,94.28,73.88,1378.21,1.83,apta
3003119.jpg,train,Handrise-Read-write,101.98,76.48,1564.93,1.31,apta
3003120.jpg,train,Handrise-Read-write,91.17,74.14,1344.48,1.43,apta
3003121.jpg,train,Handrise-Read-write,96.74,70.96,845.43,0.91,apta
3003123.jpg,train,Handrise-Read-write,90.11,67.73,1067.39,0.96,apta
3003125.jpg,train,Handrise-Read-write,112.97,72.29,1198.03,1.39,apta
3003126.jpg,train,Handrise-Read-write,99.52,77.78,1513.76,1.67,apta
3003132.jpg,train,Handrise-Read-write,89.59,88.21,893.06,0.79,apta
3003134.jpg,train,Handrise-Read-write,101.07,63.94,549.9,1.05,apta
3003135.jpg,train,Handrise-Read-write,120.67,56.64,1174.32,2.58,apta
3003136.jpg,train,Handrise-Read-write,103.93,60.02,568.84,1.41,apta
3003137.jpg,train,Handrise-Read-write,107.63,55.21,552.9,1.67,apta
3003138.jpg,train,Handrise-Read-write,106.01,65.77,661.25,1.26,apta
3003139.jpg,train,Handrise-Read-write,109.71,70.5,478.27,1.02,apta
3003140.jpg,train,Handrise-Read-write,101.88,73.39,357.12,0.68,apta
3003141.jpg,train,Handrise-Read-write,74.27,70.38,1830.79,1.78,apta
3003147.jpg,train,Handrise-Read-write,85.54,58.47,1066.47,1.53,apta
3003148.jpg,train,Handrise-Read-write,94.51,61.95,1223.93,1.62,apta
3003152.jpg,train,Handrise-Read-write,62.1,78.97,1712.52,1.69,apta
3003154.jpg,train,Handrise-Read-write,69.26,79.86,2638.06,2.45,apta
3003155.jpg,train,Handrise-Read-write,61.64,72.82,1882.62,1.69,apta
3003156.jpg,train,Handrise-Read-write,62.43,73.73,1866.27,1.86,apta
3003157.jpg,train,Handrise-Read-write,49.68,67.73,3957.59,2.65,no apta
3003158.jpg,train,Handrise-Read-write,94.91,84.46,1418.57,1.71,apta
3003160.jpg,train,Handrise-Read-write,101.83,86.23,1544.8,1.93,apta
3003161.jpg,train,Handrise-Read-write,87.12,53.68,1748.76,1.8,apta
3003162.jpg,train,Handrise-Read-write,119.68,83.36,1684.86,1.64,apta
3003164.jpg,train,Handrise-Read-write,90.17,63.82,476.14,0.9,apta
3003165.jpg,train,Handrise-Read-write,117.21,75.24,686.95,0.92,apta
3003166.jpg,train,Handrise-Read-write,99.86,68.99,331.83,0.76,apta
3003167.jpg,train,Handrise-Read-write,111.03,69.77,2553.08,1.93,apta
3003168.jpg,train,Handrise-Read-write,112.5,71.1,2575.12,2.11,apta
3004001.jpg,train,Handrise-Read-write,114.38,58.75,607.41,0.9,apta
3004002.jpg,train,Handrise-Read-write,98.57,58.11,221.18,0.55,apta
3004003.jpg,train,Handrise-Read-write,104.33,49.94,664.94,1.79,apta
3004006.jpg,train,Handrise-Read-write,98.57,66.97,2338.73,2.59,apta
3004010.jpg,train,Handrise-Read-write,106.95,64.67,1672.76,2.67,apta
3004011.jpg,train,Handrise-Read-write,117.29,55.64,737.06,1.24,apta
3004012.jpg,train,Handrise-Read-write,104.54,62.77,299.73,0.56,apta
3004013.jpg,train,Handrise-Read-write,105.75,64.58,1694.34,2.74,apta
3004014.jpg,train,Handrise-Read-write,88.96,65.49,397.42,0.9,apta
3004015.jpg,train,Handrise-Read-write,108.16,64.0,1612.0,2.52,apta
3004016.jpg,train,Handrise-Read-write,106.52,51.06,701.34,1.82,apta
3004017.jpg,train,Handrise-Read-write,105.51,62.2,220.18,0.55,apta
3004019.jpg,train,Handrise-Read-write,103.52,62.41,1227.85,1.96,apta
3004020.jpg,train,Handrise-Read-write,106.7,66.79,192.68,0.54,apta
3004021.jpg,train,Handrise-Read-write,86.85,65.68,381.05,0.9,apta
3004022.jpg,train,Handrise-Read-write,105.87,51.01,997.58,1.9,apta
3004025.jpg,train,Handrise-Read-write,119.09,51.56,1090.06,1.94,apta
3004026.jpg,train,Handrise-Read-write,85.87,65.29,363.51,0.85,apta
3004028.jpg,train,Handrise-Read-write,115.29,56.23,894.1,1.07,apta
3004029.jpg,train,Handrise-Read-write,83.53,64.48,375.07,0.9,apta
3004031.jpg,train,Handrise-Read-write,119.17,55.22,696.7,1.13,apta
3004032.jpg,train,Handrise-Read-write,119.42,56.22,810.36,1.12,apta
3004033.jpg,train,Handrise-Read-write,85.21,65.17,366.33,0.89,apta
3004034.jpg,train,Handrise-Read-write,114.75,52.47,902.59,1.95,apta
3004035.jpg,train,Handrise-Read-write,109.56,68.3,2123.65,2.86,apta
3004036.jpg,train,Handrise-Read-write,100.95,57.28,205.55,0.54,apta
3004037.jpg,train,Handrise-Read-write,106.86,71.65,2343.44,2.86,apta
3004038.jpg,train,Handrise-Read-write,108.55,49.87,736.99,1.74,apta
3004039.jpg,train,Handrise-Read-write,95.62,51.51,414.99,1.0,apta
3004041.jpg,train,Handrise-Read-write,103.43,67.1,1989.64,2.88,apta
3004042.jpg,train,Handrise-Read-write,107.93,52.7,798.16,1.82,apta
3004045.jpg,train,Handrise-Read-write,103.43,66.65,1838.55,2.75,apta
3004046.jpg,train,Handrise-Read-write,106.44,67.03,234.65,0.82,apta
3004049.jpg,train,Handrise-Read-write,87.18,58.5,919.43,2.2,apta
3004050.jpg,train,Handrise-Read-write,95.84,55.0,1080.61,1.97,apta
3004051.jpg,train,Handrise-Read-write,96.82,59.8,1231.19,2.79,apta
3004052.jpg,train,Handrise-Read-write,117.15,68.95,155.81,0.67,apta
3004053.jpg,train,Handrise-Read-write,98.48,35.74,300.09,1.28,apta
3004054.jpg,train,Handrise-Read-write,105.72,60.73,703.47,1.71,apta
3004055.jpg,train,Handrise-Read-write,87.43,58.9,943.75,2.21,apta
3004056.jpg,train,Handrise-Read-write,95.4,35.95,287.66,1.25,apta
3004057.jpg,train,Handrise-Read-write,97.32,36.17,264.65,1.17,apta
3004058.jpg,train,Handrise-Read-write,98.4,39.38,275.79,1.19,apta
3004059.jpg,train,Handrise-Read-write,112.0,41.91,289.54,0.94,apta
3004060.jpg,train,Handrise-Read-write,111.33,43.34,328.49,0.97,apta
3004061.jpg,train,Handrise-Read-write,114.52,43.75,276.25,0.91,apta
3004062.jpg,train,Handrise-Read-write,96.23,33.8,272.21,1.2,apta
3004063.jpg,train,Handrise-Read-write,113.78,42.23,282.04,0.92,apta
3004064.jpg,train,Handrise-Read-write,113.16,43.16,289.78,0.94,apta
3004065.jpg,train,Handrise-Read-write,114.99,42.67,293.28,0.95,apta
3004066.jpg,train,Handrise-Read-write,114.5,42.69,305.97,0.97,apta
3004067.jpg,train,Handrise-Read-write,127.61,54.12,570.84,1.66,apta
3004068.jpg,train,Handrise-Read-write,123.0,51.51,444.75,1.47,apta
3004069.jpg,train,Handrise-Read-write,114.86,43.51,285.7,0.92,apta
3004070.jpg,train,Handrise-Read-write,97.28,37.52,265.07,1.19,apta
3004071.jpg,train,Handrise-Read-write,97.0,38.09,278.88,1.24,apta
3004072.jpg,train,Handrise-Read-write,116.18,42.94,282.29,0.92,apta
3004073.jpg,train,Handrise-Read-write,117.0,43.24,285.17,0.91,apta
3004074.jpg,train,Handrise-Read-write,101.43,49.15,405.51,1.15,apta
3004075.jpg,train,Handrise-Read-write,135.61,52.51,935.12,1.11,apta
3004076.jpg,train,Handrise-Read-write,133.24,58.12,1181.02,1.86,apta
3004077.jpg,train,Handrise-Read-write,99.05,50.68,429.9,1.2,apta
3004078.jpg,train,Handrise-Read-write,130.19,60.21,1113.33,1.76,apta
3004079.jpg,train,Handrise-Read-write,154.22,53.31,1083.56,2.8,apta
3004080.jpg,train,Handrise-Read-write,132.25,59.06,1374.01,1.93,apta
3004081.jpg,train,Handrise-Read-write,99.04,49.45,485.13,1.3,apta
3004082.jpg,train,Handrise-Read-write,100.28,50.13,423.24,1.22,apta
3004083.jpg,train,Handrise-Read-write,143.65,55.28,942.73,2.25,apta
3004084.jpg,train,Handrise-Read-write,101.02,52.75,376.47,1.07,apta
3004085.jpg,train,Handrise-Read-write,102.24,53.07,371.95,1.05,apta
3004086.jpg,train,Handrise-Read-write,88.69,56.9,868.71,2.07,apta
3004087.jpg,train,Handrise-Read-write,104.34,68.88,401.38,0.68,apta
3004088.jpg,train,Handrise-Read-write,139.13,46.02,869.68,0.8,apta
3004089.jpg,train,Handrise-Read-write,107.75,46.84,373.87,1.16,apta
3004090.jpg,train,Handrise-Read-write,88.49,60.98,978.97,2.43,apta
3004091.jpg,train,Handrise-Read-write,130.81,56.01,1283.57,1.81,apta
3004092.jpg,train,Handrise-Read-write,93.27,56.44,886.21,1.82,apta
3004093.jpg,train,Handrise-Read-write,107.55,46.13,372.92,1.12,apta
3004094.jpg,train,Handrise-Read-write,97.26,52.22,420.14,1.2,apta
3004095.jpg,train,Handrise-Read-write,129.9,61.11,786.14,0.94,apta
3004096.jpg,train,Handrise-Read-write,111.34,50.33,683.05,1.27,apta
3004097.jpg,train,Handrise-Read-write,100.98,49.3,434.64,1.25,apta
3004098.jpg,train,Handrise-Read-write,96.19,54.09,918.75,1.95,apta
3004099.jpg,train,Handrise-Read-write,80.96,58.64,885.99,1.68,apta
3004100.jpg,train,Handrise-Read-write,102.21,51.44,410.0,1.18,apta
3004101.jpg,train,Handrise-Read-write,102.5,51.18,422.67,1.29,apta
3004102.jpg,train,Handrise-Read-write,101.14,51.23,407.45,1.17,apta
3004103.jpg,train,Handrise-Read-write,88.2,58.88,879.16,2.13,apta
3004104.jpg,train,Handrise-Read-write,105.33,54.52,387.09,1.11,apta
3004105.jpg,train,Handrise-Read-write,107.4,51.4,244.58,0.75,apta
3004106.jpg,train,Handrise-Read-write,99.49,61.92,526.08,1.67,apta
3004107.jpg,train,Handrise-Read-write,99.68,52.6,443.97,1.19,apta
3004108.jpg,train,Handrise-Read-write,106.03,50.12,432.53,1.22,apta
3004109.jpg,train,Handrise-Read-write,100.96,50.42,436.05,1.21,apta
3004110.jpg,train,Handrise-Read-write,102.18,49.52,424.34,1.24,apta
3004111.jpg,train,Handrise-Read-write,97.7,51.54,407.59,1.21,apta
3004112.jpg,train,Handrise-Read-write,114.2,45.38,299.87,0.9,apta
3004113.jpg,train,Handrise-Read-write,100.77,49.88,417.69,1.2,apta
3004114.jpg,train,Handrise-Read-write,101.24,50.01,440.87,1.25,apta
3004115.jpg,train,Handrise-Read-write,101.93,50.04,426.5,1.23,apta
3004116.jpg,train,Handrise-Read-write,114.58,43.56,311.11,0.98,apta
3004117.jpg,train,Handrise-Read-write,115.61,42.42,285.38,0.91,apta
3004118.jpg,train,Handrise-Read-write,114.86,42.87,284.12,0.92,apta
3004119.jpg,train,Handrise-Read-write,116.84,41.83,315.85,0.98,apta
3004121.jpg,train,Handrise-Read-write,77.64,56.96,820.54,1.66,apta
3004124.jpg,train,Handrise-Read-write,96.69,34.46,334.75,1.33,apta
3004125.jpg,train,Handrise-Read-write,116.47,42.33,311.57,0.98,apta
3004126.jpg,train,Handrise-Read-write,96.73,36.56,270.44,1.17,apta
3004127.jpg,train,Handrise-Read-write,90.7,50.88,488.6,1.28,apta
3004129.jpg,train,Handrise-Read-write,98.09,36.87,260.74,1.13,apta
3004130.jpg,train,Handrise-Read-write,128.45,53.97,542.21,1.58,apta
3004131.jpg,train,Handrise-Read-write,127.87,50.21,439.97,1.42,apta
3004132.jpg,train,Handrise-Read-write,95.7,36.02,310.32,1.33,apta
3004133.jpg,train,Handrise-Read-write,96.42,37.47,262.91,1.11,apta
3004135.jpg,train,Handrise-Read-write,153.42,53.55,935.55,1.9,apta
3004136.jpg,train,Handrise-Read-write,98.43,38.49,279.18,1.23,apta
3004137.jpg,train,Handrise-Read-write,117.12,48.38,608.38,1.58,apta
3004138.jpg,train,Handrise-Read-write,93.77,53.27,847.56,2.31,apta
3004139.jpg,train,Handrise-Read-write,121.63,51.5,677.0,1.56,apta
3004140.jpg,train,Handrise-Read-write,94.92,53.5,858.0,2.32,apta
3004141.jpg,train,Handrise-Read-write,127.83,58.34,598.99,1.65,apta
3004142.jpg,train,Handrise-Read-write,97.25,35.54,267.47,1.18,apta
3004143.jpg,train,Handrise-Read-write,153.82,53.34,1048.39,2.73,apta
3004144.jpg,train,Handrise-Read-write,127.85,57.61,759.09,1.78,apta
3004146.jpg,train,Handrise-Read-write,133.14,57.34,1272.6,1.86,apta
3004147.jpg,train,Handrise-Read-write,135.16,53.45,1064.06,1.06,apta
3004148.jpg,train,Handrise-Read-write,120.14,73.1,1521.45,2.49,apta
3004149.jpg,train,Handrise-Read-write,133.14,58.11,1327.86,1.9,apta
3004150.jpg,train,Handrise-Read-write,119.29,72.69,1629.4,2.6,apta
3004151.jpg,train,Handrise-Read-write,133.19,53.52,901.82,0.95,apta
3004152.jpg,train,Handrise-Read-write,103.15,64.22,1446.51,2.3,apta
3004154.jpg,train,Handrise-Read-write,101.41,63.37,1473.73,2.31,apta
3004155.jpg,train,Handrise-Read-write,128.85,69.98,1508.24,2.13,apta
3004156.jpg,train,Handrise-Read-write,136.38,66.69,1037.74,2.39,apta
3004157.jpg,train,Handrise-Read-write,138.3,48.52,261.51,0.61,apta
3004158.jpg,train,Handrise-Read-write,135.3,66.45,1246.38,2.29,apta
3004159.jpg,train,Handrise-Read-write,121.97,76.34,1603.71,2.31,apta
3004160.jpg,train,Handrise-Read-write,126.03,75.87,1469.18,2.32,apta
3004161.jpg,train,Handrise-Read-write,130.78,68.12,1483.1,2.11,apta
3004164.jpg,train,Handrise-Read-write,95.58,60.57,339.56,0.75,apta
3004165.jpg,train,Handrise-Read-write,131.37,55.57,1094.87,1.77,apta
3004166.jpg,train,Handrise-Read-write,129.8,57.38,516.24,1.02,apta
3004167.jpg,train,Handrise-Read-write,133.88,53.6,890.35,0.78,apta
3004168.jpg,train,Handrise-Read-write,130.45,69.74,1428.69,2.36,apta
3004169.jpg,train,Handrise-Read-write,99.12,64.21,1436.01,2.39,apta
3004170.jpg,train,Handrise-Read-write,122.32,71.61,1281.55,2.1,apta
3004171.jpg,train,Handrise-Read-write,125.68,71.1,1210.82,2.04,apta
3004172.jpg,train,Handrise-Read-write,134.64,56.84,1821.77,5.58,apta
3004173.jpg,train,Handrise-Read-write,125.51,72.13,1416.28,2.49,apta
3004181.jpg,train,Handrise-Read-write,67.17,35.31,349.28,0.86,apta
3004182.jpg,train,Handrise-Read-write,87.5,52.73,318.02,1.11,apta
3004185.jpg,train,Handrise-Read-write,93.95,46.2,286.1,0.92,apta
3004187.jpg,train,Handrise-Read-write,94.54,43.22,444.68,1.06,apta
3004188.jpg,train,Handrise-Read-write,102.77,46.48,586.33,1.36,apta
3004189.jpg,train,Handrise-Read-write,96.05,46.16,327.92,1.04,apta
3004190.jpg,train,Handrise-Read-write,103.66,45.72,500.39,1.44,apta
3004191.jpg,train,Handrise-Read-write,105.03,46.28,497.72,1.38,apta
3004192.jpg,train,Handrise-Read-write,102.93,45.87,496.62,1.4,apta
3004193.jpg,train,Handrise-Read-write,95.5,48.0,819.35,1.91,apta
3004194.jpg,train,Handrise-Read-write,97.03,47.42,289.86,0.91,apta
3004195.jpg,train,Handrise-Read-write,104.75,46.86,473.31,1.33,apta
3004202.jpg,train,Handrise-Read-write,124.73,87.48,3306.98,3.86,apta
3004213.jpg,train,Handrise-Read-write,102.81,45.7,514.59,1.47,apta
3004217.jpg,train,Handrise-Read-write,93.11,47.1,748.5,1.8,apta
3004218.jpg,train,Handrise-Read-write,93.96,46.59,776.09,1.85,apta
3004236.jpg,train,Handrise-Read-write,97.84,58.52,807.52,0.92,apta
3004237.jpg,train,Handrise-Read-write,99.06,58.98,425.25,0.94,apta
3004238.jpg,train,Handrise-Read-write,100.17,60.86,531.32,0.98,apta
3004239.jpg,train,Handrise-Read-write,100.21,40.38,311.37,1.01,apta
3004240.jpg,train,Handrise-Read-write,105.87,46.87,409.17,1.08,apta
3004241.jpg,train,Handrise-Read-write,101.02,39.28,335.41,1.07,apta
3004243.jpg,train,Handrise-Read-write,103.21,40.66,277.31,0.96,apta
3004247.jpg,train,Handrise-Read-write,100.15,39.9,519.62,1.13,apta
3005001.jpg,train,Handrise-Read-write,124.51,66.04,582.58,1.43,apta
3005002.jpg,train,Handrise-Read-write,130.39,67.82,643.84,1.49,apta
3005003.jpg,train,Handrise-Read-write,127.96,66.07,601.05,1.45,apta
3005004.jpg,train,Handrise-Read-write,124.52,65.39,623.71,1.48,apta
3005005.jpg,train,Handrise-Read-write,141.12,53.7,198.35,0.79,apta
3005006.jpg,train,Handrise-Read-write,128.37,69.69,514.33,1.34,apta
3005007.jpg,train,Handrise-Read-write,127.91,61.93,437.31,0.99,apta
3005008.jpg,train,Handrise-Read-write,124.87,67.81,201.87,0.57,apta
3005009.jpg,train,Handrise-Read-write,130.51,68.78,638.65,1.51,apta
3005010.jpg,train,Handrise-Read-write,134.28,59.4,335.06,1.13,apta
3005011.jpg,train,Handrise-Read-write,126.69,65.07,630.05,1.52,apta
3005012.jpg,train,Handrise-Read-write,129.7,68.19,609.4,1.47,apta
3005013.jpg,train,Handrise-Read-write,131.42,59.46,294.53,1.06,apta
3005014.jpg,train,Handrise-Read-write,128.71,65.97,561.62,1.38,apta
3005015.jpg,train,Handrise-Read-write,131.04,68.31,543.26,1.35,apta
3005016.jpg,train,Handrise-Read-write,131.41,62.65,228.57,0.84,apta
3005018.jpg,train,Handrise-Read-write,125.95,65.18,576.98,1.43,apta
3005019.jpg,train,Handrise-Read-write,132.47,72.01,493.42,1.18,apta
3005020.jpg,train,Handrise-Read-write,129.19,68.22,594.13,1.4,apta
3005021.jpg,train,Handrise-Read-write,96.03,58.37,399.22,0.3,apta
3005022.jpg,train,Handrise-Read-write,88.29,44.1,366.47,0.58,apta
3005023.jpg,train,Handrise-Read-write,78.56,50.27,225.37,0.68,apta
3005024.jpg,train,Handrise-Read-write,103.84,55.12,485.12,0.67,apta
3005026.jpg,train,Handrise-Read-write,97.42,50.19,431.52,0.82,apta
3005028.jpg,train,Handrise-Read-write,99.55,50.85,233.81,0.81,apta
3005029.jpg,train,Handrise-Read-write,96.81,51.34,428.04,0.78,apta
3005030.jpg,train,Handrise-Read-write,93.66,47.7,349.32,0.68,apta
3005031.jpg,train,Handrise-Read-write,105.39,51.72,149.46,0.6,apta
3005032.jpg,train,Handrise-Read-write,91.89,50.4,212.26,0.71,apta
3005033.jpg,train,Handrise-Read-write,103.91,53.61,128.42,0.59,apta
3005034.jpg,train,Handrise-Read-write,87.09,46.1,186.72,0.7,apta
3005035.jpg,train,Handrise-Read-write,77.03,53.58,105.2,0.53,apta
3005036.jpg,train,Handrise-Read-write,88.49,49.18,178.62,0.69,apta
3005037.jpg,train,Handrise-Read-write,93.57,45.66,145.2,0.64,apta
3005039.jpg,train,Handrise-Read-write,89.91,47.55,348.37,0.82,apta
3005040.jpg,train,Handrise-Read-write,86.63,46.96,332.07,0.8,apta
3005041.jpg,train,Handrise-Read-write,88.38,46.51,228.38,0.79,apta
3005042.jpg,train,Handrise-Read-write,85.59,58.15,747.19,1.66,apta
3005043.jpg,train,Handrise-Read-write,85.77,57.26,766.58,1.77,apta
3005044.jpg,train,Handrise-Read-write,84.46,57.79,565.99,1.42,apta
3005047.jpg,train,Handrise-Read-write,110.6,52.88,370.08,1.16,apta
3005048.jpg,train,Handrise-Read-write,106.91,56.71,438.88,0.93,apta
3005049.jpg,train,Handrise-Read-write,107.65,60.96,441.47,1.05,apta
3005050.jpg,train,Handrise-Read-write,92.87,63.12,427.99,0.99,apta
3005051.jpg,train,Handrise-Read-write,102.96,58.01,546.67,1.28,apta
3005052.jpg,train,Handrise-Read-write,105.06,58.64,541.46,1.1,apta
3005053.jpg,train,Handrise-Read-write,117.27,59.16,355.31,0.88,apta
3005054.jpg,train,Handrise-Read-write,109.41,55.27,460.7,0.78,apta
3005055.jpg,train,Handrise-Read-write,100.85,58.47,656.41,1.32,apta
3005056.jpg,train,Handrise-Read-write,95.08,54.97,188.78,0.62,apta
3005063.jpg,train,Handrise-Read-write,93.42,56.35,837.9,1.91,apta
3005064.jpg,train,Handrise-Read-write,97.6,56.67,760.21,1.73,apta
3005065.jpg,train,Handrise-Read-write,127.53,50.91,202.76,0.75,apta
3005067.jpg,train,Handrise-Read-write,109.06,58.22,310.96,0.86,apta
3005068.jpg,train,Handrise-Read-write,116.67,61.41,478.35,0.57,apta
3005070.jpg,train,Handrise-Read-write,116.83,57.79,229.31,0.75,apta
3005071.jpg,train,Handrise-Read-write,110.23,61.88,303.91,0.96,apta
3005073.jpg,train,Handrise-Read-write,109.94,59.07,188.15,0.72,apta
3005074.jpg,train,Handrise-Read-write,96.61,68.4,411.08,1.23,apta
3005076.jpg,train,Handrise-Read-write,115.66,66.27,650.81,1.32,apta
3005077.jpg,train,Handrise-Read-write,112.03,65.61,622.84,1.27,apta
3005078.jpg,train,Handrise-Read-write,96.74,65.87,387.25,1.19,apta
3005079.jpg,train,Handrise-Read-write,115.23,65.67,610.63,1.24,apta
3005081.jpg,train,Handrise-Read-write,116.19,68.21,642.13,1.13,apta
3005082.jpg,train,Handrise-Read-write,113.01,60.34,330.61,0.93,apta
3005083.jpg,train,Handrise-Read-write,118.57,67.58,693.6,1.28,apta
3005084.jpg,train,Handrise-Read-write,96.04,67.3,437.59,1.21,apta
3005085.jpg,train,Handrise-Read-write,97.21,66.09,402.12,1.22,apta
3005086.jpg,train,Handrise-Read-write,118.39,67.65,742.52,1.32,apta
3005087.jpg,train,Handrise-Read-write,115.37,66.51,702.85,1.35,apta
3005088.jpg,train,Handrise-Read-write,117.74,68.85,636.44,1.25,apta
3005091.jpg,train,Handrise-Read-write,118.27,65.79,614.24,1.23,apta
3005092.jpg,train,Handrise-Read-write,115.1,70.16,777.77,1.48,apta
3005096.jpg,train,Handrise-Read-write,111.65,69.24,779.14,1.51,apta
3005097.jpg,train,Handrise-Read-write,105.38,71.9,537.7,1.44,apta
3005098.jpg,train,Handrise-Read-write,102.59,70.79,497.38,1.33,apta
3005100.jpg,train,Handrise-Read-write,114.89,69.81,858.96,1.54,apta
3005101.jpg,train,Handrise-Read-write,105.71,73.54,632.71,1.42,apta
3005102.jpg,train,Handrise-Read-write,98.03,65.23,620.14,1.3,apta
3005103.jpg,train,Handrise-Read-write,105.32,63.28,582.68,1.23,apta
3005104.jpg,train,Handrise-Read-write,105.55,65.99,309.89,0.84,apta
3005105.jpg,train,Handrise-Read-write,94.92,63.38,568.03,1.36,apta
3005106.jpg,train,Handrise-Read-write,102.31,62.57,566.95,1.27,apta
3005107.jpg,train,Handrise-Read-write,103.66,72.4,558.24,1.33,apta
3005108.jpg,train,Handrise-Read-write,94.42,60.94,453.03,1.19,apta
3005110.jpg,train,Handrise-Read-write,105.37,43.35,160.5,0.53,apta
3005111.jpg,train,Handrise-Read-write,116.57,70.72,504.65,1.33,apta
3005112.jpg,train,Handrise-Read-write,117.27,73.39,338.74,1.07,apta
3005114.jpg,train,Handrise-Read-write,111.34,61.35,326.4,1.07,apta
3005117.jpg,train,Handrise-Read-write,103.78,65.27,646.01,1.42,apta
3005118.jpg,train,Handrise-Read-write,101.6,61.62,537.98,1.34,apta
3005119.jpg,train,Handrise-Read-write,104.76,66.85,583.31,1.48,apta
3005120.jpg,train,Handrise-Read-write,82.61,47.29,742.47,2.16,apta
3005121.jpg,train,Handrise-Read-write,80.61,47.03,718.61,2.16,apta
3005122.jpg,train,Handrise-Read-write,81.48,47.59,709.73,2.03,apta
3005123.jpg,train,Handrise-Read-write,91.33,43.29,516.27,1.41,apta
3005124.jpg,train,Handrise-Read-write,87.09,45.12,733.96,1.91,apta
3005125.jpg,train,Handrise-Read-write,82.17,49.06,654.51,1.93,apta
3005126.jpg,train,Handrise-Read-write,73.31,41.9,789.0,2.02,apta
3005127.jpg,train,Handrise-Read-write,77.14,45.72,561.76,1.79,apta
3005128.jpg,train,Handrise-Read-write,116.77,58.95,1553.64,2.69,apta
3005129.jpg,train,Handrise-Read-write,118.51,58.1,1632.52,2.84,apta
3005130.jpg,train,Handrise-Read-write,116.86,58.69,1473.51,2.54,apta
3005131.jpg,train,Handrise-Read-write,118.12,58.86,1497.7,2.61,apta
3005132.jpg,train,Handrise-Read-write,117.25,58.27,1616.64,2.79,apta
3005133.jpg,train,Handrise-Read-write,115.11,56.82,1243.94,2.29,apta
3005134.jpg,train,Handrise-Read-write,121.88,53.15,1415.31,2.48,apta
3005135.jpg,train,Handrise-Read-write,118.32,57.97,1339.29,2.4,apta
3005136.jpg,train,Handrise-Read-write,117.18,57.54,1477.45,2.59,apta
3005137.jpg,train,Handrise-Read-write,116.91,57.41,1378.91,2.46,apta
3005138.jpg,train,Handrise-Read-write,118.23,58.29,1530.13,2.63,apta
3005139.jpg,train,Handrise-Read-write,117.11,59.5,1434.91,2.5,apta
3005140.jpg,train,Handrise-Read-write,118.21,57.83,1365.54,2.36,apta
3005141.jpg,train,Handrise-Read-write,117.17,40.32,472.15,1.22,apta
3005142.jpg,train,Handrise-Read-write,117.21,40.37,498.4,1.3,apta
3005143.jpg,train,Handrise-Read-write,107.21,50.49,547.14,1.4,apta
3005144.jpg,train,Handrise-Read-write,107.55,50.2,511.85,1.3,apta
3005149.jpg,train,Handrise-Read-write,107.94,50.15,505.14,1.28,apta
3005150.jpg,train,Handrise-Read-write,107.7,50.32,467.73,1.24,apta
3005151.jpg,train,Handrise-Read-write,89.59,65.36,438.11,0.89,apta
3005155.jpg,train,Handrise-Read-write,83.72,59.88,1778.61,3.46,apta
3005156.jpg,train,Handrise-Read-write,81.72,60.06,1615.62,3.17,apta
3005157.jpg,train,Handrise-Read-write,81.1,59.66,1694.2,3.32,apta
3005158.jpg,train,Handrise-Read-write,83.89,60.16,1842.41,3.49,apta
3005159.jpg,train,Handrise-Read-write,82.88,59.84,1825.14,3.51,apta
3005160.jpg,train,Handrise-Read-write,84.31,62.34,1449.99,2.95,apta
3005161.jpg,train,Handrise-Read-write,83.11,60.35,1400.39,2.76,apta
3005162.jpg,train,Handrise-Read-write,85.1,62.83,1615.3,3.2,apta
3005163.jpg,train,Handrise-Read-write,78.7,59.7,1393.42,2.83,apta
3005164.jpg,train,Handrise-Read-write,78.37,58.99,1508.87,3.0,apta
3005165.jpg,train,Handrise-Read-write,78.36,63.28,1413.63,2.61,apta
3005166.jpg,train,Handrise-Read-write,77.17,60.75,1310.35,2.6,apta
3005167.jpg,train,Handrise-Read-write,75.69,58.3,1471.34,2.96,apta
3005168.jpg,train,Handrise-Read-write,82.92,62.2,1378.8,2.79,apta
3005169.jpg,train,Handrise-Read-write,80.61,60.87,1267.11,2.64,apta
3005170.jpg,train,Handrise-Read-write,81.15,62.3,1298.0,2.7,apta
3005172.jpg,train,Handrise-Read-write,77.81,58.69,1589.97,3.27,apta
3005175.jpg,train,Handrise-Read-write,122.13,60.87,1310.92,1.98,apta
3005177.jpg,train,Handrise-Read-write,122.86,57.03,1906.01,3.15,apta
3005178.jpg,train,Handrise-Read-write,118.45,60.71,1606.07,2.79,apta
3005179.jpg,train,Handrise-Read-write,124.39,59.52,1233.53,2.33,apta
3005180.jpg,train,Handrise-Read-write,127.91,58.58,1712.64,3.12,apta
3005183.jpg,train,Handrise-Read-write,122.2,52.48,1083.15,2.23,apta
3005184.jpg,train,Handrise-Read-write,103.63,57.72,870.04,2.11,apta
3005185.jpg,train,Handrise-Read-write,135.99,55.2,1243.11,2.4,apta
3005187.jpg,train,Handrise-Read-write,108.98,56.89,1160.14,2.58,apta
3005188.jpg,train,Handrise-Read-write,95.44,54.16,349.03,1.11,apta
3005190.jpg,train,Handrise-Read-write,111.0,50.64,1070.81,2.01,apta
3005191.jpg,train,Handrise-Read-write,90.11,75.51,443.07,0.91,apta
3005192.jpg,train,Handrise-Read-write,91.89,61.92,670.59,1.27,apta
3005193.jpg,train,Handrise-Read-write,112.08,62.32,830.14,1.38,apta
3005194.jpg,train,Handrise-Read-write,96.76,74.09,1238.28,2.33,apta
3005195.jpg,train,Handrise-Read-write,86.4,76.53,1142.96,1.77,apta
3005197.jpg,train,Handrise-Read-write,90.46,68.02,921.98,1.75,apta
3005199.jpg,train,Handrise-Read-write,87.26,78.16,1472.0,2.27,apta
3005200.jpg,train,Handrise-Read-write,87.99,66.39,1107.22,1.85,apta
3005202.jpg,train,Handrise-Read-write,89.85,48.44,167.88,0.57,apta
3005203.jpg,train,Handrise-Read-write,105.16,53.1,287.65,0.7,apta
3005204.jpg,train,Handrise-Read-write,92.16,50.72,434.97,1.24,apta
3005209.jpg,train,Handrise-Read-write,108.06,55.79,599.98,1.01,apta
3005210.jpg,train,Handrise-Read-write,92.16,46.52,573.01,1.2,apta
3005215.jpg,train,Handrise-Read-write,91.29,51.73,424.29,1.05,apta
3005217.jpg,train,Handrise-Read-write,99.23,51.83,564.44,0.9,apta
3005218.jpg,train,Handrise-Read-write,91.38,55.42,692.31,1.2,apta
3005219.jpg,train,Handrise-Read-write,80.86,75.46,920.57,1.73,apta
3005220.jpg,train,Handrise-Read-write,97.01,73.33,1391.84,2.62,apta
3005221.jpg,train,Handrise-Read-write,90.4,70.8,1515.85,2.29,apta
3005222.jpg,train,Handrise-Read-write,92.01,73.02,1060.36,1.83,apta
3005223.jpg,train,Handrise-Read-write,109.38,55.66,682.93,1.38,apta
3005224.jpg,train,Handrise-Read-write,110.21,55.54,668.69,1.3,apta
3005226.jpg,train,Handrise-Read-write,98.6,61.17,357.73,1.02,apta
3005228.jpg,train,Handrise-Read-write,111.25,68.27,196.38,0.62,apta
3005229.jpg,train,Handrise-Read-write,111.96,66.14,148.9,0.62,apta
3005230.jpg,train,Handrise-Read-write,96.86,64.29,372.24,0.84,apta
3005231.jpg,train,Handrise-Read-write,93.86,70.92,452.89,0.98,apta
3005232.jpg,train,Handrise-Read-write,106.1,61.93,427.19,1.14,apta
3005233.jpg,train,Handrise-Read-write,104.04,65.78,334.32,0.82,apta
3005234.jpg,train,Handrise-Read-write,93.01,48.14,1004.9,1.14,apta
3005235.jpg,train,Handrise-Read-write,106.46,74.93,528.43,0.83,apta
3005236.jpg,train,Handrise-Read-write,92.87,47.05,406.57,1.11,apta
3005237.jpg,train,Handrise-Read-write,103.36,71.4,650.53,0.79,apta
3005238.jpg,train,Handrise-Read-write,113.74,70.99,383.3,0.83,apta
3005239.jpg,train,Handrise-Read-write,98.17,41.45,261.09,0.96,apta
3005240.jpg,train,Handrise-Read-write,118.06,68.85,253.25,0.79,apta
3005241.jpg,train,Handrise-Read-write,97.8,42.41,247.49,0.89,apta
3005242.jpg,train,Handrise-Read-write,114.73,48.38,212.23,0.72,apta
3005243.jpg,train,Handrise-Read-write,104.44,50.44,257.79,0.75,apta
3005244.jpg,train,Handrise-Read-write,103.89,51.35,318.67,0.98,apta
3005245.jpg,train,Handrise-Read-write,97.31,43.7,461.78,0.95,apta
3005246.jpg,train,Handrise-Read-write,104.23,52.34,499.41,0.95,apta
3005247.jpg,train,Handrise-Read-write,100.52,54.29,417.52,0.98,apta
3005248.jpg,train,Handrise-Read-write,97.06,53.3,1338.2,2.48,apta
3005249.jpg,train,Handrise-Read-write,96.25,52.24,1360.33,2.56,apta
3005250.jpg,train,Handrise-Read-write,95.93,52.53,1275.74,2.47,apta
3005251.jpg,train,Handrise-Read-write,90.57,55.97,1300.14,2.43,apta
3005252.jpg,train,Handrise-Read-write,97.97,54.55,1421.58,2.71,apta
3005253.jpg,train,Handrise-Read-write,103.14,49.84,739.11,1.3,apta
3005254.jpg,train,Handrise-Read-write,98.27,48.7,1253.86,2.33,apta
3005258.jpg,train,Handrise-Read-write,92.81,46.5,297.6,0.86,apta
3005259.jpg,train,Handrise-Read-write,105.94,49.6,333.14,0.97,apta
3005260.jpg,train,Handrise-Read-write,96.34,52.95,339.71,1.07,apta
3005261.jpg,train,Handrise-Read-write,94.28,47.54,272.31,0.77,apta
3005262.jpg,train,Handrise-Read-write,110.28,49.59,249.66,0.72,apta
3005263.jpg,train,Handrise-Read-write,96.83,44.19,258.75,0.8,apta
3005264.jpg,train,Handrise-Read-write,100.45,53.71,2010.68,3.41,apta
3005265.jpg,train,Handrise-Read-write,99.87,52.08,1233.94,2.35,apta
3005266.jpg,train,Handrise-Read-write,103.79,55.57,559.58,1.18,apta
3005267.jpg,train,Handrise-Read-write,98.39,54.74,992.67,1.97,apta
3005268.jpg,train,Handrise-Read-write,92.17,45.29,382.64,1.02,apta
3005269.jpg,train,Handrise-Read-write,88.42,46.87,368.16,1.03,apta
3005270.jpg,train,Handrise-Read-write,93.49,48.94,471.56,1.34,apta
3005272.jpg,train,Handrise-Read-write,111.12,49.25,1125.7,2.05,apta
3005273.jpg,train,Handrise-Read-write,110.39,50.57,1070.01,2.07,apta
3005274.jpg,train,Handrise-Read-write,110.29,49.8,1047.16,1.96,apta
3005275.jpg,train,Handrise-Read-write,110.44,50.82,1061.79,2.01,apta
3005276.jpg,train,Handrise-Read-write,108.04,48.26,1142.65,2.03,apta
3005277.jpg,train,Handrise-Read-write,109.49,51.89,1031.18,1.94,apta
3005278.jpg,train,Handrise-Read-write,108.86,51.14,1065.7,2.05,apta
3005280.jpg,train,Handrise-Read-write,111.21,51.22,1130.31,2.01,apta
3005282.jpg,train,Handrise-Read-write,97.68,49.05,1287.03,2.63,apta
3005283.jpg,train,Handrise-Read-write,97.82,48.98,1320.04,2.68,apta
3005284.jpg,train,Handrise-Read-write,107.15,49.1,1442.69,3.0,apta
3005285.jpg,train,Handrise-Read-write,105.56,49.27,1716.55,3.5,apta
3005286.jpg,train,Handrise-Read-write,84.95,43.08,382.59,1.31,apta
3005289.jpg,train,Handrise-Read-write,95.0,47.62,713.53,1.38,apta
3005290.jpg,train,Handrise-Read-write,104.65,49.29,1491.17,3.13,apta
3005291.jpg,train,Handrise-Read-write,98.08,61.8,456.17,1.3,apta
3005292.jpg,train,Handrise-Read-write,84.27,59.99,689.31,1.87,apta
3005293.jpg,train,Handrise-Read-write,89.3,60.07,772.71,1.93,apta
3005294.jpg,train,Handrise-Read-write,101.37,47.29,539.15,1.39,apta
3005295.jpg,train,Handrise-Read-write,92.88,60.54,603.09,1.56,apta
3005296.jpg,train,Handrise-Read-write,89.67,60.99,675.47,1.76,apta
3005297.jpg,train,Handrise-Read-write,91.76,55.63,517.86,1.46,apta
3005298.jpg,train,Handrise-Read-write,94.21,60.0,639.56,1.68,apta
33_000306.jpg,val,BowTurnHead,118.11,63.47,690.7,1.02,apta
33_000667.jpg,val,BowTurnHead,113.84,60.9,594.25,0.89,apta
33_000791.jpg,val,BowTurnHead,114.17,61.08,617.21,0.96,apta
33_001379.jpg,val,BowTurnHead,115.73,60.53,675.26,1.07,apta
33_001489.jpg,val,BowTurnHead,113.92,60.72,687.01,1.09,apta
33_001707.jpg,val,BowTurnHead,109.09,61.3,742.33,1.21,apta
33_001804.jpg,val,BowTurnHead,110.65,61.84,759.56,1.25,apta
33_002023.jpg,val,BowTurnHead,107.63,62.93,737.24,1.19,apta
3_001718.jpg,val,Handrise-Read-write,55.2,64.83,379.08,0.48,no apta
3_001727.jpg,val,Handrise-Read-write+BowTurnHead,55.19,64.86,404.26,0.57,no apta
3_001730.jpg,val,Handrise-Read-write+BowTurnHead,55.31,64.24,422.68,0.58,no apta
3_001733.jpg,val,Handrise-Read-write+BowTurnHead,55.04,64.66,409.95,0.57,no apta
3_002708.jpg,val,Handrise-Read-write,103.53,49.44,966.46,1.03,apta
3_002840.jpg,val,Handrise-Read-write,157.55,63.55,543.79,0.76,apta
49_000187.jpg,train,BowTurnHead,93.24,54.24,989.85,1.57,apta
49_000243.jpg,train,BowTurnHead,91.72,54.6,921.01,1.49,apta
49_000249.jpg,train,BowTurnHead,92.07,54.86,939.27,1.52,apta
49_000540.jpg,train,BowTurnHead,91.77,53.95,945.1,1.58,apta
49_000635.jpg,train,BowTurnHead,69.77,50.43,502.56,0.87,apta
49_000636.jpg,train,BowTurnHead,69.7,50.31,516.35,0.89,apta
49_000638.jpg,train,BowTurnHead,92.05,52.96,1045.55,2.01,apta
49_000640.jpg,train,BowTurnHead,83.8,52.98,1044.6,1.79,apta
49_000642.jpg,train,BowTurnHead,84.1,53.09,1065.99,1.89,apta
49_000648.jpg,train,BowTurnHead,92.38,54.0,959.36,1.55,apta
49_000651.jpg,train,BowTurnHead,96.28,53.74,703.49,0.95,apta
49_000654.jpg,train,BowTurnHead,97.79,51.55,811.07,2.08,apta
49_000915.jpg,train,BowTurnHead,88.32,53.76,829.15,1.67,apta
49_000923.jpg,train,BowTurnHead,88.6,54.06,868.83,1.74,apta
49_000945.jpg,train,BowTurnHead,89.18,54.12,892.64,1.82,apta
49_000947.jpg,train,BowTurnHead,88.58,54.26,845.08,1.7,apta
49_000951.jpg,train,BowTurnHead,90.1,54.67,877.97,1.74,apta
49_000959.jpg,train,BowTurnHead,88.14,53.66,842.8,1.69,apta
49_000966.jpg,train,BowTurnHead,87.87,53.85,846.5,1.67,apta
49_000981.jpg,train,BowTurnHead,88.03,53.39,836.83,1.68,apta
49_000988.jpg,train,BowTurnHead,88.58,53.7,828.11,1.69,apta
49_001002.jpg,train,BowTurnHead,88.8,53.36,862.73,1.77,apta
49_001013.jpg,train,BowTurnHead,88.22,54.19,838.58,1.7,apta
49_001017.jpg,train,BowTurnHead,87.81,54.06,807.98,1.65,apta
49_001023.jpg,train,BowTurnHead,87.91,54.18,835.74,1.71,apta
49_001064.jpg,train,BowTurnHead,89.32,55.32,840.56,1.7,apta
49_001115.jpg,train,BowTurnHead,91.23,54.26,893.16,1.48,apta
49_001122.jpg,train,BowTurnHead,90.96,54.21,901.08,1.5,apta
49_001150.jpg,train,BowTurnHead,91.16,53.54,858.9,1.39,apta
49_001199.jpg,train,BowTurnHead,91.56,54.36,914.75,1.8,apta
49_001203.jpg,train,BowTurnHead,89.29,55.54,959.22,1.84,apta
49_001213.jpg,train,BowTurnHead,89.83,52.46,867.12,1.45,apta
49_001244.jpg,train,BowTurnHead,89.91,53.33,813.78,1.67,apta
49_001267.jpg,train,BowTurnHead,88.57,53.42,873.12,1.48,apta
49_001285.jpg,train,BowTurnHead,89.32,53.5,859.4,1.42,apta
49_001344.jpg,train,BowTurnHead,88.86,52.86,852.28,1.39,apta
49_001351.jpg,train,BowTurnHead,89.31,52.48,832.62,1.35,apta
49_001384.jpg,train,BowTurnHead,88.34,52.09,841.21,1.38,apta
49_001398.jpg,train,BowTurnHead,89.42,53.38,904.34,1.5,apta
49_001636.jpg,train,BowTurnHead,87.62,53.16,835.81,1.7,apta
49_001639.jpg,train,BowTurnHead,87.67,53.47,866.89,1.76,apta
49_001642.jpg,train,BowTurnHead,89.52,52.26,892.02,1.52,apta
49_001663.jpg,train,BowTurnHead,86.0,53.74,849.42,1.72,apta
49_001691.jpg,train,BowTurnHead,88.23,54.26,831.25,1.67,apta
49_001735.jpg,train,BowTurnHead,85.28,52.78,849.24,1.69,apta
49_001781.jpg,train,BowTurnHead,86.0,54.03,798.13,1.61,apta
49_001786.jpg,train,BowTurnHead,86.53,54.16,844.3,1.71,apta
49_001790.jpg,train,BowTurnHead,86.75,54.32,811.16,1.64,apta
49_001815.jpg,train,BowTurnHead,87.66,54.07,733.38,1.55,apta
49_001818.jpg,train,BowTurnHead,88.75,54.31,756.36,1.56,apta
49_001822.jpg,train,BowTurnHead,89.77,54.74,743.05,1.54,apta
49_001843.jpg,train,BowTurnHead,89.18,52.02,816.28,1.41,apta
49_001845.jpg,train,BowTurnHead,89.23,52.2,819.06,1.39,apta
49_001852.jpg,train,BowTurnHead,89.09,52.71,822.53,1.44,apta
49_001894.jpg,train,BowTurnHead,90.75,52.66,925.27,1.49,apta
49_001898.jpg,train,BowTurnHead,90.92,52.64,915.9,1.49,apta
49_001900.jpg,train,BowTurnHead,90.86,52.41,921.27,1.47,apta
49_001902.jpg,train,BowTurnHead,90.37,52.23,921.14,1.49,apta
49_001960.jpg,train,BowTurnHead,89.42,52.31,899.95,1.49,apta
49_001976.jpg,train,BowTurnHead,89.31,53.33,903.59,1.53,apta
49_001984.jpg,train,BowTurnHead,89.22,53.11,859.12,1.47,apta
49_002021.jpg,train,BowTurnHead,89.56,52.96,905.56,1.53,apta
49_002119.jpg,train,BowTurnHead,90.83,52.65,966.45,1.54,apta
49_002125.jpg,train,BowTurnHead,91.11,52.76,977.54,1.57,apta
49_002280.jpg,train,BowTurnHead,86.34,54.81,827.2,1.67,apta
49_002289.jpg,train,BowTurnHead,86.59,54.58,839.65,1.7,apta
49_002294.jpg,train,BowTurnHead,87.34,54.49,833.32,1.67,apta
49_002304.jpg,train,BowTurnHead,89.52,54.24,783.19,1.59,apta
49_002313.jpg,train,BowTurnHead,86.78,54.54,818.91,1.67,apta
49_002327.jpg,train,BowTurnHead,86.86,54.59,833.27,1.67,apta
49_002358.jpg,train,BowTurnHead,90.43,53.15,846.22,1.45,apta
49_002378.jpg,train,BowTurnHead,89.57,52.4,885.02,1.55,apta
49_002405.jpg,train,BowTurnHead,83.74,57.5,705.09,0.93,apta
49_002412.jpg,train,BowTurnHead,90.35,53.21,869.6,1.49,apta
4_000158.jpg,val,BowTurnHead,95.86,45.42,285.77,0.86,apta
4_000161.jpg,val,BowTurnHead,97.15,41.86,396.94,1.1,apta
4_000234.jpg,val,BowTurnHead,96.79,42.37,444.82,1.22,apta
4_000237.jpg,val,Handrise-Read-write+BowTurnHead,96.46,42.23,476.48,1.31,apta
4_000248.jpg,val,Handrise-Read-write+BowTurnHead,96.64,43.34,439.31,1.22,apta
4_000291.jpg,val,Handrise-Read-write+BowTurnHead,96.64,44.38,463.31,1.25,apta
4_000319.jpg,val,BowTurnHead,95.41,44.95,235.57,0.78,apta
4_000651.jpg,val,Handrise-Read-write+BowTurnHead,90.65,40.86,287.21,0.89,apta
4_000843.jpg,val,Handrise-Read-write+BowTurnHead,98.09,46.74,378.49,1.07,apta
4_001191.jpg,val,Handrise-Read-write+BowTurnHead,98.16,45.7,403.26,1.08,apta
4_001295.jpg,val,Handrise-Read-write+BowTurnHead,97.4,45.79,454.6,1.2,apta
4_001388.jpg,val,Handrise-Read-write+BowTurnHead,100.74,50.41,418.51,1.11,apta
4_001467.jpg,val,Handrise-Read-write+BowTurnHead,97.04,45.13,418.53,1.11,apta
4_001678.jpg,val,BowTurnHead,67.2,55.69,278.48,0.73,apta
4_002072.jpg,val,Handrise-Read-write+BowTurnHead,97.56,46.42,488.49,1.32,apta
4_002074.jpg,train,Handrise-Read-write,94.8,47.58,418.19,1.18,apta
4_002089.jpg,val,Handrise-Read-write+BowTurnHead,61.25,50.73,199.65,0.48,apta
4_002262.jpg,val,Handrise-Read-write+BowTurnHead,59.32,49.83,504.31,1.55,no apta
50_000466.jpg,val,BowTurnHead,112.0,57.77,879.29,1.73,apta
50_000565.jpg,val,BowTurnHead,114.89,59.71,635.5,1.18,apta
50_000644.jpg,val,BowTurnHead,107.09,56.59,562.72,1.25,apta
50_000768.jpg,train,BowTurnHead,119.02,59.83,712.02,1.26,apta
50_000849.jpg,val,BowTurnHead,108.29,55.79,859.59,1.74,apta
50_000851.jpg,val,BowTurnHead,108.38,55.79,859.53,1.73,apta
50_000856.jpg,val,BowTurnHead,107.63,55.01,848.45,1.72,apta
50_000862.jpg,val,BowTurnHead,110.74,56.65,809.68,1.63,apta
50_001487.jpg,val,BowTurnHead,109.68,57.26,819.3,1.58,apta
50_001591.jpg,val,BowTurnHead,110.75,56.28,770.9,1.33,apta
50_001736.jpg,val,BowTurnHead,108.26,56.54,789.64,1.62,apta
50_001738.jpg,val,BowTurnHead,108.6,56.79,782.65,1.62,apta
50_001747.jpg,val,BowTurnHead,109.4,56.74,814.46,1.68,apta
50_001778.jpg,val,BowTurnHead,109.81,57.08,754.81,1.57,apta
50_001793.jpg,val,BowTurnHead,109.66,57.29,727.55,1.55,apta
50_001848.jpg,val,BowTurnHead,108.67,57.13,775.5,1.6,apta
50_001878.jpg,val,BowTurnHead,110.4,57.3,763.76,1.58,apta
50_001931.jpg,val,BowTurnHead,108.51,54.9,820.27,1.6,apta
50_001939.jpg,val,BowTurnHead,110.88,55.65,942.61,1.81,apta
50_001952.jpg,val,BowTurnHead,111.26,55.22,976.5,1.87,apta
50_001954.jpg,val,BowTurnHead,111.31,55.45,968.74,1.84,apta
50_002048.jpg,val,BowTurnHead,104.7,52.61,661.99,1.4,apta
50_002174.jpg,val,BowTurnHead,109.62,54.31,952.31,1.84,apta
51_000047.jpg,train,BowTurnHead,101.53,57.03,439.71,0.99,apta
51_000079.jpg,train,BowTurnHead,117.51,56.7,188.3,0.38,apta
51_000092.jpg,train,BowTurnHead,117.08,56.3,169.35,0.34,apta
51_000293.jpg,train,BowTurnHead,115.68,56.54,197.66,0.43,apta
51_000296.jpg,train,BowTurnHead,116.54,56.76,186.33,0.4,apta
51_000297.jpg,train,BowTurnHead,116.35,55.95,193.6,0.41,apta
51_000524.jpg,train,BowTurnHead,117.34,56.81,212.6,0.46,apta
51_000586.jpg,train,BowTurnHead,118.49,56.07,212.8,0.46,apta
52_000591.jpg,train,BowTurnHead,76.66,51.12,619.74,1.12,apta
52_000608.jpg,train,BowTurnHead,99.44,44.94,317.53,0.77,apta
52_000629.jpg,train,BowTurnHead,78.62,50.64,632.66,1.12,apta
52_000654.jpg,train,BowTurnHead,76.88,50.26,636.21,1.15,apta
53_000754.jpg,train,BowTurnHead,107.61,59.48,339.22,0.82,apta
53_001184.jpg,train,BowTurnHead,139.72,71.46,308.04,0.72,apta
53_001278.jpg,train,BowTurnHead,107.55,62.03,378.26,0.86,apta
53_001434.jpg,train,BowTurnHead,117.43,64.14,416.9,0.97,apta
53_001445.jpg,train,BowTurnHead,115.94,57.28,368.59,0.89,apta
53_001471.jpg,train,BowTurnHead,109.86,59.63,319.12,0.75,apta
53_001495.jpg,train,BowTurnHead,116.9,57.02,416.42,0.96,apta
53_001505.jpg,train,BowTurnHead,107.85,58.93,305.45,0.75,apta
53_001530.jpg,train,BowTurnHead,112.16,59.23,376.64,0.9,apta
53_001583.jpg,train,BowTurnHead,119.88,63.44,415.47,0.93,apta
53_001587.jpg,train,BowTurnHead,118.93,74.02,545.86,0.95,apta
53_001618.jpg,train,BowTurnHead,118.13,79.57,601.72,0.99,apta
53_001861.jpg,train,BowTurnHead,110.67,59.64,303.45,0.76,apta
53_001885.jpg,train,BowTurnHead,119.13,59.32,353.01,0.91,apta
54_000027.jpg,train,BowTurnHead,90.98,58.73,572.4,1.02,apta
54_000032.jpg,train,BowTurnHead,91.11,58.82,594.41,1.06,apta
54_000339.jpg,train,BowTurnHead,90.32,58.44,589.48,1.06,apta
54_000340.jpg,train,BowTurnHead,90.51,58.55,588.16,1.07,apta
54_000342.jpg,train,BowTurnHead,90.96,58.34,586.66,1.06,apta
54_000379.jpg,train,BowTurnHead,90.78,58.25,585.17,1.03,apta
54_000384.jpg,train,BowTurnHead,90.98,58.2,583.0,1.05,apta
54_000387.jpg,train,BowTurnHead,91.09,58.62,593.77,1.05,apta
54_000388.jpg,train,BowTurnHead,91.37,58.82,611.26,1.08,apta
54_000468.jpg,train,BowTurnHead,90.05,58.85,592.75,1.05,apta
54_000476.jpg,train,BowTurnHead,90.09,58.87,604.11,1.06,apta
54_000716.jpg,train,BowTurnHead,91.73,58.97,609.46,1.09,apta
54_000719.jpg,train,BowTurnHead,91.72,58.93,613.35,1.1,apta
54_000722.jpg,train,BowTurnHead,90.2,57.82,542.93,0.79,apta
54_000723.jpg,train,BowTurnHead,90.29,57.84,548.73,0.79,apta
54_000797.jpg,train,BowTurnHead,91.49,58.54,607.13,1.11,apta
54_000815.jpg,train,BowTurnHead,89.82,57.45,532.96,0.79,apta
54_000959.jpg,train,BowTurnHead,89.01,58.17,545.59,0.81,apta
54_001181.jpg,train,BowTurnHead,100.95,57.46,445.96,1.03,apta
54_001197.jpg,train,BowTurnHead,101.88,57.74,461.55,1.01,apta
54_001199.jpg,train,BowTurnHead,103.38,58.46,491.55,1.08,apta
54_001200.jpg,train,BowTurnHead,101.92,57.56,477.63,1.07,apta
54_001203.jpg,train,BowTurnHead,89.91,57.08,545.62,1.2,apta
54_001205.jpg,train,BowTurnHead,89.51,56.53,177.87,0.61,apta
54_001206.jpg,train,BowTurnHead,89.95,57.69,426.12,1.01,apta
54_001208.jpg,train,BowTurnHead,91.81,59.02,503.84,1.17,apta
54_001210.jpg,train,BowTurnHead,93.82,60.05,491.06,1.12,apta
54_001211.jpg,train,BowTurnHead,93.35,59.94,496.43,1.16,apta
54_001269.jpg,train,BowTurnHead,89.23,57.97,540.48,0.95,apta
54_001271.jpg,train,BowTurnHead,89.26,58.34,558.74,0.97,apta
54_001274.jpg,train,BowTurnHead,89.36,58.45,581.22,1.02,apta
54_001399.jpg,train,BowTurnHead,88.3,57.96,575.14,1.06,apta
54_001400.jpg,train,BowTurnHead,87.96,57.63,559.2,1.03,apta
54_001713.jpg,train,BowTurnHead,84.7,55.75,515.38,0.96,apta
54_001722.jpg,train,BowTurnHead,88.36,56.92,496.46,0.85,apta
54_001727.jpg,train,BowTurnHead,87.27,57.02,493.29,0.82,apta
54_001831.jpg,train,BowTurnHead,97.35,57.01,476.9,1.08,apta
54_001838.jpg,train,BowTurnHead,96.93,57.14,493.62,1.12,apta
54_001840.jpg,train,BowTurnHead,96.88,56.85,481.33,1.09,apta
55_000098.jpg,train,Handrise-Read-write,107.15,54.55,362.35,0.75,apta
55_000122.jpg,train,Handrise-Read-write,108.23,52.53,338.5,0.72,apta
55_000236.jpg,train,Handrise-Read-write,108.68,52.57,347.04,0.75,apta
55_000469.jpg,train,Handrise-Read-write,109.5,52.14,353.3,0.74,apta
55_000676.jpg,train,Handrise-Read-write,112.11,57.37,375.05,0.74,apta
55_000689.jpg,train,Handrise-Read-write,112.55,58.56,441.66,0.87,apta
55_000716.jpg,train,Handrise-Read-write,120.9,40.17,573.86,1.41,apta
55_000735.jpg,train,Handrise-Read-write,122.16,39.84,556.54,1.4,apta
55_000762.jpg,train,Handrise-Read-write,109.26,56.31,383.72,0.77,apta
55_000783.jpg,train,Handrise-Read-write,122.51,39.15,557.8,1.39,apta
55_001087.jpg,train,Handrise-Read-write,107.21,58.74,437.24,0.85,apta
55_001110.jpg,train,Handrise-Read-write,121.99,39.22,577.19,1.39,apta
55_001131.jpg,train,Handrise-Read-write,121.67,39.71,567.73,1.39,apta
55_001576.jpg,train,Handrise-Read-write,100.93,51.01,301.35,0.72,apta
55_001592.jpg,train,Handrise-Read-write,101.59,51.05,304.53,0.72,apta
55_001610.jpg,train,Handrise-Read-write,99.56,51.62,317.85,0.77,apta
55_001751.jpg,train,Handrise-Read-write,103.61,52.0,339.95,0.78,apta
55_001874.jpg,train,Handrise-Read-write,107.04,51.14,385.46,0.8,apta
55_002029.jpg,train,Handrise-Read-write,121.95,39.65,546.88,1.32,apta
57_000163.jpg,train,Handrise-Read-write,108.51,43.22,281.95,0.77,apta
57_000172.jpg,train,Handrise-Read-write,108.08,43.41,278.07,0.76,apta
57_000205.jpg,train,Handrise-Read-write,110.0,43.69,298.21,0.81,apta
57_000249.jpg,train,Handrise-Read-write,114.78,47.66,364.34,0.81,apta
57_000340.jpg,train,Handrise-Read-write,112.5,44.74,389.11,0.89,apta
57_000441.jpg,train,Handrise-Read-write,111.69,45.45,376.68,0.87,apta
57_000573.jpg,train,Handrise-Read-write,87.36,52.94,485.81,1.28,apta
57_000624.jpg,train,Handrise-Read-write,109.69,45.25,340.27,0.85,apta
57_000740.jpg,train,Handrise-Read-write,107.87,43.53,330.0,0.87,apta
57_000895.jpg,train,Handrise-Read-write,106.75,44.62,334.2,0.84,apta
57_000897.jpg,train,Handrise-Read-write,106.83,44.76,339.72,0.86,apta
57_000901.jpg,train,Handrise-Read-write,107.15,44.97,348.33,0.86,apta
57_001102.jpg,train,Handrise-Read-write,104.7,55.54,718.72,1.71,apta
57_001103.jpg,train,Handrise-Read-write,104.41,55.39,708.24,1.69,apta
57_001104.jpg,train,Handrise-Read-write,104.17,55.31,704.53,1.66,apta
57_001105.jpg,train,Handrise-Read-write,103.93,55.76,700.09,1.65,apta
57_001106.jpg,train,Handrise-Read-write,103.18,55.83,696.53,1.66,apta
57_001281.jpg,train,Handrise-Read-write,111.41,44.88,337.23,0.85,apta
57_001309.jpg,train,Handrise-Read-write,111.79,45.38,331.16,0.85,apta
57_001375.jpg,train,Handrise-Read-write,112.1,45.06,343.15,0.87,apta
57_001472.jpg,train,Handrise-Read-write,110.19,44.72,338.79,0.86,apta
57_001487.jpg,train,Handrise-Read-write,110.55,44.61,360.77,0.93,apta
57_001505.jpg,train,Handrise-Read-write,110.19,44.83,332.02,0.84,apta
57_001588.jpg,train,Handrise-Read-write,106.19,46.07,372.86,0.92,apta
57_001589.jpg,train,Handrise-Read-write,106.2,46.12,368.93,0.92,apta
57_001596.jpg,train,Handrise-Read-write,106.93,44.71,342.21,0.9,apta
57_001630.jpg,train,Handrise-Read-write,97.24,53.37,587.97,1.45,apta
57_001631.jpg,train,Handrise-Read-write,97.47,53.57,654.16,1.61,apta
57_001669.jpg,train,Handrise-Read-write,93.67,52.31,609.18,1.56,apta
57_001684.jpg,train,Handrise-Read-write,122.57,50.38,596.7,1.07,apta
57_001710.jpg,train,Handrise-Read-write,121.73,48.67,496.95,1.04,apta
57_001895.jpg,train,Handrise-Read-write,120.24,45.93,470.91,1.03,apta
57_001912.jpg,train,Handrise-Read-write,110.62,43.86,321.6,0.82,apta
57_001935.jpg,train,Handrise-Read-write,108.58,44.54,332.1,0.87,apta
57_002154.jpg,train,Handrise-Read-write,111.07,43.95,318.99,0.82,apta
57_002198.jpg,train,Handrise-Read-write,87.72,53.4,442.09,1.19,apta
57_002199.jpg,train,Handrise-Read-write,87.86,53.24,446.01,1.2,apta
57_002200.jpg,train,Handrise-Read-write,87.51,53.43,465.87,1.27,apta
57_002201.jpg,train,Handrise-Read-write,87.36,53.26,449.14,1.22,apta
57_002202.jpg,train,Handrise-Read-write,87.55,53.28,455.87,1.24,apta
57_002203.jpg,train,Handrise-Read-write,87.43,53.32,456.5,1.24,apta
57_002204.jpg,train,Handrise-Read-write,87.4,53.37,455.59,1.24,apta
57_002208.jpg,train,Handrise-Read-write,87.54,52.54,425.34,1.17,apta
57_002209.jpg,train,Handrise-Read-write,87.84,52.47,440.74,1.19,apta
57_002210.jpg,train,Handrise-Read-write,87.94,52.68,444.93,1.18,apta
57_002211.jpg,train,Handrise-Read-write,87.85,53.02,450.03,1.19,apta
57_002212.jpg,train,Handrise-Read-write,87.52,52.96,461.35,1.24,apta
57_002213.jpg,train,Handrise-Read-write,88.01,53.05,462.92,1.23,apta
57_002214.jpg,train,Handrise-Read-write,87.48,53.01,465.61,1.24,apta
57_002215.jpg,train,Handrise-Read-write,87.79,53.22,467.67,1.26,apta
57_002216.jpg,train,Handrise-Read-write,87.79,53.12,459.95,1.24,apta
57_002217.jpg,train,Handrise-Read-write,88.45,53.06,470.66,1.25,apta
57_002218.jpg,train,Handrise-Read-write,88.14,53.02,491.32,1.33,apta
57_002219.jpg,train,Handrise-Read-write,87.72,53.05,473.87,1.27,apta
57_002223.jpg,train,Handrise-Read-write,88.28,52.42,470.05,1.26,apta
57_002224.jpg,train,Handrise-Read-write,88.58,52.34,466.5,1.26,apta
57_002225.jpg,train,Handrise-Read-write,88.51,52.61,473.6,1.29,apta
57_002227.jpg,train,Handrise-Read-write,88.01,52.83,462.77,1.27,apta
57_002228.jpg,train,Handrise-Read-write,87.77,52.89,470.8,1.3,apta
57_002229.jpg,train,Handrise-Read-write,87.46,52.96,467.68,1.27,apta
57_002230.jpg,train,Handrise-Read-write,88.05,52.82,477.4,1.28,apta
57_002231.jpg,train,Handrise-Read-write,88.22,52.82,475.12,1.27,apta
57_002232.jpg,train,Handrise-Read-write,88.39,53.02,477.98,1.29,apta
57_002233.jpg,train,Handrise-Read-write,88.85,52.87,475.14,1.28,apta
57_002234.jpg,train,Handrise-Read-write,88.84,52.72,472.86,1.27,apta
57_002235.jpg,train,Handrise-Read-write,88.63,52.82,475.46,1.29,apta
57_002236.jpg,train,Handrise-Read-write,88.88,53.03,464.08,1.25,apta
57_002237.jpg,train,Handrise-Read-write,88.74,53.02,474.63,1.27,apta
57_002238.jpg,train,Handrise-Read-write,88.84,53.05,484.55,1.32,apta
57_002266.jpg,train,Handrise-Read-write,86.15,53.3,468.74,1.25,apta
57_002267.jpg,train,Handrise-Read-write,85.99,53.27,468.38,1.24,apta
57_002268.jpg,train,Handrise-Read-write,86.11,53.28,463.1,1.23,apta
57_002269.jpg,train,Handrise-Read-write,86.27,53.38,477.91,1.28,apta
57_002270.jpg,train,Handrise-Read-write,86.02,53.23,464.53,1.25,apta
57_002271.jpg,train,Handrise-Read-write,86.03,53.24,467.99,1.25,apta
57_002272.jpg,train,Handrise-Read-write,86.22,53.26,469.51,1.26,apta
57_002273.jpg,train,Handrise-Read-write,86.38,53.3,473.71,1.28,apta
57_002274.jpg,train,Handrise-Read-write,86.13,53.2,472.0,1.27,apta
57_002275.jpg,train,Handrise-Read-write,109.01,43.68,302.31,0.81,apta
57_002276.jpg,train,Handrise-Read-write,109.66,44.0,304.71,0.82,apta
57_002277.jpg,train,Handrise-Read-write,109.76,44.07,307.95,0.83,apta
57_002379.jpg,train,Handrise-Read-write,108.79,43.7,311.2,0.85,apta
57_002380.jpg,train,Handrise-Read-write,108.8,43.94,317.08,0.88,apta
57_002385.jpg,train,Handrise-Read-write,108.93,43.84,325.52,0.9,apta
5_000890.jpg,val,BowTurnHead,142.91,61.63,1188.57,1.49,apta
5_001215.jpg,val,BowTurnHead,127.96,56.38,1521.15,2.56,apta
5_001233.jpg,val,BowTurnHead,127.99,56.12,1553.5,2.62,apta
5_001244.jpg,val,BowTurnHead,128.75,56.02,1577.38,2.65,apta
5_002059.jpg,val,BowTurnHead,125.66,59.47,1283.31,2.24,apta
5_002078.jpg,val,BowTurnHead,126.78,58.77,1284.97,2.23,apta
5_002105.jpg,val,Handrise-Read-write+BowTurnHead,126.39,57.67,1278.73,2.18,apta
5_002150.jpg,val,BowTurnHead,127.07,59.08,1315.95,2.17,apta
5_002153.jpg,val,Handrise-Read-write+BowTurnHead,127.4,58.8,1373.06,2.26,apta
5_002222.jpg,val,BowTurnHead,147.62,63.27,1414.11,1.64,apta
60_000361.jpg,train,Handrise-Read-write,89.11,47.29,480.45,1.25,apta
60_000770.jpg,train,Handrise-Read-write,94.99,47.79,516.98,1.23,apta
60_000824.jpg,train,Handrise-Read-write,93.78,46.47,488.25,1.16,apta
60_000836.jpg,train,Handrise-Read-write,112.35,32.3,289.24,0.54,apta
60_000863.jpg,train,Handrise-Read-write,100.1,29.31,176.76,0.37,no apta
60_000985.jpg,train,Handrise-Read-write,96.28,47.23,453.47,1.09,apta
60_000990.jpg,train,Handrise-Read-write,100.21,45.57,651.66,1.59,apta
60_000991.jpg,train,Handrise-Read-write,99.7,46.13,666.25,1.61,apta
60_001204.jpg,train,Handrise-Read-write,92.65,43.9,494.59,1.05,apta
60_001210.jpg,train,Handrise-Read-write,92.69,43.76,494.08,1.04,apta
60_001212.jpg,train,Handrise-Read-write,92.29,43.95,496.18,1.04,apta
60_001213.jpg,train,Handrise-Read-write,91.9,43.89,494.65,1.03,apta
60_001217.jpg,train,Handrise-Read-write,92.49,43.82,483.51,1.01,apta
60_001330.jpg,train,Handrise-Read-write,104.07,47.14,646.47,1.59,apta
60_001331.jpg,train,Handrise-Read-write,104.53,47.47,648.01,1.58,apta
60_001332.jpg,train,Handrise-Read-write,104.0,46.86,668.51,1.64,apta
60_001333.jpg,train,Handrise-Read-write,103.75,46.87,681.67,1.67,apta
60_001334.jpg,train,Handrise-Read-write,103.76,47.03,689.43,1.68,apta
60_001358.jpg,train,Handrise-Read-write,103.3,46.96,673.78,1.65,apta
60_001361.jpg,train,Handrise-Read-write,102.87,46.71,686.25,1.68,apta
60_001362.jpg,train,Handrise-Read-write,102.59,46.85,683.97,1.68,apta
60_001386.jpg,train,Handrise-Read-write,105.2,47.19,699.77,1.72,apta
60_001404.jpg,train,Handrise-Read-write,103.97,46.93,681.41,1.69,apta
60_001405.jpg,train,Handrise-Read-write,104.02,46.94,681.25,1.68,apta
60_001406.jpg,train,Handrise-Read-write,104.55,47.25,677.52,1.65,apta
60_001415.jpg,train,Handrise-Read-write,104.37,46.58,694.01,1.72,apta
60_001416.jpg,train,Handrise-Read-write,104.38,46.94,693.85,1.7,apta
60_001452.jpg,train,Handrise-Read-write,103.85,46.85,684.91,1.71,apta
60_001453.jpg,train,Handrise-Read-write,104.0,46.85,668.2,1.67,apta
60_001454.jpg,train,Handrise-Read-write,104.06,46.98,672.27,1.68,apta
60_001455.jpg,train,Handrise-Read-write,104.12,46.95,658.42,1.64,apta
60_001456.jpg,train,Handrise-Read-write,104.23,46.68,652.54,1.64,apta
60_001457.jpg,train,Handrise-Read-write,104.32,46.37,664.39,1.67,apta
60_001458.jpg,train,Handrise-Read-write,104.25,46.67,649.42,1.62,apta
60_001459.jpg,train,Handrise-Read-write,103.81,46.68,673.88,1.67,apta
60_001460.jpg,train,Handrise-Read-write,104.16,47.06,674.24,1.66,apta
60_001461.jpg,train,Handrise-Read-write,103.55,46.8,692.22,1.71,apta
60_001462.jpg,train,Handrise-Read-write,103.62,46.65,662.8,1.64,apta
60_001463.jpg,train,Handrise-Read-write,103.65,46.8,668.28,1.65,apta
60_001464.jpg,train,Handrise-Read-write,103.48,46.95,687.22,1.7,apta
60_001465.jpg,train,Handrise-Read-write,103.39,47.05,700.25,1.74,apta
60_001466.jpg,train,Handrise-Read-write,103.18,46.31,579.42,1.47,apta
60_001467.jpg,train,Handrise-Read-write,103.17,46.5,618.49,1.56,apta
60_001468.jpg,train,Handrise-Read-write,103.18,46.58,648.79,1.61,apta
60_001473.jpg,train,Handrise-Read-write,103.06,46.57,692.72,1.71,apta
60_001474.jpg,train,Handrise-Read-write,103.31,46.53,675.08,1.69,apta
60_001475.jpg,train,Handrise-Read-write,102.82,46.5,664.09,1.65,apta
60_001479.jpg,train,Handrise-Read-write,103.35,46.78,660.4,1.65,apta
60_001480.jpg,train,Handrise-Read-write,103.34,46.77,685.09,1.7,apta
60_001481.jpg,train,Handrise-Read-write,103.56,46.78,676.97,1.69,apta
60_001482.jpg,train,Handrise-Read-write,103.61,46.84,671.38,1.68,apta
60_001483.jpg,train,Handrise-Read-write,103.53,46.78,661.03,1.65,apta
60_001484.jpg,train,Handrise-Read-write,103.67,46.91,667.57,1.67,apta
60_001485.jpg,train,Handrise-Read-write,103.4,46.86,655.17,1.65,apta
60_001496.jpg,train,Handrise-Read-write,101.55,47.44,578.37,1.49,apta
60_001497.jpg,train,Handrise-Read-write,101.67,47.4,580.11,1.5,apta
60_001498.jpg,train,Handrise-Read-write,101.49,47.51,589.68,1.52,apta
60_001499.jpg,train,Handrise-Read-write,101.31,47.52,606.43,1.59,apta
60_001500.jpg,train,Handrise-Read-write,101.41,46.9,587.12,1.55,apta
60_001511.jpg,train,Handrise-Read-write,100.96,47.06,636.01,1.58,apta
60_001512.jpg,train,Handrise-Read-write,100.84,47.1,626.11,1.56,apta
60_001513.jpg,train,Handrise-Read-write,100.46,47.22,644.9,1.6,apta
60_001514.jpg,train,Handrise-Read-write,101.17,47.27,630.41,1.59,apta
60_001515.jpg,train,Handrise-Read-write,101.15,47.36,629.89,1.58,apta
60_001516.jpg,train,Handrise-Read-write,100.92,47.3,641.75,1.62,apta
60_001517.jpg,train,Handrise-Read-write,101.43,47.18,653.7,1.64,apta
60_001518.jpg,train,Handrise-Read-write,101.37,47.33,655.76,1.65,apta
60_001534.jpg,train,Handrise-Read-write,102.31,47.84,662.77,1.65,apta
60_001535.jpg,train,Handrise-Read-write,101.97,47.87,656.33,1.65,apta
60_001536.jpg,train,Handrise-Read-write,102.29,48.17,667.83,1.67,apta
60_001537.jpg,train,Handrise-Read-write,102.21,48.44,652.97,1.63,apta
60_001538.jpg,train,Handrise-Read-write,102.02,48.42,644.65,1.61,apta
60_001539.jpg,train,Handrise-Read-write,101.91,48.13,650.24,1.61,apta
60_001540.jpg,train,Handrise-Read-write,101.95,48.07,659.15,1.63,apta
60_001547.jpg,train,Handrise-Read-write,103.91,46.76,586.84,1.47,apta
60_001548.jpg,train,Handrise-Read-write,103.88,46.9,614.13,1.53,apta
60_001549.jpg,train,Handrise-Read-write,103.8,47.01,660.73,1.65,apta
60_001550.jpg,train,Handrise-Read-write,104.22,47.0,650.64,1.62,apta
60_001551.jpg,train,Handrise-Read-write,104.13,47.19,652.51,1.63,apta
60_001556.jpg,train,Handrise-Read-write,104.86,46.79,642.2,1.58,apta
60_001557.jpg,train,Handrise-Read-write,105.66,46.95,654.4,1.64,apta
60_001558.jpg,train,Handrise-Read-write,104.86,46.66,646.06,1.61,apta
60_001559.jpg,train,Handrise-Read-write,104.96,46.6,643.87,1.59,apta
60_001560.jpg,train,Handrise-Read-write,105.02,46.54,670.47,1.64,apta
60_001561.jpg,train,Handrise-Read-write,105.05,46.69,696.12,1.7,apta
60_001563.jpg,train,Handrise-Read-write,104.36,46.8,609.55,1.48,apta
60_001564.jpg,train,Handrise-Read-write,103.78,46.93,678.92,1.65,apta
60_001565.jpg,train,Handrise-Read-write,103.87,46.85,664.85,1.61,apta
60_001566.jpg,train,Handrise-Read-write,103.7,46.68,696.02,1.68,apta
60_001567.jpg,train,Handrise-Read-write,103.77,46.44,670.4,1.63,apta
60_001568.jpg,train,Handrise-Read-write,103.95,46.6,676.92,1.64,apta
60_001569.jpg,train,Handrise-Read-write,103.48,46.54,680.01,1.66,apta
60_001570.jpg,train,Handrise-Read-write,103.53,46.28,669.91,1.62,apta
60_001573.jpg,train,Handrise-Read-write,104.16,46.56,688.14,1.64,apta
60_001579.jpg,train,Handrise-Read-write,103.5,46.5,640.96,1.56,apta
60_001629.jpg,train,Handrise-Read-write,97.03,49.96,687.54,1.29,apta
60_001643.jpg,train,Handrise-Read-write,97.15,46.43,559.19,1.33,apta
60_001662.jpg,train,Handrise-Read-write,96.98,45.12,579.43,1.4,apta
60_001667.jpg,train,Handrise-Read-write,96.28,45.41,545.65,1.32,apta
60_001668.jpg,train,Handrise-Read-write,96.4,45.68,541.99,1.32,apta
60_001670.jpg,train,Handrise-Read-write,96.66,45.2,573.54,1.39,apta
60_001744.jpg,train,Handrise-Read-write,97.36,47.0,518.42,1.21,apta
60_001747.jpg,train,Handrise-Read-write,97.7,47.02,553.88,1.32,apta
60_001794.jpg,train,Handrise-Read-write,99.18,46.73,528.64,1.23,apta
60_001935.jpg,train,Handrise-Read-write,89.55,47.36,452.01,1.1,apta
60_002035.jpg,train,Handrise-Read-write,90.14,47.4,485.06,1.22,apta
60_002250.jpg,train,Handrise-Read-write,79.36,38.63,444.62,1.01,apta
6_000033.jpg,val,Handrise-Read-write+BowTurnHead,88.63,54.83,997.24,1.65,apta
6_000036.jpg,train,BowTurnHead,87.46,55.34,991.36,1.65,apta
6_000042.jpg,train,BowTurnHead,87.64,55.51,1009.38,1.68,apta
6_000158.jpg,train,BowTurnHead,73.03,67.43,603.75,1.13,apta
6_000160.jpg,train,BowTurnHead,87.68,55.21,986.46,1.61,apta
6_000166.jpg,train,BowTurnHead,87.94,55.1,1012.01,1.71,apta
6_000170.jpg,train,BowTurnHead,88.18,54.99,1022.98,1.72,apta
6_000323.jpg,val,Handrise-Read-write+BowTurnHead,86.85,55.68,984.27,1.56,apta
6_000349.jpg,val,Handrise-Read-write+BowTurnHead,85.53,55.52,993.27,1.57,apta
6_000360.jpg,val,Handrise-Read-write+BowTurnHead,85.11,56.16,1012.55,1.6,apta
6_000369.jpg,val,Handrise-Read-write+BowTurnHead,86.36,56.95,1074.39,1.68,apta
6_000373.jpg,val,Handrise-Read-write+BowTurnHead,85.77,56.87,1047.07,1.68,apta
6_000380.jpg,val,Handrise-Read-write+BowTurnHead,85.14,56.93,1045.82,1.66,apta
6_000387.jpg,val,Handrise-Read-write+BowTurnHead,86.59,56.29,1089.52,1.68,apta
6_000410.jpg,val,Handrise-Read-write+BowTurnHead,84.11,55.8,965.12,1.53,apta
6_000414.jpg,val,Handrise-Read-write+BowTurnHead,84.95,56.28,1045.21,1.65,apta
6_000426.jpg,val,Handrise-Read-write+BowTurnHead,84.22,56.38,1034.13,1.68,apta
6_000428.jpg,val,Handrise-Read-write,84.77,55.69,996.26,1.55,apta
6_000447.jpg,val,Handrise-Read-write,84.82,55.67,975.48,1.58,apta
6_000506.jpg,val,Handrise-Read-write+BowTurnHead,86.57,55.52,1066.09,1.63,apta
6_000573.jpg,val,Handrise-Read-write+BowTurnHead,88.14,55.55,1071.03,1.64,apta
6_000585.jpg,val,Handrise-Read-write+BowTurnHead,88.3,55.68,1072.69,1.61,apta
6_000587.jpg,val,Handrise-Read-write+BowTurnHead,88.02,55.77,1102.8,1.65,apta
6_000596.jpg,val,Handrise-Read-write+BowTurnHead,87.71,56.27,1065.56,1.57,apta
6_000649.jpg,val,Handrise-Read-write+BowTurnHead,86.4,55.02,1033.29,1.55,apta
6_000655.jpg,val,Handrise-Read-write+BowTurnHead,85.52,54.9,1023.29,1.58,apta
6_000688.jpg,val,Handrise-Read-write+BowTurnHead,85.92,54.94,1027.59,1.59,apta
6_000695.jpg,val,Handrise-Read-write+BowTurnHead,85.84,54.9,993.89,1.51,apta
6_000700.jpg,val,Handrise-Read-write+BowTurnHead,85.27,55.3,1025.31,1.58,apta
6_000708.jpg,val,Handrise-Read-write+BowTurnHead,85.6,54.97,1001.79,1.57,apta
6_000750.jpg,val,Handrise-Read-write+BowTurnHead,86.81,55.96,1094.18,1.68,apta
6_000752.jpg,val,Handrise-Read-write+BowTurnHead,87.33,56.09,1097.96,1.67,apta
6_000760.jpg,val,Handrise-Read-write+BowTurnHead,86.95,56.12,1112.31,1.71,apta
6_000778.jpg,val,Handrise-Read-write+BowTurnHead,85.46,56.16,1040.51,1.59,apta
6_000789.jpg,val,Handrise-Read-write+BowTurnHead,87.44,56.3,1114.43,1.69,apta
6_000798.jpg,val,Handrise-Read-write+BowTurnHead,88.16,56.3,1122.82,1.69,apta
6_000819.jpg,val,Handrise-Read-write+BowTurnHead,87.72,55.86,1116.54,1.7,apta
6_000821.jpg,val,Handrise-Read-write+BowTurnHead,87.98,55.97,1114.5,1.71,apta
6_000838.jpg,val,Handrise-Read-write+BowTurnHead,86.45,56.57,1092.53,1.67,apta
6_000843.jpg,val,Handrise-Read-write+BowTurnHead,87.65,56.16,1119.38,1.69,apta
6_000851.jpg,val,Handrise-Read-write+BowTurnHead,87.4,56.18,1131.87,1.7,apta
6_000859.jpg,val,Handrise-Read-write+BowTurnHead,87.45,56.06,1087.67,1.64,apta
6_000912.jpg,val,Handrise-Read-write+BowTurnHead,89.31,55.78,1074.33,1.62,apta
6_000920.jpg,val,Handrise-Read-write+BowTurnHead,87.43,57.23,1110.07,1.7,apta
6_000927.jpg,val,Handrise-Read-write+BowTurnHead,88.41,56.56,1075.52,1.65,apta
6_000942.jpg,val,Handrise-Read-write+BowTurnHead,88.11,56.42,1124.13,1.69,apta
6_000950.jpg,val,Handrise-Read-write+BowTurnHead,88.38,56.29,1123.41,1.71,apta
6_000960.jpg,val,Handrise-Read-write+BowTurnHead,88.98,56.51,1142.48,1.74,apta
6_000972.jpg,val,Handrise-Read-write+BowTurnHead,89.37,56.45,1106.23,1.68,apta
6_000974.jpg,val,Handrise-Read-write+BowTurnHead,89.27,56.52,1140.82,1.72,apta
6_001004.jpg,val,Handrise-Read-write+BowTurnHead,85.36,56.92,1072.67,1.63,apta
6_001010.jpg,val,Handrise-Read-write+BowTurnHead,86.43,56.33,1037.3,1.59,apta
6_001036.jpg,val,Handrise-Read-write+BowTurnHead,85.96,55.94,1002.77,1.53,apta
6_001041.jpg,val,Handrise-Read-write+BowTurnHead,86.69,55.92,1043.99,1.62,apta
6_001043.jpg,val,Handrise-Read-write+BowTurnHead,85.82,56.37,1057.95,1.64,apta
6_001145.jpg,train,BowTurnHead,71.96,67.43,491.96,0.96,apta
6_001147.jpg,train,BowTurnHead,71.68,67.44,501.48,1.0,apta
6_001207.jpg,val,Handrise-Read-write,91.95,56.16,831.56,1.35,apta
6_001215.jpg,val,Handrise-Read-write+BowTurnHead,90.96,55.89,810.26,1.33,apta
6_001221.jpg,val,Handrise-Read-write+BowTurnHead,91.5,56.7,830.26,1.38,apta
6_001236.jpg,val,Handrise-Read-write+BowTurnHead,89.76,55.84,826.29,1.37,apta
6_001239.jpg,val,Handrise-Read-write+BowTurnHead,90.44,56.41,852.63,1.39,apta
6_001247.jpg,val,Handrise-Read-write+BowTurnHead,90.26,56.66,887.2,1.44,apta
6_001289.jpg,val,Handrise-Read-write+BowTurnHead,91.05,56.4,874.83,1.45,apta
6_001296.jpg,val,Handrise-Read-write+BowTurnHead,91.05,56.49,875.13,1.44,apta
6_001310.jpg,val,Handrise-Read-write+BowTurnHead,90.42,56.47,871.23,1.46,apta
6_001343.jpg,val,Handrise-Read-write+BowTurnHead,90.12,56.84,872.88,1.43,apta
6_001353.jpg,val,Handrise-Read-write+BowTurnHead,90.04,56.9,848.45,1.41,apta
6_001364.jpg,val,Handrise-Read-write+BowTurnHead,90.44,56.88,835.12,1.39,apta
6_001382.jpg,val,Handrise-Read-write+BowTurnHead,89.72,57.16,867.35,1.43,apta
6_001390.jpg,val,Handrise-Read-write+BowTurnHead,89.74,57.05,902.93,1.45,apta
6_001401.jpg,val,Handrise-Read-write+BowTurnHead,89.99,57.0,848.81,1.4,apta
6_001462.jpg,val,Handrise-Read-write+BowTurnHead,88.86,56.0,862.6,1.37,apta
6_001470.jpg,val,Handrise-Read-write+BowTurnHead,89.65,56.27,850.32,1.37,apta
6_001493.jpg,val,Handrise-Read-write+BowTurnHead,87.48,55.06,857.43,1.37,apta
6_001496.jpg,val,Handrise-Read-write+BowTurnHead,86.3,54.8,860.74,1.4,apta
6_001587.jpg,val,Handrise-Read-write+BowTurnHead,88.73,55.48,1153.79,1.74,apta
6_001593.jpg,val,Handrise-Read-write+BowTurnHead,87.48,55.64,1107.85,1.68,apta
6_001608.jpg,val,Handrise-Read-write+BowTurnHead,87.92,55.51,1108.32,1.68,apta
6_001609.jpg,val,Handrise-Read-write+BowTurnHead,88.12,55.38,1107.1,1.68,apta
6_001634.jpg,val,Handrise-Read-write+BowTurnHead,88.4,54.91,1122.89,1.7,apta
6_002106.jpg,train,BowTurnHead,85.41,54.95,1006.19,1.62,apta
6_002142.jpg,val,Handrise-Read-write+BowTurnHead,85.64,55.03,978.54,1.57,apta
6_002175.jpg,val,Handrise-Read-write+BowTurnHead,85.66,55.82,962.96,1.59,apta
6_002208.jpg,val,Handrise-Read-write+BowTurnHead,84.13,55.82,957.6,1.55,apta
6_002246.jpg,val,Handrise-Read-write+BowTurnHead,86.34,56.21,1032.38,1.62,apta
6_002271.jpg,val,Handrise-Read-write+BowTurnHead,84.44,56.34,960.69,1.56,apta
6_002286.jpg,val,Handrise-Read-write+BowTurnHead,86.5,56.06,974.41,1.53,apta
7_000077.jpg,train,BowTurnHead,99.27,65.32,992.32,1.63,apta
7_000081.jpg,train,BowTurnHead,99.61,65.25,1170.95,1.93,apta
7_000291.jpg,train,BowTurnHead,98.15,65.27,1172.17,1.89,apta
7_000296.jpg,train,BowTurnHead,97.99,65.2,1161.45,1.9,apta
7_001031.jpg,train,BowTurnHead,102.94,64.94,1132.17,1.83,apta
7_001055.jpg,train,BowTurnHead,101.89,65.19,1145.29,1.85,apta
7_001097.jpg,train,BowTurnHead,102.64,65.03,1217.94,1.97,apta
7_001130.jpg,train,Handrise-Read-write+BowTurnHead,102.54,64.92,1179.14,1.89,apta
8_000339.jpg,train,BowTurnHead,143.36,72.61,493.0,1.0,apta
8_000402.jpg,train,Handrise-Read-write,145.81,73.0,636.34,1.47,apta
8_000440.jpg,train,BowTurnHead,144.21,75.63,810.99,1.73,apta
8_000444.jpg,train,Handrise-Read-write,144.39,76.14,759.36,1.64,apta
8_000679.jpg,train,BowTurnHead,162.35,75.76,204.24,0.57,apta
8_000779.jpg,train,Handrise-Read-write,151.49,67.97,725.99,1.51,apta
8_000789.jpg,train,Handrise-Read-write,151.48,67.52,708.16,1.5,apta
8_000803.jpg,train,Handrise-Read-write+BowTurnHead,151.68,69.91,631.27,1.4,apta
8_000907.jpg,train,Handrise-Read-write+BowTurnHead,144.42,72.09,695.33,1.53,apta
8_001092.jpg,train,Handrise-Read-write+BowTurnHead,146.85,67.08,720.96,1.54,apta
8_001095.jpg,train,Handrise-Read-write+BowTurnHead,146.87,66.82,756.63,1.65,apta
8_001118.jpg,train,Handrise-Read-write+BowTurnHead,147.79,66.04,727.37,1.55,apta
8_001142.jpg,train,Handrise-Read-write+BowTurnHead,151.34,65.23,685.72,1.47,apta
8_001158.jpg,train,Handrise-Read-write+BowTurnHead,148.36,65.97,734.44,1.56,apta
8_001166.jpg,train,Handrise-Read-write+BowTurnHead,149.05,65.04,721.51,1.57,apta
8_001185.jpg,train,Handrise-Read-write+BowTurnHead,149.76,65.15,728.62,1.55,apta
8_001238.jpg,train,BowTurnHead,149.23,65.35,687.24,1.51,apta
8_001272.jpg,train,Handrise-Read-write+BowTurnHead,150.02,65.7,717.87,1.49,apta
8_001296.jpg,train,Handrise-Read-write,151.55,66.67,647.98,1.42,apta
8_001305.jpg,train,Handrise-Read-write+BowTurnHead,150.24,67.22,714.69,1.54,apta
8_001331.jpg,train,Handrise-Read-write+BowTurnHead,152.23,68.55,723.77,1.51,apta
8_001338.jpg,train,Handrise-Read-write+BowTurnHead,151.84,68.78,724.21,1.53,apta
8_001352.jpg,train,Handrise-Read-write+BowTurnHead,151.9,67.95,711.77,1.47,apta
8_001377.jpg,train,Handrise-Read-write+BowTurnHead,152.88,67.82,735.51,1.56,apta
8_001382.jpg,train,Handrise-Read-write+BowTurnHead,152.88,67.9,736.3,1.57,apta
8_001403.jpg,train,Handrise-Read-write,152.16,68.08,735.54,1.57,apta
8_001421.jpg,train,Handrise-Read-write+BowTurnHead,154.44,67.75,733.44,1.53,apta
8_001435.jpg,train,Handrise-Read-write+BowTurnHead,153.66,67.45,707.85,1.47,apta
8_001566.jpg,train,BowTurnHead,140.37,83.2,356.68,0.79,apta
8_001581.jpg,train,Handrise-Read-write+BowTurnHead,143.39,71.45,805.45,1.69,apta
8_001599.jpg,train,Handrise-Read-write+BowTurnHead,155.04,67.98,573.21,1.3,apta
8_001619.jpg,train,Handrise-Read-write,155.42,68.36,614.56,1.36,apta
8_001707.jpg,train,Handrise-Read-write+BowTurnHead,156.38,69.17,569.61,1.29,apta
8_001763.jpg,train,Handrise-Read-write+BowTurnHead,150.64,69.15,550.18,1.24,apta
8_001800.jpg,train,Handrise-Read-write+BowTurnHead,148.22,69.42,673.09,1.48,apta
8_001824.jpg,train,Handrise-Read-write+BowTurnHead,152.55,66.93,529.91,1.28,apta
8_001871.jpg,train,Handrise-Read-write,150.84,69.3,646.88,1.39,apta
8_001908.jpg,train,Handrise-Read-write+BowTurnHead,151.54,69.06,649.26,1.42,apta
8_001930.jpg,train,Handrise-Read-write,151.69,69.13,694.96,1.52,apta
8_001962.jpg,train,Handrise-Read-write+BowTurnHead,154.18,67.71,637.64,1.39,apta
8_001989.jpg,train,Handrise-Read-write+BowTurnHead,153.8,71.71,555.71,1.29,apta
8_002024.jpg,train,Handrise-Read-write+BowTurnHead,141.68,74.13,656.64,1.44,apta
8_002145.jpg,train,BowTurnHead,151.52,73.43,499.53,0.96,apta
8_002157.jpg,train,Handrise-Read-write+BowTurnHead,147.75,67.73,686.91,1.53,apta
8_002183.jpg,train,Handrise-Read-write+BowTurnHead,148.25,67.47,639.51,1.42,apta
8_002190.jpg,train,Handrise-Read-write+BowTurnHead,148.71,67.33,666.5,1.47,apta
8_002207.jpg,train,Handrise-Read-write+BowTurnHead,148.47,67.64,675.97,1.51,apta
8_002238.jpg,train,Handrise-Read-write+BowTurnHead,148.42,68.03,650.26,1.49,apta
8_002282.jpg,train,Handrise-Read-write+BowTurnHead,145.4,68.7,692.12,1.56,apta
8_002339.jpg,train,Handrise-Read-write+BowTurnHead,143.41,68.18,694.69,1.54,apta
8_002381.jpg,train,Handrise-Read-write+BowTurnHead,151.04,66.23,657.49,1.38,apta
9_000142.jpg,train,Handrise-Read-write+BowTurnHead,81.99,52.68,1092.73,2.15,apta
9_000156.jpg,train,Handrise-Read-write+BowTurnHead,81.68,52.96,1139.5,2.23,apta
9_000160.jpg,train,BowTurnHead,81.85,52.87,1128.24,2.2,apta
9_000231.jpg,train,BowTurnHead,70.75,50.35,490.08,1.08,apta
9_000347.jpg,train,BowTurnHead,72.29,52.63,418.17,0.93,apta
9_000350.jpg,train,Handrise-Read-write+BowTurnHead,74.43,52.71,1002.24,1.99,apta
9_000382.jpg,train,Handrise-Read-write+BowTurnHead,75.16,52.4,1022.88,2.1,apta
9_000443.jpg,train,Handrise-Read-write+BowTurnHead,75.32,52.6,1042.38,2.1,apta
9_000749.jpg,train,Handrise-Read-write+BowTurnHead,76.38,52.9,982.84,1.99,apta
9_000762.jpg,train,Handrise-Read-write+BowTurnHead,76.53,52.67,938.62,1.92,apta
9_000839.jpg,train,Handrise-Read-write+BowTurnHead,77.55,53.13,1060.51,2.11,apta
9_000867.jpg,train,Handrise-Read-write+BowTurnHead,78.17,53.68,1055.15,2.09,apta
9_000966.jpg,train,BowTurnHead,72.81,51.42,435.01,0.98,apta
9_000968.jpg,train,Handrise-Read-write+BowTurnHead,74.87,52.44,992.12,1.99,apta
9_001092.jpg,train,Handrise-Read-write+BowTurnHead,76.45,51.82,970.37,1.94,apta
9_001099.jpg,train,Handrise-Read-write+BowTurnHead,74.26,51.82,814.1,1.67,apta
9_001110.jpg,train,Handrise-Read-write+BowTurnHead,75.45,52.52,919.16,1.86,apta
9_001118.jpg,train,Handrise-Read-write+BowTurnHead,76.93,52.89,959.87,1.95,apta
9_001632.jpg,train,Handrise-Read-write+BowTurnHead,74.42,51.55,996.57,2.07,apta
9_001634.jpg,train,Handrise-Read-write+BowTurnHead,73.23,51.81,965.92,1.99,apta
9_002517.jpg,train,Handrise-Read-write+BowTurnHead,75.1,52.25,947.48,1.95,apta
9_002528.jpg,train,Handrise-Read-write+BowTurnHead,74.35,51.61,976.56,2.05,apta
9_002548.jpg,train,Handrise-Read-write+BowTurnHead,74.87,51.61,983.18,2.05,apta
